model,MAE,RMSE,MAPE,MASE
Naive,0.5066666666666663,0.6836178269569433,0.005069144239571752,1.0
Ridge,0.2350720187484967,0.303642774016779,0.002350883008982239,0.4639579317404544
RandomForest,0.22489494610584776,0.2913475127354835,0.0022462769892304664,0.4438716041562788
SVR,0.22068921200748642,0.28088514103135465,0.0022053988306198467,0.43557081317267093
XGBoost,0.21650248209635425,0.29546478361538714,0.0021619706913756846,0.4273075304533311
SARIMAX,0.34296995018165954,0.45106442919571954,0.003431764511667725,0.6769143753585392
