model,num_train_targets,num_train_pairs,alpha,val_mae,val_rmse,test_mae,test_rmse
siamese_frozen,189,972,10.0,0.3728490424497194,0.46596373801318103,0.29560059941144556,0.3915248950330797
ordinary_full_212,212,0,10.0,0.3895689216492634,0.49421276158336563,0.2798327345736299,0.3552342350122483
ordinary_matched_189,189,0,10.0,0.40788287350054114,0.5123568359084397,0.32043943857437707,0.3966221649405542
