split,num_targets,mae,rmse
train,212,0.3049211795849643,0.4012050605261215
val,45,0.3895689216492627,0.49421276158336397
test,47,0.279832734573629,0.3552342350122473
