alpha,mae,rmse
0.0,3.80100167306286,15.394387209534214
1e-06,3.4571754727368695,13.264913762907051
0.0001,1.0915849937309594,1.8114060977034656
0.01,0.637418350035149,0.9133169921433196
0.1,0.448308675129566,0.5770185835345
1.0,0.395717611931807,0.4983650851514082
10.0,0.3895689216492627,0.49421276158336397
100.0,0.4269154642848854,0.5442903942402804
