model,split,num_targets,mae,rmse
ordinary_optical_reservoir,train,212,0.3049211795849643,0.4012050605261215
ordinary_optical_reservoir,val,45,0.3895689216492627,0.49421276158336397
ordinary_optical_reservoir,test,47,0.279832734573629,0.3552342350122473
siamese_optical_reservoir,train,189,0.3355468460815974,0.4353315934490234
siamese_optical_reservoir,val,45,0.3831163284617196,0.4752752581115175
siamese_optical_reservoir,test,47,0.330009002242628,0.4260872341061892
