pair_id,sample_i_id,sample_j_id,x_i_start_date,x_i_end_date,target_i_date,x_j_start_date,x_j_end_date,target_j_date,cpi_i,cpi_j,delta_cpi,window_distance,delta_bin,selection_method,similar_label,delta_cpi_predicted,cpi_pred_pair,delta_error
0,23,0,2001-12,2002-11,2002-12,2000-01,2000-12,2001-01,99.8,100.5,-0.7,1.171696,medium,delta_stratified_train_only,0,-0.7531868526283969,99.7468131473716,-0.05318685262839695
1,24,1,2002-01,2002-12,2003-01,2000-02,2001-01,2001-02,100.1,100.6,-0.5,1.079563,medium,delta_stratified_train_only,0,-0.6013749799725345,99.99862502002746,-0.10137497997253453
2,24,0,2002-01,2002-12,2003-01,2000-01,2000-12,2001-01,100.1,100.5,-0.4,0.660904,medium,delta_stratified_train_only,0,-0.5009106881471117,99.99908931185288,-0.10091068814711168
3,25,2,2002-02,2003-01,2003-02,2000-03,2001-02,2001-03,100.3,100.7,-0.4,0.97799,medium,delta_stratified_train_only,1,-0.2628988222285308,100.43710117777147,0.13710117777146924
4,25,0,2002-02,2003-01,2003-02,2000-01,2000-12,2001-01,100.3,100.5,-0.2,0.318611,medium,delta_stratified_train_only,1,-0.07801403776121751,100.42198596223878,0.1219859622387825
5,26,0,2002-03,2003-02,2003-03,2000-01,2000-12,2001-01,100.6,100.5,0.1,0.324422,medium,delta_stratified_train_only,0,-0.009514373816941424,100.49048562618306,-0.10951437381694143
6,26,2,2002-03,2003-02,2003-03,2000-03,2001-02,2001-03,100.6,100.7,-0.1,0.726477,medium,delta_stratified_train_only,0,-0.1943991582842548,100.50560084171575,-0.0943991582842548
7,27,0,2002-04,2003-03,2003-04,2000-01,2000-12,2001-01,100.6,100.5,0.1,0.491311,medium,delta_stratified_train_only,1,0.3429024696453109,100.84290246964531,0.2429024696453109
8,27,3,2002-04,2003-03,2003-04,2000-04,2001-03,2001-04,100.6,101.3,-0.7,0.696283,medium,delta_stratified_train_only,0,-0.03664437536504617,101.26335562463495,0.6633556246349538
9,27,4,2002-04,2003-03,2003-04,2000-05,2001-04,2001-05,100.6,101.4,-0.8,0.663316,small,delta_stratified_train_only,0,-0.5962356381061846,100.80376436189383,0.20376436189381542
10,28,1,2002-05,2003-04,2003-05,2000-02,2001-01,2001-02,100.4,100.6,-0.2,0.488318,medium,delta_stratified_train_only,1,0.1950139325760088,100.795013932576,0.3950139325760088
11,28,0,2002-05,2003-04,2003-05,2000-01,2000-12,2001-01,100.4,100.5,-0.1,0.547307,medium,delta_stratified_train_only,1,0.2954782244014315,100.79547822440144,0.39547822440143154
12,28,3,2002-05,2003-04,2003-05,2000-04,2001-03,2001-04,100.4,101.3,-0.9,0.569835,small,delta_stratified_train_only,0,-0.08406862060892539,101.21593137939107,0.8159313793910746
13,28,4,2002-05,2003-04,2003-05,2000-05,2001-04,2001-05,100.4,101.4,-1.0,0.636955,small,delta_stratified_train_only,0,-0.6436598833500637,100.75634011664994,0.35634011664993626
14,29,0,2002-06,2003-05,2003-06,2000-01,2000-12,2001-01,100.4,100.5,-0.1,0.632675,medium,delta_stratified_train_only,1,-0.11459603657483197,100.38540396342516,-0.014596036574831966
15,29,1,2002-06,2003-05,2003-06,2000-02,2001-01,2001-02,100.4,100.6,-0.2,0.480495,medium,delta_stratified_train_only,1,-0.21506032840025469,100.38493967159974,-0.015060328400254674
16,29,5,2002-06,2003-05,2003-06,2000-06,2001-05,2001-06,100.4,101.2,-0.8,0.667294,small,delta_stratified_train_only,0,-0.9808951116327207,100.21910488836728,-0.18089511163272065
17,29,3,2002-06,2003-05,2003-06,2000-04,2001-03,2001-04,100.4,101.3,-0.9,0.508215,small,delta_stratified_train_only,0,-0.49414288158518893,100.8058571184148,0.4058571184148111
18,30,0,2002-07,2003-06,2003-07,2000-01,2000-12,2001-01,100.4,100.5,-0.1,0.773159,medium,delta_stratified_train_only,1,0.11334840106192073,100.61334840106193,0.21334840106192074
19,30,1,2002-07,2003-06,2003-07,2000-02,2001-01,2001-02,100.4,100.6,-0.2,0.583348,medium,delta_stratified_train_only,1,0.012884109236497798,100.61288410923649,0.2128841092364978
20,30,3,2002-07,2003-06,2003-07,2000-04,2001-03,2001-04,100.4,101.3,-0.9,0.477653,small,delta_stratified_train_only,0,-0.2661984439484364,101.03380155605156,0.6338015560515636
21,30,5,2002-07,2003-06,2003-07,2000-06,2001-05,2001-06,100.4,101.2,-0.8,0.698457,small,delta_stratified_train_only,0,-0.7529506739959679,100.44704932600403,0.04704932600403211
22,31,2,2002-08,2003-07,2003-08,2000-03,2001-02,2001-03,100.9,100.7,0.2,0.565772,medium,delta_stratified_train_only,1,-0.16529119142748727,100.53470880857252,-0.3652911914274873
23,31,1,2002-08,2003-07,2003-08,2000-02,2001-01,2001-02,100.9,100.6,0.3,0.719288,medium,delta_stratified_train_only,1,-0.0808706987855965,100.51912930121439,-0.3808706987855965
24,32,9,2002-09,2003-08,2003-09,2000-10,2001-09,2001-10,101.6,99.8,1.8,1.336734,large,delta_stratified_train_only,0,1.1580981295218096,100.9580981295218,-0.6419018704781905
25,32,7,2002-09,2003-08,2003-09,2000-08,2001-07,2001-08,101.6,100.4,1.2,0.823977,medium,delta_stratified_train_only,1,0.16271446619109087,100.5627144661911,-1.037285533808909
26,32,3,2002-09,2003-08,2003-09,2000-04,2001-03,2001-04,101.6,101.3,0.3,0.57683,medium,delta_stratified_train_only,0,0.1590876048317459,101.45908760483174,-0.1409123951682541
27,33,8,2002-10,2003-09,2003-10,2000-09,2001-08,2001-09,102.0,100.0,2.0,1.27233,large,delta_stratified_train_only,0,1.777690962325949,101.77769096232595,-0.22230903767405108
28,33,9,2002-10,2003-09,2003-10,2000-10,2001-09,2001-10,102.0,99.8,2.2,1.563226,large,delta_stratified_train_only,0,2.0110491818090765,101.81104918180907,-0.18895081819092363
29,33,3,2002-10,2003-09,2003-10,2000-04,2001-03,2001-04,102.0,101.3,0.7,0.735564,medium,delta_stratified_train_only,0,1.012038657119013,102.312038657119,0.312038657119013
30,33,2,2002-10,2003-09,2003-10,2000-03,2001-02,2001-03,102.0,100.7,1.3,0.849793,medium,delta_stratified_train_only,1,1.206700717662056,101.90670071766206,-0.09329928233794393
31,34,0,2002-11,2003-10,2003-11,2000-01,2000-12,2001-01,102.4,100.5,1.9,0.565528,large,delta_stratified_train_only,1,1.5244374779687515,102.02443747796875,-0.3755625220312484
32,34,8,2002-11,2003-10,2003-11,2000-09,2001-08,2001-09,102.4,100.0,2.4,1.353003,large,delta_stratified_train_only,0,1.910542938165331,101.91054293816534,-0.48945706183466897
33,34,4,2002-11,2003-10,2003-11,2000-05,2001-04,2001-05,102.4,101.4,1.0,0.660135,medium,delta_stratified_train_only,0,0.5852993702172561,101.98529937021726,-0.4147006297827439
34,34,5,2002-11,2003-10,2003-11,2000-06,2001-05,2001-06,102.4,101.2,1.2,0.438165,medium,delta_stratified_train_only,0,0.658138402910863,101.85813840291087,-0.541861597089137
35,35,2,2002-12,2003-11,2003-12,2000-03,2001-02,2001-03,102.7,100.7,2.0,0.732932,large,delta_stratified_train_only,1,1.7315210803388374,102.43152108033884,-0.26847891966116255
36,35,1,2002-12,2003-11,2003-12,2000-02,2001-01,2001-02,102.7,100.6,2.1,0.583828,large,delta_stratified_train_only,1,1.815941572980728,102.41594157298073,-0.2840584270192721
37,35,4,2002-12,2003-11,2003-12,2000-05,2001-04,2001-05,102.7,101.4,1.3,0.767825,medium,delta_stratified_train_only,0,0.9772677570546555,102.37726775705467,-0.3227322429453445
38,35,3,2002-12,2003-11,2003-12,2000-04,2001-03,2001-04,102.7,101.3,1.4,0.876002,medium,delta_stratified_train_only,0,1.536859019795794,102.8368590197958,0.13685901979579418
39,36,7,2003-01,2003-12,2004-01,2000-08,2001-07,2001-08,102.6,100.4,2.2,0.729271,large,delta_stratified_train_only,1,1.7703407363268817,102.17034073632689,-0.42965926367311846
40,36,13,2003-01,2003-12,2004-01,2001-02,2002-01,2002-02,102.6,99.2,3.4,1.925677,large,delta_stratified_train_only,0,3.6136110171076608,102.81361101710766,0.21361101710766084
41,36,5,2003-01,2003-12,2004-01,2000-06,2001-05,2001-06,102.6,101.2,1.4,0.679674,medium,delta_stratified_train_only,0,1.2799616449200053,102.47996164492001,-0.12003835507999461
42,36,3,2003-01,2003-12,2004-01,2000-04,2001-03,2001-04,102.6,101.3,1.3,0.75429,medium,delta_stratified_train_only,0,1.7667138749675368,103.06671387496753,0.4667138749675368
43,37,2,2003-02,2004-01,2004-02,2000-03,2001-02,2001-03,102.8,100.7,2.1,0.533819,large,delta_stratified_train_only,1,1.988413386203831,102.68841338620383,-0.11158661379616919
44,37,0,2003-02,2004-01,2004-02,2000-01,2000-12,2001-01,102.8,100.5,2.3,0.568951,large,delta_stratified_train_only,1,2.1732981706711447,102.67329817067115,-0.1267018293288551
45,37,5,2003-02,2004-01,2004-02,2000-06,2001-05,2001-06,102.8,101.2,1.6,0.714905,medium,delta_stratified_train_only,0,1.3069990956132558,102.50699909561325,-0.2930009043867443
46,37,4,2003-02,2004-01,2004-02,2000-05,2001-04,2001-05,102.8,101.4,1.4,0.707515,medium,delta_stratified_train_only,0,1.2341600629196487,102.63416006291965,-0.16583993708035116
47,38,7,2003-03,2004-02,2004-03,2000-08,2001-07,2001-08,103.1,100.4,2.7,0.765541,large,delta_stratified_train_only,1,1.9688394857571205,102.36883948575712,-0.7311605142428796
48,38,5,2003-03,2004-02,2004-03,2000-06,2001-05,2001-06,103.1,101.2,1.9,0.669377,large,delta_stratified_train_only,0,1.4784603943502441,102.67846039435025,-0.4215396056497558
49,39,13,2003-04,2004-03,2004-04,2001-02,2002-01,2002-02,103.8,99.2,4.6,1.957202,large,delta_stratified_train_only,0,4.230549995467129,103.43054999546713,-0.3694500045328706
50,39,1,2003-04,2004-03,2004-04,2000-02,2001-01,2001-02,103.8,100.6,3.2,0.585216,large,delta_stratified_train_only,1,2.6627354065119393,103.26273540651194,-0.5372645934880609
51,40,8,2003-05,2004-04,2004-05,2000-09,2001-08,2001-09,104.4,100.0,4.4,1.11571,large,delta_stratified_train_only,0,4.032705823278024,104.03270582327802,-0.36729417672197595
52,40,7,2003-05,2004-04,2004-05,2000-08,2001-07,2001-08,104.4,100.4,4.0,0.789459,large,delta_stratified_train_only,1,3.2706803794304333,103.67068037943044,-0.7293196205695667
53,41,16,2003-06,2004-05,2004-06,2001-05,2002-04,2002-05,104.7,98.8,5.9,1.985595,large,delta_stratified_train_only,0,5.749013136995171,104.54901313699517,-0.150986863004829
54,41,6,2003-06,2004-05,2004-06,2000-07,2001-06,2001-07,104.7,100.8,3.9,0.456583,large,delta_stratified_train_only,0,3.2394488230976757,104.03944882309767,-0.6605511769023242
55,42,4,2003-07,2004-06,2004-07,2000-05,2001-04,2001-05,105.1,101.4,3.7,0.606268,large,delta_stratified_train_only,0,3.300343356562583,104.70034335656258,-0.39965664343741736
56,42,0,2003-07,2004-06,2004-07,2000-01,2000-12,2001-01,105.1,100.5,4.6,0.617332,large,delta_stratified_train_only,0,4.239481464314078,104.73948146431408,-0.3605185356859213
57,43,17,2003-08,2004-07,2004-08,2001-06,2002-05,2002-06,105.0,99.0,6.0,1.964392,large,delta_stratified_train_only,0,5.996167965857848,104.99616796585785,-0.003832034142152274
58,43,8,2003-08,2004-07,2004-08,2000-09,2001-08,2001-09,105.0,100.0,5.0,1.087626,large,delta_stratified_train_only,0,4.820543859298755,104.82054385929875,-0.17945614070124538
59,44,19,2003-09,2004-08,2004-09,2001-08,2002-07,2002-08,104.2,99.1,5.1,1.937325,large,delta_stratified_train_only,0,5.424057195550216,104.52405719555021,0.3240571955502167
60,44,3,2003-09,2004-08,2004-09,2000-04,2001-03,2001-04,104.2,101.3,2.9,0.518818,large,delta_stratified_train_only,0,3.737492849524994,105.037492849525,0.837492849524994
61,45,11,2003-10,2004-09,2004-10,2000-12,2001-11,2001-12,103.8,99.3,4.5,1.759124,large,delta_stratified_train_only,0,4.494553976891281,103.79455397689128,-0.005446023108718556
62,45,12,2003-10,2004-09,2004-10,2001-01,2001-12,2002-01,103.8,99.3,4.5,1.851183,large,delta_stratified_train_only,0,4.652278272339267,103.95227827233927,0.1522782723392666
63,46,15,2003-11,2004-10,2004-11,2001-04,2002-03,2002-04,103.2,98.8,4.4,1.945763,large,delta_stratified_train_only,0,4.824253406765925,103.62425340676592,0.42425340676592427
64,46,7,2003-11,2004-10,2004-11,2000-08,2001-07,2001-08,103.2,100.4,2.8,0.705129,large,delta_stratified_train_only,0,2.7736014753199347,103.17360147531994,-0.026398524680065094
65,47,18,2003-12,2004-11,2004-12,2001-07,2002-06,2002-07,102.7,99.0,3.7,1.841802,large,delta_stratified_train_only,0,3.7288635283362686,102.72886352833626,0.028863528336268374
66,47,12,2003-12,2004-11,2004-12,2001-01,2001-12,2002-01,102.7,99.3,3.4,1.463707,large,delta_stratified_train_only,0,3.536126914205399,102.8361269142054,0.1361269142053989
67,47,4,2003-12,2004-11,2004-12,2000-05,2001-04,2001-05,102.7,101.4,1.3,1.035339,medium,delta_stratified_train_only,0,1.4820574746355866,102.88205747463559,0.18205747463558652
68,47,5,2003-12,2004-11,2004-12,2000-06,2001-05,2001-06,102.7,101.2,1.5,1.136243,medium,delta_stratified_train_only,0,1.5548965073291936,102.75489650732919,0.0548965073291936
69,48,12,2004-01,2004-12,2005-01,2001-01,2001-12,2002-01,102.8,99.3,3.5,1.072714,large,delta_stratified_train_only,0,3.2193659037999947,102.5193659038,-0.28063409620000535
70,48,13,2004-01,2004-12,2005-01,2001-02,2002-01,2002-02,102.8,99.2,3.6,1.33669,large,delta_stratified_train_only,0,3.571784869111444,102.77178486911144,-0.028215130888555873
71,48,4,2004-01,2004-12,2005-01,2000-05,2001-04,2001-05,102.8,101.4,1.4,1.283172,medium,delta_stratified_train_only,0,1.1652964642301824,102.56529646423019,-0.2347035357698175
72,48,5,2004-01,2004-12,2005-01,2000-06,2001-05,2001-06,102.8,101.2,1.6,1.370958,medium,delta_stratified_train_only,0,1.2381354969237894,102.43813549692379,-0.36186450307621065
73,49,14,2004-02,2005-01,2005-02,2001-03,2002-02,2002-03,102.7,99.1,3.6,1.19912,large,delta_stratified_train_only,0,3.4268387143539183,102.52683871435391,-0.1731612856460818
74,49,12,2004-02,2005-01,2005-02,2001-01,2001-12,2002-01,102.7,99.3,3.4,0.673674,large,delta_stratified_train_only,0,3.141792023519015,102.44179202351901,-0.25820797648098504
75,49,5,2004-02,2005-01,2005-02,2000-06,2001-05,2001-06,102.7,101.2,1.5,1.545825,medium,delta_stratified_train_only,0,1.1605616166428099,102.36056161664281,-0.3394383833571901
76,49,4,2004-02,2005-01,2005-02,2000-05,2001-04,2001-05,102.7,101.4,1.3,1.49879,medium,delta_stratified_train_only,0,1.0877225839492035,102.4877225839492,-0.21227741605079653
77,50,25,2004-03,2005-02,2005-03,2002-02,2003-01,2003-02,102.9,100.3,2.6,1.886321,large,delta_stratified_train_only,0,1.9493069498018685,102.24930694980186,-0.6506930501981316
78,50,6,2004-03,2005-02,2005-03,2000-07,2001-06,2001-07,102.9,100.8,2.1,1.68963,large,delta_stratified_train_only,0,1.0865858554081937,101.88658585540819,-1.0134141445918063
79,50,3,2004-03,2005-02,2005-03,2000-04,2001-03,2001-04,102.9,101.3,1.6,1.702618,medium,delta_stratified_train_only,0,1.4752287270412454,102.77522872704124,-0.12477127295875468
80,50,4,2004-03,2005-02,2005-03,2000-05,2001-04,2001-05,102.9,101.4,1.5,1.70926,medium,delta_stratified_train_only,0,0.915637464300107,102.31563746430011,-0.584362535699893
81,51,25,2004-04,2005-03,2005-04,2002-02,2003-01,2003-02,102.2,100.3,1.9,1.859512,large,delta_stratified_train_only,0,1.9862844104256803,102.28628441042568,0.08628441042568036
82,51,18,2004-04,2005-03,2005-04,2001-07,2002-06,2002-07,102.2,99.0,3.2,0.884556,large,delta_stratified_train_only,0,3.1994209786246,102.1994209786246,-0.0005790213754002238
83,51,1,2004-04,2005-03,2005-04,2000-02,2001-01,2001-02,102.2,100.6,1.6,1.890893,medium,delta_stratified_train_only,0,1.7912887408499916,102.39128874084999,0.19128874084999148
84,51,5,2004-04,2005-03,2005-04,2000-06,2001-05,2001-06,102.2,101.2,1.0,1.823057,medium,delta_stratified_train_only,0,1.0254539576175257,102.22545395761753,0.02545395761752567
85,52,13,2004-05,2005-04,2005-05,2001-02,2002-01,2002-02,101.7,99.2,2.5,0.425028,large,delta_stratified_train_only,0,2.5648445870809837,101.76484458708099,0.06484458708098373
86,52,16,2004-05,2005-04,2005-05,2001-05,2002-04,2002-05,101.7,98.8,2.9,0.46046,large,delta_stratified_train_only,1,2.8388688872053036,101.6388688872053,-0.061131112794696296
87,52,2,2004-05,2005-04,2005-05,2000-03,2001-02,2001-03,101.7,100.7,1.0,1.907168,medium,delta_stratified_train_only,0,0.9126095054839041,101.6126095054839,-0.08739049451609593
88,52,6,2004-05,2005-04,2005-05,2000-07,2001-06,2001-07,101.7,100.8,0.9,1.863683,medium,delta_stratified_train_only,0,0.3293045733078086,101.1293045733078,-0.5706954266921914
89,53,23,2004-06,2005-05,2005-06,2001-12,2002-11,2002-12,101.6,99.8,1.8,1.371589,large,delta_stratified_train_only,0,1.5955312303785616,101.39553123037855,-0.20446876962143845
90,53,16,2004-06,2005-05,2005-06,2001-05,2002-04,2002-05,101.6,98.8,2.8,0.273719,large,delta_stratified_train_only,1,2.567201635015203,101.3672016350152,-0.2327983649847969
91,53,25,2004-06,2005-05,2005-06,2002-02,2003-01,2003-02,101.6,100.3,1.3,1.84104,medium,delta_stratified_train_only,0,0.9203584155113823,101.22035841551138,-0.37964158448861773
92,53,0,2004-06,2005-05,2005-06,2000-01,2000-12,2001-01,101.6,100.5,1.1,1.880377,medium,delta_stratified_train_only,0,0.8258270377611164,101.32582703776112,-0.27417296223888366
93,54,10,2004-07,2005-06,2005-07,2000-11,2001-10,2001-11,101.4,99.5,1.9,1.15696,large,delta_stratified_train_only,0,1.4763644832574627,100.97636448325747,-0.4236355167425372
94,54,11,2004-07,2005-06,2005-07,2000-12,2001-11,2001-12,101.4,99.3,2.1,1.080455,large,delta_stratified_train_only,0,1.7163580823046696,101.01635808230466,-0.3836419176953305
95,54,8,2004-07,2005-06,2005-07,2000-09,2001-08,2001-09,101.4,100.0,1.4,1.655612,medium,delta_stratified_train_only,0,1.145256506130917,101.14525650613092,-0.2547434938690829
96,54,27,2004-07,2005-06,2005-07,2002-04,2003-03,2003-04,101.4,100.6,0.8,1.924727,medium,delta_stratified_train_only,0,0.43276591627807526,101.03276591627807,-0.3672340837219248
97,55,18,2004-08,2005-07,2005-08,2001-07,2002-06,2002-07,101.1,99.0,2.1,0.263915,large,delta_stratified_train_only,0,1.9584662249460822,100.95846622494608,-0.14153377505391784
98,55,15,2004-08,2005-07,2005-08,2001-04,2002-03,2002-04,101.1,98.8,2.3,0.402943,large,delta_stratified_train_only,1,2.325530226791874,101.12553022679187,0.025530226791874
99,55,2,2004-08,2005-07,2005-08,2000-03,2001-02,2001-03,101.1,100.7,0.4,1.91264,medium,delta_stratified_train_only,0,0.46591349452958264,101.16591349452959,0.06591349452958262
100,55,24,2004-08,2005-07,2005-08,2002-01,2002-12,2003-01,101.1,100.1,1.0,1.609455,medium,delta_stratified_train_only,0,1.1682263071330565,101.26822630713305,0.16822630713305653
101,56,21,2004-09,2005-08,2005-09,2001-10,2002-09,2002-10,101.0,99.1,1.9,0.797986,large,delta_stratified_train_only,1,2.2953173778243308,101.39531737782433,0.39531737782433085
102,56,20,2004-09,2005-08,2005-09,2001-09,2002-08,2002-09,101.0,99.1,1.9,0.543715,large,delta_stratified_train_only,1,2.150751613523542,101.25075161352353,0.2507516135235419
103,56,25,2004-09,2005-08,2005-09,2002-02,2003-01,2003-02,101.0,100.3,0.7,1.819768,medium,delta_stratified_train_only,0,1.0690082970010302,101.36900829700103,0.3690082970010302
104,56,32,2004-09,2005-08,2005-09,2002-09,2003-08,2003-09,101.0,101.6,-0.6,1.924749,medium,delta_stratified_train_only,0,0.45235980939771,102.0523598093977,1.05235980939771
105,56,33,2004-09,2005-08,2005-09,2002-10,2003-09,2003-10,101.0,102.0,-1.0,1.935642,small,delta_stratified_train_only,0,-0.4005912428895566,101.59940875711044,0.5994087571104434
106,57,17,2004-10,2005-09,2005-10,2001-06,2002-05,2002-06,101.0,99.0,2.0,0.405467,large,delta_stratified_train_only,1,1.9780469041803852,100.97804690418039,-0.0219530958196148
107,57,16,2004-10,2005-09,2005-10,2001-05,2002-04,2002-05,101.0,98.8,2.2,0.391207,large,delta_stratified_train_only,1,2.157691934678799,100.95769193467879,-0.04230806532120113
108,57,10,2004-10,2005-09,2005-10,2000-11,2001-10,2001-11,101.0,99.5,1.5,1.014106,medium,delta_stratified_train_only,0,1.1335307747478374,100.63353077474784,-0.36646922525216263
109,57,32,2004-10,2005-09,2005-10,2002-09,2003-08,2003-09,101.0,101.6,-0.6,1.91723,medium,delta_stratified_train_only,0,-0.1057997724283416,101.49420022757165,0.4942002275716584
110,57,33,2004-10,2005-09,2005-10,2002-10,2003-09,2003-10,101.0,102.0,-1.0,1.913738,small,delta_stratified_train_only,0,-0.9587508247156087,101.04124917528439,0.041249175284391315
111,57,34,2004-10,2005-09,2005-10,2002-11,2003-10,2003-11,101.0,102.4,-1.4,1.919264,small,delta_stratified_train_only,0,-1.09160280055499,101.30839719944501,0.3083971994450099
112,58,20,2004-11,2005-10,2005-11,2001-09,2002-08,2002-09,101.3,99.1,2.2,0.623801,large,delta_stratified_train_only,1,1.4883423475868989,100.58834234758689,-0.7116576524131013
113,58,18,2004-11,2005-10,2005-11,2001-07,2002-06,2002-07,101.3,99.0,2.3,0.484487,large,delta_stratified_train_only,0,1.6197355992633078,100.61973559926331,-0.680264400736692
114,58,1,2004-11,2005-10,2005-11,2000-02,2001-01,2001-02,101.3,100.6,0.7,1.90831,medium,delta_stratified_train_only,0,0.21160336148869857,100.8116033614887,-0.4883966385113014
115,58,31,2004-11,2005-10,2005-11,2002-08,2003-07,2003-08,101.3,100.9,0.4,1.940824,medium,delta_stratified_train_only,0,0.3089914002633437,101.20899140026334,-0.09100859973665631
116,58,34,2004-11,2005-10,2005-11,2002-11,2003-10,2003-11,101.3,102.4,-1.1,1.887822,small,delta_stratified_train_only,0,-1.1958524846655818,101.20414751533443,-0.09585248466558172
117,58,35,2004-11,2005-10,2005-11,2002-12,2003-11,2003-12,101.3,102.7,-1.4,1.903326,small,delta_stratified_train_only,0,-1.5878208715029813,101.11217912849702,-0.18782087150298143
118,59,17,2004-12,2005-11,2005-12,2001-06,2002-05,2002-06,101.4,99.0,2.4,0.45904,large,delta_stratified_train_only,0,2.364114246808415,101.36411424680841,-0.035885753191585046
119,59,14,2004-12,2005-11,2005-12,2001-03,2002-02,2002-03,101.4,99.1,2.3,0.293363,large,delta_stratified_train_only,0,2.2023627027059622,101.30236270270596,-0.09763729729403758
120,59,31,2004-12,2005-11,2005-12,2002-08,2003-07,2003-08,101.4,100.9,0.5,1.971539,medium,delta_stratified_train_only,0,0.7993084270019647,101.69930842700197,0.2993084270019647
121,59,24,2004-12,2005-11,2005-12,2002-01,2002-12,2003-01,101.4,100.1,1.3,1.653465,medium,delta_stratified_train_only,0,1.3198127081889028,101.4198127081889,0.019812708188902795
122,59,36,2004-12,2005-11,2005-12,2003-01,2003-12,2004-01,101.4,102.6,-1.2,1.869988,small,delta_stratified_train_only,0,-1.327358699936103,101.2726413000639,-0.12735869993610294
123,59,34,2004-12,2005-11,2005-12,2002-11,2003-10,2003-11,101.4,102.4,-1.0,1.84361,small,delta_stratified_train_only,0,-0.7055354579269604,101.69446454207305,0.2944645420730396
124,60,16,2005-01,2005-12,2006-01,2001-05,2002-04,2002-05,101.9,98.8,3.1,0.357467,large,delta_stratified_train_only,0,2.4116790138860855,101.21167901388608,-0.6883209861139146
125,60,19,2005-01,2005-12,2006-01,2001-08,2002-07,2002-08,101.9,99.1,2.8,0.343985,large,delta_stratified_train_only,0,1.9773219176468657,101.07732191764686,-0.8226780823531341
126,60,6,2005-01,2005-12,2006-01,2000-07,2001-06,2001-07,101.9,100.8,1.1,1.879962,medium,delta_stratified_train_only,0,-0.09788530001140905,100.70211469998858,-1.1978853000114091
127,60,36,2005-01,2005-12,2006-01,2003-01,2003-12,2004-01,101.9,102.6,-0.7,1.794029,medium,delta_stratified_train_only,0,-1.4594389633568456,101.14056103664315,-0.7594389633568457
128,60,37,2005-01,2005-12,2006-01,2003-02,2004-01,2004-02,101.9,102.8,-0.9,1.845565,small,delta_stratified_train_only,0,-1.4864764140500963,101.3135235859499,-0.5864764140500963
129,60,35,2005-01,2005-12,2006-01,2002-12,2003-11,2003-12,101.9,102.7,-0.8,1.785093,small,delta_stratified_train_only,0,-1.2295841081851029,101.4704158918149,-0.42958410818510284
130,61,13,2005-02,2006-01,2006-02,2001-02,2002-01,2002-02,100.9,99.2,1.7,1.123512,large,delta_stratified_train_only,0,3.0372816543983587,102.23728165439836,1.3372816543983588
131,61,20,2005-02,2006-01,2006-02,2001-09,2002-08,2002-09,100.9,99.1,1.8,0.366535,large,delta_stratified_train_only,1,2.7462060515413693,101.84620605154136,0.9462060515413693
132,61,2,2005-02,2006-01,2006-02,2000-03,2001-02,2001-03,100.9,100.7,0.2,1.846486,medium,delta_stratified_train_only,0,1.3850465728012789,102.08504657280128,1.185046572801279
133,61,23,2005-02,2006-01,2006-02,2001-12,2002-11,2002-12,100.9,99.8,1.1,0.91283,medium,delta_stratified_train_only,0,2.3396355498860375,102.13963554988604,1.2396355498860374
134,61,36,2005-02,2006-01,2006-02,2003-01,2003-12,2004-01,100.9,102.6,-1.7,1.640073,small,delta_stratified_train_only,0,-0.5598120227202534,102.04018797727974,1.1401879772797465
135,61,37,2005-02,2006-01,2006-02,2003-02,2004-01,2004-02,100.9,102.8,-1.9,1.695459,small,delta_stratified_train_only,0,-0.5868494734135035,102.21315052658649,1.3131505265864964
136,62,21,2005-03,2006-02,2006-03,2001-10,2002-09,2002-10,100.8,99.1,1.7,0.474276,large,delta_stratified_train_only,1,1.5147187782549973,100.614718778255,-0.1852812217450026
137,62,20,2005-03,2006-02,2006-03,2001-09,2002-08,2002-09,100.8,99.1,1.7,0.621623,large,delta_stratified_train_only,1,1.3701530139542084,100.4701530139542,-0.32984698604579155
138,62,8,2005-03,2006-02,2006-03,2000-09,2001-08,2001-09,100.8,100.0,0.8,1.698065,medium,delta_stratified_train_only,0,0.5799837798780102,100.579983779878,-0.22001622012198985
139,62,1,2005-03,2006-02,2006-03,2000-02,2001-01,2001-02,100.8,100.6,0.2,1.589112,medium,delta_stratified_train_only,0,0.09341402785600805,100.69341402785601,-0.10658597214399196
140,62,37,2005-03,2006-02,2006-03,2003-02,2004-01,2004-02,100.8,102.8,-2.0,1.636498,small,delta_stratified_train_only,0,-1.9629025110006648,100.83709748899933,0.03709748899933518
141,62,36,2005-03,2006-02,2006-03,2003-01,2003-12,2004-01,100.8,102.6,-1.8,1.63224,small,delta_stratified_train_only,0,-1.935865060307415,100.66413493969257,-0.13586506030741496
142,63,16,2005-04,2006-03,2006-04,2001-05,2002-04,2002-05,101.2,98.8,2.4,0.821285,large,delta_stratified_train_only,0,2.057468220358678,100.85746822035867,-0.34253177964132187
143,63,19,2005-04,2006-03,2006-04,2001-08,2002-07,2002-08,101.2,99.1,2.1,0.91655,large,delta_stratified_train_only,0,1.6231111241194576,100.72311112411946,-0.4768888758805425
144,63,31,2005-04,2006-03,2006-04,2002-08,2003-07,2003-08,101.2,100.9,0.3,1.766664,medium,delta_stratified_train_only,0,0.3130173700538139,101.21301737005382,0.013017370053813926
145,63,24,2005-04,2006-03,2006-04,2002-01,2002-12,2003-01,101.2,100.1,1.1,1.534189,medium,delta_stratified_train_only,0,0.8335216512407524,100.93352165124075,-0.2664783487592477
146,63,33,2005-04,2006-03,2006-04,2002-10,2003-09,2003-10,101.2,102.0,-0.8,1.918563,small,delta_stratified_train_only,0,-1.0589745390357295,100.94102546096427,-0.2589745390357294
147,63,34,2005-04,2006-03,2006-04,2002-11,2003-10,2003-11,101.2,102.4,-1.2,1.84933,small,delta_stratified_train_only,0,-1.1918265148751113,101.20817348512489,0.00817348512488869
148,64,11,2005-05,2006-04,2006-05,2000-12,2001-11,2001-12,101.4,99.3,2.1,1.339976,large,delta_stratified_train_only,0,1.9139755634929025,101.2139755634929,-0.18602443650709755
149,64,18,2005-05,2006-04,2006-05,2001-07,2002-06,2002-07,101.4,99.0,2.4,0.969168,large,delta_stratified_train_only,0,2.2644364730717568,101.26443647307175,-0.13556352692824314
150,64,0,2005-05,2006-04,2006-05,2000-01,2000-12,2001-01,101.4,100.5,0.9,1.672045,medium,delta_stratified_train_only,0,0.9567685271225705,101.45676852712258,0.05676852712257052
151,64,32,2005-05,2006-04,2006-05,2002-09,2003-08,2003-09,101.4,101.6,-0.2,1.671277,medium,delta_stratified_train_only,0,0.43465141726951595,102.03465141726952,0.6346514172695159
152,64,40,2005-05,2006-04,2006-05,2003-05,2004-04,2004-05,101.4,104.4,-3.0,1.65085,small,delta_stratified_train_only,0,-2.6733144959698265,101.72668550403017,0.3266855040301735
153,64,38,2005-05,2006-04,2006-05,2003-03,2004-02,2004-03,101.4,103.1,-1.7,1.522981,small,delta_stratified_train_only,0,-1.3714736022965137,101.72852639770348,0.32852639770348624
154,65,10,2005-06,2006-05,2006-06,2000-11,2001-10,2001-11,101.5,99.5,2.0,1.150975,large,delta_stratified_train_only,0,1.5913273531832084,101.0913273531832,-0.4086726468167916
155,65,16,2005-06,2006-05,2006-06,2001-05,2002-04,2002-05,101.5,98.8,2.7,1.321517,large,delta_stratified_train_only,0,2.61548851311417,101.41548851311417,-0.08451148688583032
156,65,2,2005-06,2006-05,2006-06,2000-03,2001-02,2001-03,101.5,100.7,0.8,1.627749,medium,delta_stratified_train_only,0,0.6892291313927703,101.38922913139277,-0.11077086860722973
157,65,3,2005-06,2006-05,2006-06,2000-04,2001-03,2001-04,101.5,101.3,0.2,1.398982,medium,delta_stratified_train_only,0,0.49456707084972673,101.79456707084972,0.2945670708497267
158,65,39,2005-06,2006-05,2006-06,2003-04,2004-03,2004-04,101.5,103.8,-2.3,1.407484,small,delta_stratified_train_only,0,-1.87256844248823,101.92743155751177,0.42743155751176976
159,65,38,2005-06,2006-05,2006-06,2003-03,2004-02,2004-03,101.5,103.1,-1.6,1.442532,small,delta_stratified_train_only,0,-1.4541282135590001,101.64587178644099,0.14587178644099996
160,66,21,2005-07,2006-06,2006-07,2001-10,2002-09,2002-10,101.0,99.1,1.9,1.474609,large,delta_stratified_train_only,0,2.583585156003749,101.68358515600374,0.6835851560037489
161,66,20,2005-07,2006-06,2006-07,2001-09,2002-08,2002-09,101.0,99.1,1.9,1.326883,large,delta_stratified_train_only,0,2.439019391702959,101.53901939170295,0.5390193917029591
162,66,3,2005-07,2006-06,2006-07,2000-04,2001-03,2001-04,101.0,101.3,-0.3,1.498492,medium,delta_stratified_train_only,0,0.883197852419825,102.18319785241982,1.183197852419825
163,66,27,2005-07,2006-06,2006-07,2002-04,2003-03,2003-04,101.0,100.6,0.4,1.368152,medium,delta_stratified_train_only,0,0.9363595677739194,101.53635956777391,0.5363595677739194
164,66,38,2005-07,2006-06,2006-07,2003-03,2004-02,2004-03,101.0,103.1,-2.1,1.346356,small,delta_stratified_train_only,0,-1.0654974319889021,102.03450256801109,1.034502568011098
165,66,35,2005-07,2006-06,2006-07,2002-12,2003-11,2003-12,101.0,102.7,-1.7,1.294335,small,delta_stratified_train_only,0,-0.6371438273869208,102.06285617261308,1.0628561726130792
166,67,17,2005-08,2006-07,2006-08,2001-06,2002-05,2002-06,101.3,99.0,2.3,1.549336,large,delta_stratified_train_only,0,2.0826886913435763,101.08268869134358,-0.21731130865642356
167,67,22,2005-08,2006-07,2006-08,2001-11,2002-10,2002-11,101.3,99.5,1.8,1.598743,large,delta_stratified_train_only,0,1.8300621134281159,101.33006211342811,0.030062113428115822
168,67,25,2005-08,2006-07,2006-08,2002-02,2003-01,2003-02,101.3,100.3,1.0,1.40979,medium,delta_stratified_train_only,0,0.6154905023381697,100.91549050233817,-0.3845094976618303
169,67,7,2005-08,2006-07,2006-08,2000-08,2001-07,2001-08,101.3,100.4,0.9,1.202031,medium,delta_stratified_train_only,0,0.14503914093689174,100.5450391409369,-0.7549608590631083
170,67,35,2005-08,2006-07,2006-08,2002-12,2003-11,2003-12,101.3,102.7,-1.4,1.282126,small,delta_stratified_train_only,0,-1.3789294002291987,101.3210705997708,0.02107059977080117
171,67,36,2005-08,2006-07,2006-08,2003-01,2003-12,2004-01,101.3,102.6,-1.3,1.360772,small,delta_stratified_train_only,0,-1.6087842554009415,100.99121574459905,-0.30878425540094145
172,68,23,2005-09,2006-08,2006-09,2001-12,2002-11,2002-12,101.5,99.8,1.7,1.526043,large,delta_stratified_train_only,0,1.4129633573008693,101.21296335730086,-0.28703664269913065
173,68,17,2005-09,2006-08,2006-09,2001-06,2002-05,2002-06,101.5,99.0,2.5,1.488859,large,delta_stratified_train_only,0,2.2049887314390966,101.2049887314391,-0.29501126856090343
174,68,6,2005-09,2006-08,2006-09,2000-07,2001-06,2001-07,101.5,100.8,0.7,1.231911,medium,delta_stratified_train_only,0,-0.12493055195998481,100.67506944804,-0.8249305519599848
175,68,25,2005-09,2006-08,2006-09,2002-02,2003-01,2003-02,101.5,100.3,1.2,1.468979,medium,delta_stratified_train_only,0,0.7377905424336897,101.03779054243368,-0.46220945756631027
176,68,39,2005-09,2006-08,2006-09,2003-04,2004-03,2004-04,101.5,103.8,-2.3,1.444773,small,delta_stratified_train_only,0,-2.1034231936648906,101.6965768063351,0.1965768063351092
177,68,40,2005-09,2006-08,2006-09,2003-05,2004-04,2004-05,101.5,104.4,-2.9,1.384933,small,delta_stratified_train_only,0,-2.9868238584089735,101.41317614159104,-0.08682385840897355
178,69,11,2005-10,2006-09,2006-10,2000-12,2001-11,2001-12,101.4,99.3,2.1,1.674839,large,delta_stratified_train_only,0,1.8412199635062747,101.14121996350627,-0.2587800364937254
179,69,18,2005-10,2006-09,2006-10,2001-07,2002-06,2002-07,101.4,99.0,2.4,1.427333,large,delta_stratified_train_only,0,2.1916808730851294,101.19168087308513,-0.20831912691487053
180,69,28,2005-10,2006-09,2006-10,2002-05,2003-04,2003-05,101.4,100.4,1.0,1.268205,medium,delta_stratified_train_only,0,0.6050520427235596,101.00505204272356,-0.3949479572764404
181,69,26,2005-10,2006-09,2006-10,2002-03,2003-02,2003-03,101.4,100.6,0.8,1.353372,medium,delta_stratified_train_only,0,0.9100446409419325,101.51004464094193,0.11004464094193245
182,69,44,2005-10,2006-09,2006-10,2003-09,2004-08,2004-09,101.4,104.2,-2.8,1.264859,small,delta_stratified_train_only,0,-3.21650942741036,100.98349057258964,-0.41650942741036
183,69,35,2005-10,2006-09,2006-10,2002-12,2003-11,2003-12,101.4,102.7,-1.3,1.274467,small,delta_stratified_train_only,0,-1.01587559768116,101.68412440231884,0.28412440231884006
184,70,15,2005-11,2006-10,2006-11,2001-04,2002-03,2002-04,101.9,98.8,3.1,1.369321,large,delta_stratified_train_only,0,2.464438785835687,101.26443878583568,-0.635561214164313
185,70,8,2005-11,2006-10,2006-11,2000-09,2001-08,2001-09,101.9,100.0,1.9,1.408382,large,delta_stratified_train_only,0,1.1758122982372887,101.17581229823729,-0.7241877017627112
186,70,3,2005-11,2006-10,2006-11,2000-04,2001-03,2001-04,101.9,101.3,0.6,1.294074,medium,delta_stratified_train_only,0,0.41015999303035244,101.71015999303035,-0.18984000696964753
187,70,30,2005-11,2006-10,2006-11,2002-07,2003-06,2003-07,101.9,100.4,1.5,1.410852,medium,delta_stratified_train_only,0,0.6928757769678371,101.09287577696784,-0.8071242230321629
188,70,46,2005-11,2006-10,2006-11,2003-11,2004-10,2004-11,101.9,103.2,-1.3,1.446937,small,delta_stratified_train_only,0,-2.343297280941189,100.85670271905882,-1.0432972809411891
189,70,40,2005-11,2006-10,2006-11,2003-05,2004-04,2004-05,101.9,104.4,-2.5,1.428852,small,delta_stratified_train_only,0,-2.8403761850516878,101.55962381494832,-0.34037618505168776
190,71,21,2005-12,2006-11,2006-12,2001-10,2002-09,2002-10,102.8,99.1,3.7,1.353878,large,delta_stratified_train_only,0,3.154334208094525,102.25433420809452,-0.545665791905475
191,71,16,2005-12,2006-11,2006-12,2001-05,2002-04,2002-05,102.8,98.8,4.0,1.513999,large,delta_stratified_train_only,0,3.5748683467750446,102.37486834677505,-0.4251316532249554
192,71,32,2005-12,2006-11,2006-12,2002-09,2003-08,2003-09,102.8,101.6,1.2,1.340331,medium,delta_stratified_train_only,0,1.3113766396679036,102.91137663966789,0.11137663966790368
193,71,4,2005-12,2006-11,2006-12,2000-05,2001-04,2001-05,102.8,101.4,1.4,1.041565,medium,delta_stratified_train_only,0,0.8943556417694627,102.29435564176947,-0.5056443582305372
194,71,45,2005-12,2006-11,2006-12,2003-10,2004-09,2004-10,102.8,103.8,-1.0,1.302452,small,delta_stratified_train_only,0,-1.6873358510109429,102.11266414898905,-0.6873358510109429
195,71,40,2005-12,2006-11,2006-12,2003-05,2004-04,2004-05,102.8,104.4,-1.6,1.175299,small,delta_stratified_train_only,0,-1.7965892735714382,102.60341072642856,-0.19658927357143807
196,72,23,2006-01,2006-12,2007-01,2001-12,2002-11,2002-12,102.2,99.8,2.4,1.0723,large,delta_stratified_train_only,0,2.772308619440361,102.57230861944036,0.3723086194403611
197,72,9,2006-01,2006-12,2007-01,2000-10,2001-09,2001-10,102.2,99.8,2.4,1.826167,large,delta_stratified_train_only,0,2.6220681065026223,102.42206810650262,0.22206810650262243
198,72,36,2006-01,2006-12,2007-01,2003-01,2003-12,2004-01,102.2,102.6,-0.4,0.830415,medium,delta_stratified_train_only,0,-0.1271389531659297,102.47286104683407,0.2728610468340703
199,72,4,2006-01,2006-12,2007-01,2000-05,2001-04,2001-05,102.2,101.4,0.8,0.950738,medium,delta_stratified_train_only,0,1.0634663190714202,102.46346631907143,0.26346631907142015
200,72,40,2006-01,2006-12,2007-01,2003-05,2004-04,2004-05,102.2,104.4,-2.2,0.903745,small,delta_stratified_train_only,0,-1.627478596269481,102.77252140373052,0.5725214037305191
201,72,44,2006-01,2006-12,2007-01,2003-09,2004-08,2004-09,102.2,104.2,-2.0,0.97465,small,delta_stratified_train_only,0,-2.097917927723386,102.10208207227662,-0.09791792772338592
202,73,29,2006-02,2007-01,2007-02,2002-06,2003-05,2003-06,102.7,100.4,2.3,0.672195,large,delta_stratified_train_only,1,2.276445750558568,102.67644575055857,-0.023554249441431807
203,73,12,2006-02,2007-01,2007-02,2001-01,2001-12,2002-01,102.7,99.3,3.4,1.838378,large,delta_stratified_train_only,0,3.2602637058130046,102.560263705813,-0.1397362941869953
204,73,50,2006-02,2007-01,2007-02,2004-03,2005-02,2005-03,102.7,102.9,-0.2,1.750739,medium,delta_stratified_train_only,0,0.3070741419321339,103.20707414193214,0.5070741419321338
205,73,32,2006-02,2007-01,2007-02,2002-09,2003-08,2003-09,102.7,101.6,1.1,0.862422,medium,delta_stratified_train_only,1,1.6232152641416335,103.22321526414163,0.5232152641416334
206,73,44,2006-02,2007-01,2007-02,2003-09,2004-08,2004-09,102.7,104.2,-1.5,0.527227,small,delta_stratified_train_only,1,-1.9551899805516142,102.2448100194484,-0.4551899805516142
207,73,43,2006-02,2007-01,2007-02,2003-08,2004-07,2004-08,102.7,105.0,-2.3,0.504548,small,delta_stratified_train_only,0,-2.272588685118439,102.72741131488156,0.027411314881560678
208,74,17,2006-03,2007-02,2007-03,2001-06,2002-05,2002-06,103.3,99.0,4.3,1.872345,large,delta_stratified_train_only,0,3.8305678631524023,102.8305678631524,-0.46943213684759755
209,74,14,2006-03,2007-02,2007-03,2001-03,2002-02,2002-03,103.3,99.1,4.2,1.880258,large,delta_stratified_train_only,0,3.6688163190499488,102.76881631904995,-0.5311836809500514
210,74,49,2006-03,2007-02,2007-03,2004-02,2005-01,2005-02,103.3,102.7,0.6,1.68619,medium,delta_stratified_train_only,0,0.2584949446850795,102.95849494468509,-0.3415050553149205
211,74,39,2006-03,2007-02,2007-03,2003-04,2004-03,2004-04,103.3,103.8,-0.5,0.676537,medium,delta_stratified_train_only,1,-0.47784406195158435,103.32215593804841,0.022155938048415647
212,74,40,2006-03,2007-02,2007-03,2003-05,2004-04,2004-05,103.3,104.4,-1.1,0.690026,small,delta_stratified_train_only,1,-1.361244726695667,103.03875527330433,-0.261244726695667
213,74,44,2006-03,2007-02,2007-03,2003-09,2004-08,2004-09,103.3,104.2,-0.9,0.458538,small,delta_stratified_train_only,1,-1.8316840581495721,102.36831594185043,-0.9316840581495721
214,75,22,2006-04,2007-03,2007-04,2001-11,2002-10,2002-11,103.0,99.5,3.5,1.564142,large,delta_stratified_train_only,0,3.839953101046384,103.33995310104639,0.3399531010463841
215,75,10,2006-04,2007-03,2007-04,2000-11,2001-10,2001-11,103.0,99.5,3.5,1.791586,large,delta_stratified_train_only,0,3.248063549529297,102.74806354952929,-0.2519364504707031
216,75,36,2006-04,2007-03,2007-04,2003-01,2003-12,2004-01,103.0,102.6,0.4,0.377878,medium,delta_stratified_train_only,1,0.4011067322173265,103.00110673221732,0.0011067322173264893
217,75,51,2006-04,2007-03,2007-04,2004-04,2005-03,2005-04,103.0,102.2,0.8,1.917875,medium,delta_stratified_train_only,0,0.6556144195198064,102.85561441951981,-0.14438558048019368
218,75,44,2006-04,2007-03,2007-04,2003-09,2004-08,2004-09,103.0,104.2,-1.2,0.46407,small,delta_stratified_train_only,1,-1.5696722423401301,102.63032775765987,-0.3696722423401302
219,75,41,2006-04,2007-03,2007-04,2003-06,2004-05,2004-06,103.0,104.7,-1.7,0.626203,small,delta_stratified_train_only,1,-1.4602710875458647,103.23972891245414,0.2397289124541353
220,76,29,2006-05,2007-04,2007-05,2002-06,2003-05,2003-06,103.4,100.4,3.0,0.398269,large,delta_stratified_train_only,1,2.701981256018952,103.10198125601896,-0.2980187439810482
221,76,8,2006-05,2007-04,2007-05,2000-09,2001-08,2001-09,103.4,100.0,3.4,1.115399,large,delta_stratified_train_only,0,2.9569733396516504,102.95697333965165,-0.4430266603483495
222,76,51,2006-05,2007-04,2007-05,2004-04,2005-03,2005-04,103.4,102.2,1.2,1.93184,medium,delta_stratified_train_only,0,0.6956321867687055,102.89563218676871,-0.5043678132312944
223,76,47,2006-05,2007-04,2007-05,2003-12,2004-11,2004-12,103.4,102.7,0.7,1.072707,medium,delta_stratified_train_only,1,0.16618963705703793,102.86618963705705,-0.533810362942962
224,76,40,2006-05,2007-04,2007-05,2003-05,2004-04,2004-05,103.4,104.4,-1.0,0.491253,small,delta_stratified_train_only,1,-1.0592151436373252,103.34078485636267,-0.05921514363732516
225,76,42,2006-05,2007-04,2007-05,2003-07,2004-06,2004-07,103.4,105.1,-1.7,0.581792,small,delta_stratified_train_only,0,-1.652096244869958,103.44790375513004,0.04790375513004186
226,77,27,2006-06,2007-05,2007-06,2002-04,2003-03,2003-04,104.4,100.6,3.8,0.483647,large,delta_stratified_train_only,1,2.575833219723961,103.17583321972396,-1.2241667802760388
227,77,17,2006-06,2007-05,2007-06,2001-06,2002-05,2002-06,104.4,99.0,5.4,1.927336,large,delta_stratified_train_only,0,4.463947916135897,103.4639479161359,-0.9360520838641033
228,77,42,2006-06,2007-05,2007-06,2003-07,2004-06,2004-07,104.4,105.1,-0.7,0.496739,medium,delta_stratified_train_only,0,-1.320745774944806,103.77925422505518,-0.620745774944806
229,77,48,2006-06,2007-05,2007-06,2004-01,2004-12,2005-01,104.4,102.8,1.6,1.318774,medium,delta_stratified_train_only,0,0.814301117387594,103.6143011173876,-0.7856988826124061
230,78,48,2006-07,2007-06,2007-07,2004-01,2004-12,2005-01,105.6,102.8,2.8,1.333717,large,delta_stratified_train_only,0,2.2725086146690963,105.07250861466909,-0.5274913853309036
231,78,0,2006-07,2007-06,2007-07,2000-01,2000-12,2001-01,105.6,100.5,5.1,0.60359,large,delta_stratified_train_only,1,4.360425846661726,104.86042584666173,-0.7395741533382738
232,78,43,2006-07,2007-06,2007-07,2003-08,2004-07,2004-08,105.6,105.0,0.6,0.367504,medium,delta_stratified_train_only,0,-0.057495212451400546,104.9425047875486,-0.6574952124514005
233,78,40,2006-07,2007-06,2007-07,2003-05,2004-04,2004-05,105.6,104.4,1.2,0.320128,medium,delta_stratified_train_only,1,0.7303428235693294,105.13034282356934,-0.4696571764306705
234,79,0,2006-08,2007-07,2007-08,2000-01,2000-12,2001-01,106.5,100.5,6.0,0.561632,large,delta_stratified_train_only,1,5.177231701516183,105.67723170151618,-0.8227682984838172
235,79,24,2006-08,2007-07,2007-08,2002-01,2002-12,2003-01,106.5,100.1,6.4,0.856422,large,delta_stratified_train_only,0,5.694659729652342,105.79465972965234,-0.7053402703476586
236,79,43,2006-08,2007-07,2007-08,2003-08,2004-07,2004-08,106.5,105.0,1.5,0.366078,medium,delta_stratified_train_only,0,0.7593106424030551,105.75931064240305,-0.7406893575969449
237,79,42,2006-08,2007-07,2007-08,2003-07,2004-06,2004-07,106.5,105.1,1.4,0.369423,medium,delta_stratified_train_only,0,0.9542675771911522,106.05426757719114,-0.44573242280884773
238,80,53,2006-09,2007-08,2007-09,2004-06,2005-05,2005-06,106.2,101.6,4.6,1.93861,large,delta_stratified_train_only,0,5.135879399752196,106.73587939975219,0.5358793997521962
239,80,39,2006-09,2007-08,2007-09,2003-04,2004-03,2004-04,106.2,103.8,2.4,0.547678,large,delta_stratified_train_only,1,3.19850673917595,106.99850673917595,0.7985067391759499
240,80,41,2006-09,2007-08,2007-09,2003-06,2004-05,2004-06,106.2,104.7,1.5,0.350464,medium,delta_stratified_train_only,1,1.954067897772227,106.65406789777224,0.454067897772227
241,80,43,2006-09,2007-08,2007-09,2003-08,2004-07,2004-08,106.2,105.0,1.2,0.332855,medium,delta_stratified_train_only,0,1.5272680384111368,106.52726803841114,0.32726803841113683
242,81,41,2006-10,2007-09,2007-10,2003-06,2004-05,2004-06,106.5,104.7,1.8,0.434748,large,delta_stratified_train_only,1,1.8512382058215213,106.55123820582152,0.05123820582152128
243,81,35,2006-10,2007-09,2007-10,2002-12,2003-11,2003-12,106.5,102.7,3.8,0.322512,large,delta_stratified_train_only,1,3.9424708807564555,106.64247088075646,0.14247088075645564
244,81,42,2006-10,2007-09,2007-10,2003-07,2004-06,2004-07,106.5,105.1,1.4,0.311446,medium,delta_stratified_train_only,0,1.6193952812485282,106.71939528124852,0.21939528124852825
245,81,43,2006-10,2007-09,2007-10,2003-08,2004-07,2004-08,106.5,105.0,1.5,0.25677,medium,delta_stratified_train_only,0,1.4244383464604309,106.42443834646043,-0.07556165353956912
246,82,49,2006-11,2007-10,2007-11,2004-02,2005-01,2005-02,106.9,102.7,4.2,1.676061,large,delta_stratified_train_only,0,3.8949629733958524,106.59496297339585,-0.3050370266041478
247,82,35,2006-11,2007-10,2007-11,2002-12,2003-11,2003-12,106.9,102.7,4.2,0.452584,large,delta_stratified_train_only,1,4.0054178002904,106.7054178002904,-0.19458219970960045
248,83,59,2006-12,2007-11,2007-12,2004-12,2005-11,2005-12,106.5,101.4,5.1,1.954385,large,delta_stratified_train_only,0,4.871990395181677,106.27199039518169,-0.22800960481832266
249,83,16,2006-12,2007-11,2007-12,2001-05,2002-04,2002-05,106.5,98.8,7.7,1.94778,large,delta_stratified_train_only,0,7.399232332499458,106.19923233249945,-0.3007676675005424
250,83,42,2006-12,2007-11,2007-12,2003-07,2004-06,2004-07,106.5,105.1,1.4,0.478963,medium,delta_stratified_train_only,0,1.4348936109203425,106.53489361092034,0.0348936109203426
251,83,43,2006-12,2007-11,2007-12,2003-08,2004-07,2004-08,106.5,105.0,1.5,0.401712,medium,delta_stratified_train_only,0,1.2399366761322452,106.23993667613225,-0.26006332386775477
252,84,41,2007-01,2007-12,2008-01,2003-06,2004-05,2004-06,107.08,104.7,2.38,0.434742,large,delta_stratified_train_only,1,2.4159223590725976,107.1159223590726,0.035922359072597665
253,84,26,2007-01,2007-12,2008-01,2002-03,2003-02,2003-03,107.08,100.6,6.48,0.700078,large,delta_stratified_train_only,0,6.433075272630624,107.03307527263061,-0.04692472736937603
254,85,30,2007-02,2008-01,2008-02,2002-07,2003-06,2003-07,108.74,100.4,8.34,0.228496,large,delta_stratified_train_only,1,6.7326560515319605,107.13265605153197,-1.6073439484680394
255,85,27,2007-02,2008-01,2008-02,2002-04,2003-03,2003-04,108.74,100.6,8.14,0.625828,large,delta_stratified_train_only,1,6.503101982948571,107.10310198294856,-1.63689801705143
256,86,13,2007-03,2008-02,2008-03,2001-02,2002-01,2002-02,108.31,99.2,9.11,1.863768,large,delta_stratified_train_only,0,9.288642390719973,108.48864239071997,0.17864239071997368
257,86,25,2007-03,2008-02,2008-03,2002-02,2003-01,2003-02,108.31,100.3,8.01,0.815417,large,delta_stratified_train_only,1,7.915823471340474,108.21582347134047,-0.09417652865952597
258,87,45,2007-04,2008-03,2008-04,2003-10,2004-09,2004-10,108.48,103.8,4.68,0.58585,large,delta_stratified_train_only,0,4.411580446963396,108.2115804469634,-0.2684195530366038
259,87,8,2007-04,2008-03,2008-04,2000-09,2001-08,2001-09,108.48,100.0,8.48,1.123977,large,delta_stratified_train_only,0,8.318515507691878,108.31851550769187,-0.1614844923081229
260,88,20,2007-05,2008-04,2008-05,2001-09,2002-08,2002-09,107.72,99.1,8.62,1.912199,large,delta_stratified_train_only,0,8.721523280559184,107.82152328055918,0.10152328055918503
261,88,59,2007-05,2008-04,2008-05,2004-12,2005-11,2005-12,107.72,101.4,6.32,1.90301,large,delta_stratified_train_only,0,6.7593812462227145,108.15938124622272,0.43938124622271424
262,89,54,2007-06,2008-05,2008-06,2004-07,2005-06,2005-07,107.08,101.4,5.68,1.917997,large,delta_stratified_train_only,0,5.684852191916065,107.08485219191607,0.004852191916064896
263,89,43,2007-06,2008-05,2008-06,2003-08,2004-07,2004-08,107.08,105.0,2.08,0.443856,large,delta_stratified_train_only,0,2.009564838748226,107.00956483874823,-0.07043516125177396
264,90,12,2007-07,2008-06,2008-07,2001-01,2001-12,2002-01,106.3,99.3,7.0,1.724968,large,delta_stratified_train_only,0,6.805269853211516,106.10526985321151,-0.19473014678848433
265,90,31,2007-07,2008-06,2008-07,2002-08,2003-07,2003-08,106.3,100.9,5.4,0.557126,large,delta_stratified_train_only,0,5.6872622683424225,106.58726226834243,0.2872622683424222
266,90,41,2007-07,2008-06,2008-07,2003-06,2004-05,2004-06,106.3,104.7,1.6,0.845472,medium,delta_stratified_train_only,0,1.6992173216411635,106.39921732164116,0.09921732164116337
267,90,43,2007-07,2008-06,2008-07,2003-08,2004-07,2004-08,106.3,105.0,1.3,0.777188,medium,delta_stratified_train_only,0,1.272417462280073,106.27241746228007,-0.027582537719927025
268,91,1,2007-08,2008-07,2008-08,2000-02,2001-01,2001-02,104.9,100.6,4.3,1.225802,large,delta_stratified_train_only,0,5.054950466122679,105.65495046612267,0.7549504661226791
269,91,36,2007-08,2008-07,2008-08,2003-01,2003-12,2004-01,104.9,102.6,2.3,1.350885,large,delta_stratified_train_only,0,3.025671377959257,105.62567137795925,0.725671377959257
270,91,45,2007-08,2008-07,2008-08,2003-10,2004-09,2004-10,104.9,103.8,1.1,0.889353,medium,delta_stratified_train_only,0,1.6345851574162011,105.4345851574162,0.534585157416201
271,91,40,2007-08,2008-07,2008-08,2003-05,2004-04,2004-05,104.9,104.4,0.5,1.044568,medium,delta_stratified_train_only,0,1.5253317348557052,105.92533173485572,1.0253317348557052
272,92,8,2007-09,2008-08,2008-09,2000-09,2001-08,2001-09,104.64,100.0,4.64,1.012812,large,delta_stratified_train_only,0,4.716070634298543,104.71607063429855,0.0760706342985431
273,92,58,2007-09,2008-08,2008-09,2004-11,2005-10,2005-11,104.64,101.3,3.34,1.416117,large,delta_stratified_train_only,0,4.03441486077689,105.33441486077689,0.6944148607768899
274,92,42,2007-09,2008-08,2008-09,2003-07,2004-06,2004-07,104.64,105.1,-0.46,1.491002,medium,delta_stratified_train_only,0,0.10700104977693359,105.20700104977693,0.5670010497769336
275,92,44,2007-09,2008-08,2008-09,2003-09,2004-08,2004-09,104.64,104.2,0.44,1.507747,medium,delta_stratified_train_only,0,0.22944281955566082,104.42944281955566,-0.2105571804443392
276,93,62,2007-10,2008-09,2008-10,2005-03,2006-02,2006-03,103.97,100.8,3.17,1.575961,large,delta_stratified_train_only,0,3.6684814665133905,104.46848146651338,0.49848146651339054
277,93,14,2007-10,2008-09,2008-10,2001-03,2002-02,2002-03,103.97,99.1,4.87,1.097252,large,delta_stratified_train_only,0,5.245820468858994,104.34582046885899,0.37582046885899345
278,93,46,2007-10,2008-09,2008-10,2003-11,2004-10,2004-11,103.97,103.2,0.77,1.414154,medium,delta_stratified_train_only,0,0.7128383272238747,103.91283832722388,-0.05716167277612527
279,93,35,2007-10,2008-09,2008-10,2002-12,2003-11,2003-12,103.97,102.7,1.27,1.83867,medium,delta_stratified_train_only,0,1.9459539213886707,104.64595392138867,0.6759539213886707
280,93,42,2007-10,2008-09,2008-10,2003-07,2004-06,2004-07,103.97,105.1,-1.13,1.6892,small,delta_stratified_train_only,0,-0.37712167811925634,104.72287832188074,0.7528783218807436
281,93,43,2007-10,2008-09,2008-10,2003-08,2004-07,2004-08,103.97,105.0,-1.03,1.731579,small,delta_stratified_train_only,0,-0.5720786129073534,104.42792138709265,0.4579213870926466
282,94,16,2007-11,2008-10,2008-11,2001-05,2002-04,2002-05,102.43,98.8,3.63,1.031877,large,delta_stratified_train_only,0,4.111314080838345,102.91131408083834,0.48131408083834515
283,94,2,2007-11,2008-10,2008-11,2000-03,2001-02,2001-03,102.43,100.7,1.73,1.774069,large,delta_stratified_train_only,0,2.185054699116945,102.88505469911695,0.45505469911694485
284,94,6,2007-11,2008-10,2008-11,2000-07,2001-06,2001-07,102.43,100.8,1.63,1.77213,medium,delta_stratified_train_only,0,1.6017497669408496,102.40174976694085,-0.02825023305915031
285,94,71,2007-11,2008-10,2008-11,2005-12,2006-11,2006-12,102.43,102.8,-0.37,1.774537,medium,delta_stratified_train_only,0,0.5529630740523486,103.35296307405234,0.9229630740523486
286,94,41,2007-11,2008-10,2008-11,2003-06,2004-05,2004-06,102.43,104.7,-2.27,1.76997,small,delta_stratified_train_only,0,-1.6211817161677782,103.07881828383222,0.6488182838322218
287,94,40,2007-11,2008-10,2008-11,2003-05,2004-04,2004-05,102.43,104.4,-1.97,1.780081,small,delta_stratified_train_only,0,-1.2601435395081384,103.13985646049187,0.7098564604918616
288,95,22,2007-12,2008-11,2008-12,2001-11,2002-10,2002-11,101.2,99.5,1.7,1.34834,large,delta_stratified_train_only,0,2.6232355441229114,102.1232355441229,0.9232355441229114
289,95,14,2007-12,2008-11,2008-12,2001-03,2002-02,2002-03,101.2,99.1,2.1,0.508525,large,delta_stratified_train_only,0,2.7141105779359185,101.8141105779359,0.6141105779359184
290,95,60,2007-12,2008-11,2008-12,2005-01,2005-12,2006-01,101.2,101.9,-0.7,0.931311,medium,delta_stratified_train_only,0,0.6603454786397481,102.56034547863976,1.360345478639748
291,95,9,2007-12,2008-11,2008-12,2000-10,2001-09,2001-10,101.2,99.8,1.4,1.180915,medium,delta_stratified_train_only,0,1.9335962349624065,101.7335962349624,0.5335962349624066
292,95,45,2007-12,2008-11,2008-12,2003-10,2004-09,2004-10,101.2,103.8,-2.6,1.85956,small,delta_stratified_train_only,0,-2.206697045249201,101.5933029547508,0.3933029547507991
293,95,40,2007-12,2008-11,2008-12,2003-05,2004-04,2004-05,101.2,104.4,-3.2,1.886966,small,delta_stratified_train_only,0,-2.3159504678096976,102.0840495321903,0.8840495321903026
294,96,15,2008-01,2008-12,2009-01,2001-04,2002-03,2002-04,100.95,98.8,2.15,0.502634,large,delta_stratified_train_only,0,1.7349405339566664,100.53494053395666,-0.41505946604333355
295,96,13,2008-01,2008-12,2009-01,2001-02,2002-01,2002-02,100.95,99.2,1.75,0.340334,large,delta_stratified_train_only,0,1.5275588832914553,100.72755888329147,-0.22244111670854472
296,96,9,2008-01,2008-12,2009-01,2000-10,2001-09,2001-10,100.95,99.8,1.15,1.231512,medium,delta_stratified_train_only,0,0.6796722658413954,100.47967226584139,-0.4703277341586045
297,96,25,2008-01,2008-12,2009-01,2002-02,2003-01,2003-02,100.95,100.3,0.65,1.948091,medium,delta_stratified_train_only,0,0.15473996391195438,100.45473996391195,-0.49526003608804564
298,96,72,2008-01,2008-12,2009-01,2006-01,2006-12,2007-01,100.95,102.2,-1.25,1.874361,small,delta_stratified_train_only,0,-1.9258785006721786,100.27412149932782,-0.6758785006721786
299,96,36,2008-01,2008-12,2009-01,2003-01,2003-12,2004-01,100.95,102.6,-1.65,1.959778,small,delta_stratified_train_only,0,-2.069534793827157,100.53046520617283,-0.41953479382715697
300,97,17,2008-02,2009-01,2009-02,2001-06,2002-05,2002-06,98.44,99.0,-0.56,0.430424,medium,delta_stratified_train_only,1,0.226213963242201,99.2262139632422,0.786213963242201
301,97,20,2008-02,2009-01,2009-02,2001-09,2002-08,2002-09,98.44,99.1,-0.66,0.714023,medium,delta_stratified_train_only,1,-0.15924090924069456,98.9407590907593,0.5007590907593055
302,97,29,2008-02,2009-01,2009-02,2002-06,2003-05,2003-06,98.44,100.4,-1.96,1.981502,small,delta_stratified_train_only,0,-1.2044022269495918,99.19559777305041,0.7555977730504082
303,97,23,2008-02,2009-01,2009-02,2001-12,2002-11,2002-12,98.44,99.8,-1.36,1.509211,small,delta_stratified_train_only,0,-0.5658114108960266,99.23418858910397,0.7941885891039735
304,98,12,2008-03,2009-02,2009-03,2001-01,2001-12,2002-01,98.83,99.3,-0.47,0.658773,medium,delta_stratified_train_only,0,-1.179182088494755,98.12081791150524,-0.7091820884947551
305,98,14,2008-03,2009-02,2009-03,2001-03,2002-02,2002-03,98.83,99.1,-0.27,0.357054,medium,delta_stratified_train_only,0,-0.8941353976598516,98.20586460234014,-0.6241353976598516
306,98,39,2008-03,2009-02,2009-03,2003-04,2004-03,2004-04,98.83,103.8,-4.97,1.975676,small,delta_stratified_train_only,0,-5.040795778661385,98.7592042213386,-0.07079577866138553
307,98,29,2008-03,2009-02,2009-03,2002-06,2003-05,2003-06,98.83,100.4,-1.57,1.968775,small,delta_stratified_train_only,0,-2.163000043749191,98.23699995625081,-0.5930000437491911
308,99,14,2008-04,2009-03,2009-04,2001-03,2002-02,2002-03,98.5,99.1,-0.6,0.388122,medium,delta_stratified_train_only,0,-0.8434895564241602,98.25651044357583,-0.24348955642416026
309,99,17,2008-04,2009-03,2009-04,2001-06,2002-05,2002-06,98.5,99.0,-0.5,0.358834,medium,delta_stratified_train_only,0,-0.6817380123217072,98.3182619876783,-0.18173801232170717
310,99,2,2008-04,2009-03,2009-04,2000-03,2001-02,2001-03,98.5,100.7,-2.2,1.930171,small,delta_stratified_train_only,0,-2.4283523635446924,98.27164763645531,-0.22835236354469224
311,99,52,2008-04,2009-03,2009-04,2004-05,2005-04,2005-05,98.5,101.7,-3.2,0.457319,small,delta_stratified_train_only,0,-3.324444529039548,98.37555547096045,-0.12444452903954772
312,100,15,2008-05,2009-04,2009-05,2001-04,2002-03,2002-04,98.63,98.8,-0.17,0.269569,medium,delta_stratified_train_only,0,-0.39176274863160776,98.40823725136839,-0.22176274863160775
313,100,20,2008-05,2009-04,2009-05,2001-09,2002-08,2002-09,98.63,99.1,-0.47,0.571867,medium,delta_stratified_train_only,0,-0.8902200021538078,98.20977999784618,-0.42022000215380784
314,100,70,2008-05,2009-04,2009-05,2005-11,2006-10,2006-11,98.63,101.9,-3.27,1.438147,small,delta_stratified_train_only,0,-2.839684194478245,99.06031580552175,0.43031580552175486
315,100,75,2008-05,2009-04,2009-05,2006-04,2007-03,2007-04,98.63,103.0,-4.37,1.911049,small,delta_stratified_train_only,0,-4.580827468643709,98.4191725313563,-0.21082746864370883
316,101,16,2008-06,2009-05,2009-06,2001-05,2002-04,2002-05,98.3,98.8,-0.5,0.28232,medium,delta_stratified_train_only,0,-0.2964497438733068,98.50355025612669,0.2035502561266932
317,101,18,2008-06,2009-05,2009-06,2001-07,2002-06,2002-07,98.3,99.0,-0.7,0.338448,medium,delta_stratified_train_only,0,-0.7301563951782064,98.26984360482179,-0.030156395178206452
318,101,45,2008-06,2009-05,2009-06,2003-10,2004-09,2004-10,98.3,103.8,-5.5,1.981231,small,delta_stratified_train_only,0,-5.558653941659294,98.2413460583407,-0.05865394165929416
319,101,6,2008-06,2009-05,2009-06,2000-07,2001-06,2001-07,98.3,100.8,-2.5,1.914377,small,delta_stratified_train_only,0,-2.8060140577708017,97.9939859422292,-0.3060140577708017
320,102,16,2008-07,2009-06,2009-07,2001-05,2002-04,2002-05,98.19,98.8,-0.61,0.224248,medium,delta_stratified_train_only,0,-0.7233397581197931,98.0766602418802,-0.11333975811979313
321,102,15,2008-07,2009-06,2009-07,2001-04,2002-03,2002-04,98.19,98.8,-0.61,0.182164,medium,delta_stratified_train_only,0,-0.7899824075789017,98.0100175924211,-0.17998240757890172
322,102,17,2008-07,2009-06,2009-07,2001-06,2002-05,2002-06,98.19,99.0,-0.81,0.301471,small,delta_stratified_train_only,0,-0.9029847886182067,98.09701521138179,-0.09298478861820669
323,102,23,2008-07,2009-06,2009-07,2001-12,2002-11,2002-12,98.19,99.8,-1.61,1.318954,small,delta_stratified_train_only,0,-1.6950101627564338,98.10498983724356,-0.0850101627564337
324,103,22,2008-08,2009-07,2009-08,2001-11,2002-10,2002-11,98.8,99.5,-0.7,0.732715,medium,delta_stratified_train_only,0,-0.8903865110718703,98.60961348892813,-0.19038651107187032
325,103,12,2008-08,2009-07,2009-08,2001-01,2001-12,2002-01,98.8,99.3,-0.5,0.974597,medium,delta_stratified_train_only,0,-1.0845581680937662,98.21544183190623,-0.5845581680937662
326,103,50,2008-08,2009-07,2009-08,2004-03,2005-02,2005-03,98.8,102.9,-4.1,1.12935,small,delta_stratified_train_only,0,-4.037747731974636,98.86225226802537,0.062252268025363655
327,103,32,2008-08,2009-07,2009-08,2002-09,2003-08,2003-09,98.8,101.6,-2.8,1.980403,small,delta_stratified_train_only,0,-2.7216066097651366,98.87839339023486,0.07839339023486325
328,104,16,2008-09,2009-08,2009-09,2001-05,2002-04,2002-05,99.21,98.8,0.41,0.29926,medium,delta_stratified_train_only,0,-0.034949604529960876,98.76505039547004,-0.44494960452996085
329,104,14,2008-09,2009-08,2009-09,2001-03,2002-02,2002-03,99.21,99.1,0.11,0.634846,medium,delta_stratified_train_only,0,-0.3763461791308276,98.72365382086916,-0.48634617913082756
330,104,68,2008-09,2009-08,2009-09,2005-09,2006-08,2006-09,99.21,101.5,-2.29,1.436497,small,delta_stratified_train_only,0,-2.403066026478423,99.09693397352157,-0.1130660264784229
331,104,71,2008-09,2009-08,2009-09,2005-12,2006-11,2006-12,99.21,102.8,-3.59,1.425774,small,delta_stratified_train_only,0,-3.593300611315957,99.20669938868404,-0.003300611315957269
332,105,18,2008-10,2009-09,2009-10,2001-07,2002-06,2002-07,99.47,99.0,0.47,0.357614,medium,delta_stratified_train_only,0,-0.05826712680440993,98.94173287319559,-0.5282671268044099
333,105,17,2008-10,2009-09,2009-10,2001-06,2002-05,2002-06,99.47,99.0,0.47,0.437684,medium,delta_stratified_train_only,0,0.19579449400207616,99.19579449400207,-0.2742055059979238
334,105,42,2008-10,2009-09,2009-10,2003-07,2004-06,2004-07,99.47,105.1,-5.63,1.894297,small,delta_stratified_train_only,0,-5.588899197078626,99.51110080292136,0.04110080292137397
335,105,73,2008-10,2009-09,2009-10,2006-02,2007-01,2007-02,99.47,102.7,-3.23,1.750272,small,delta_stratified_train_only,0,-3.494750106759236,99.20524989324076,-0.26475010675923594
336,106,15,2008-11,2009-10,2009-11,2001-04,2002-03,2002-04,100.56,98.8,1.76,0.761478,large,delta_stratified_train_only,0,1.4747028259011592,100.27470282590116,-0.2852971740988408
337,106,16,2008-11,2009-10,2009-11,2001-05,2002-04,2002-05,100.56,98.8,1.76,0.677877,large,delta_stratified_train_only,0,1.5413454753602673,100.34134547536027,-0.21865452463973267
338,106,9,2008-11,2009-10,2009-11,2000-10,2001-09,2001-10,100.56,99.8,0.76,1.623659,medium,delta_stratified_train_only,0,0.41943455778588845,100.21943455778589,-0.34056544221411156
339,106,27,2008-11,2009-10,2009-11,2002-04,2003-03,2003-04,100.56,100.6,-0.04,1.663604,medium,delta_stratified_train_only,0,-0.5264142515500809,100.07358574844991,-0.48641425155008094
340,106,38,2008-11,2009-10,2009-11,2003-03,2004-02,2004-03,100.56,103.1,-2.54,1.687767,small,delta_stratified_train_only,0,-2.528271251312903,100.5717287486871,0.011728748687096946
341,106,37,2008-11,2009-10,2009-11,2003-02,2004-01,2004-02,100.56,102.8,-2.24,1.637807,small,delta_stratified_train_only,0,-2.3568099525759143,100.44319004742408,-0.11680995257591409
342,107,10,2008-12,2009-11,2009-12,2000-11,2001-10,2001-11,101.86,99.5,2.36,1.683807,large,delta_stratified_train_only,0,1.8474832499903933,101.34748324999039,-0.5125167500096066
343,107,16,2008-12,2009-11,2009-12,2001-05,2002-04,2002-05,101.86,98.8,3.06,1.111011,large,delta_stratified_train_only,0,2.8716444099213545,101.67164440992136,-0.18835559007864555
344,107,27,2008-12,2009-11,2009-12,2002-04,2003-03,2003-04,101.86,100.6,1.26,1.369434,medium,delta_stratified_train_only,0,0.8038846830110058,101.403884683011,-0.4561153169889942
345,107,33,2008-12,2009-11,2009-12,2002-10,2003-09,2003-10,101.86,102.0,-0.14,1.589735,medium,delta_stratified_train_only,0,-0.244798349473053,101.75520165052694,-0.104798349473053
346,107,83,2008-12,2009-11,2009-12,2006-12,2007-11,2007-12,101.86,106.5,-4.64,1.478128,small,delta_stratified_train_only,0,-4.511070582589055,101.98892941741094,0.12892941741094432
347,107,79,2008-12,2009-11,2009-12,2006-08,2007-07,2007-08,101.86,106.5,-4.64,1.403796,small,delta_stratified_train_only,0,-4.030444548859864,102.46955545114014,0.6095554511401353
348,108,12,2009-01,2009-12,2010-01,2001-01,2001-12,2002-01,101.53,99.3,2.23,1.874167,large,delta_stratified_train_only,0,2.0937239727095887,101.39372397270958,-0.13627602729041133
349,108,14,2009-01,2009-12,2010-01,2001-03,2002-02,2002-03,101.53,99.1,2.43,1.734401,large,delta_stratified_train_only,0,2.3787706635444925,101.47877066354448,-0.051229336455507646
350,108,24,2009-01,2009-12,2010-01,2002-01,2002-12,2003-01,101.53,100.1,1.43,0.511315,medium,delta_stratified_train_only,0,1.4962206690274331,101.59622066902743,0.06622066902743318
351,108,33,2009-01,2009-12,2010-01,2002-10,2003-09,2003-10,101.53,102.0,-0.47,1.18568,medium,delta_stratified_train_only,0,-0.3962755212490485,101.60372447875095,0.07372447875095145
352,108,74,2009-01,2009-12,2010-01,2006-03,2007-02,2007-03,101.53,103.3,-1.77,1.033241,small,delta_stratified_train_only,0,-1.2735283155164085,102.02647168448358,0.49647168448359147
353,108,39,2009-01,2009-12,2010-01,2003-04,2004-03,2004-04,101.53,103.8,-2.27,1.068971,small,delta_stratified_train_only,0,-1.7678897174570414,102.03211028254296,0.5021102825429586
354,109,2,2009-02,2010-01,2010-02,2000-03,2001-02,2001-03,102.7,100.7,2.0,0.797293,large,delta_stratified_train_only,1,2.2631246141769386,102.96312461417695,0.26312461417693855
355,109,12,2009-02,2010-01,2010-02,2001-01,2001-12,2002-01,102.7,99.3,3.4,1.953288,large,delta_stratified_train_only,0,3.562940730462568,102.86294073046257,0.16294073046256807
356,109,72,2009-02,2010-01,2010-02,2006-01,2006-12,2007-01,102.7,102.2,0.5,0.841537,medium,delta_stratified_train_only,0,0.4619223118103847,102.66192231181039,-0.03807768818961532
357,109,60,2009-02,2010-01,2010-02,2005-01,2005-12,2006-01,102.7,101.9,0.8,1.742824,medium,delta_stratified_train_only,0,1.7942223220013005,103.69422232200131,0.9942223220013005
358,109,86,2009-02,2010-01,2010-02,2007-03,2008-02,2008-03,102.7,108.31,-5.61,0.818474,small,delta_stratified_train_only,1,-5.356765354956907,102.9532346450431,0.25323464504309356
359,109,42,2009-02,2010-01,2010-02,2003-07,2004-06,2004-07,102.7,105.1,-2.4,0.598118,small,delta_stratified_train_only,0,-1.774954725680778,103.32504527431922,0.6250452743192219
360,110,11,2009-03,2010-02,2010-03,2000-12,2001-11,2001-12,102.37,99.3,3.07,1.922483,large,delta_stratified_train_only,0,3.1384350291069447,102.43843502910694,0.06843502910694488
361,110,27,2009-03,2010-02,2010-03,2002-04,2003-03,2003-04,102.37,100.6,1.77,0.265455,large,delta_stratified_train_only,1,1.8548428630803506,102.45484286308034,0.0848428630803506
362,110,47,2009-03,2010-02,2010-03,2003-12,2004-11,2004-12,102.37,102.7,-0.33,1.255191,medium,delta_stratified_train_only,1,-0.22345024966142046,102.47654975033858,0.10654975033857955
363,110,65,2009-03,2010-02,2010-03,2005-06,2006-05,2006-06,102.37,101.5,0.87,1.513353,medium,delta_stratified_train_only,0,1.3236314168655776,102.82363141686558,0.4536314168655776
364,110,85,2009-03,2010-02,2010-03,2007-02,2008-01,2008-02,102.37,108.74,-6.37,0.678203,small,delta_stratified_train_only,1,-4.63174177987917,104.10825822012083,1.73825822012083
365,110,74,2009-03,2010-02,2010-03,2006-03,2007-02,2007-03,102.37,103.3,-0.93,0.379534,small,delta_stratified_train_only,1,-0.0710929636710681,103.22890703632893,0.858907036328932
366,111,29,2009-04,2010-03,2010-04,2002-06,2003-05,2003-06,102.81,100.4,2.41,0.286197,large,delta_stratified_train_only,1,2.198209928371604,102.5982099283716,-0.21179007162839625
367,111,25,2009-04,2010-03,2010-04,2002-02,2003-01,2003-02,102.81,100.3,2.51,0.611197,large,delta_stratified_train_only,1,2.16162792955799,102.46162792955799,-0.3483720704420099
368,111,50,2009-04,2010-03,2010-04,2004-03,2005-02,2005-03,102.81,102.9,-0.09,1.869421,medium,delta_stratified_train_only,0,0.2288383197451696,103.12883831974517,0.31883831974516963
369,111,35,2009-04,2010-03,2010-04,2002-12,2003-11,2003-12,102.81,102.7,0.11,0.541459,medium,delta_stratified_train_only,1,0.16720802699062104,102.86720802699062,0.05720802699062104
370,111,44,2009-04,2010-03,2010-04,2003-09,2004-08,2004-09,102.81,104.2,-1.39,0.282936,small,delta_stratified_train_only,1,-2.033425802738579,102.16657419726143,-0.6434258027385791
371,111,80,2009-04,2010-03,2010-04,2006-09,2007-08,2007-09,102.81,106.2,-3.39,0.492179,small,delta_stratified_train_only,1,-3.8615752057274912,102.33842479427251,-0.4715752057274911
372,112,54,2009-05,2010-04,2010-05,2004-07,2005-06,2005-07,103.06,101.4,1.66,1.93734,large,delta_stratified_train_only,0,1.7862291620737338,103.18622916207374,0.1262291620737339
373,112,16,2009-05,2010-04,2010-05,2001-05,2002-04,2002-05,103.06,98.8,4.26,1.956091,large,delta_stratified_train_only,0,4.27023746527311,103.07023746527311,0.01023746527310987
374,112,74,2009-05,2010-04,2010-05,2006-03,2007-02,2007-03,103.06,103.3,-0.24,0.57514,medium,delta_stratified_train_only,1,0.276541911611342,103.57654191161134,0.516541911611342
375,112,35,2009-05,2010-04,2010-05,2002-12,2003-11,2003-12,103.06,102.7,0.36,0.611865,medium,delta_stratified_train_only,1,0.6289743432019205,103.32897434320192,0.2689743432019205
376,112,89,2009-05,2010-04,2010-05,2007-06,2008-05,2008-06,103.06,107.08,-4.02,0.615076,small,delta_stratified_train_only,1,-3.8821056898532813,103.19789431014672,0.13789431014671827
377,112,83,2009-05,2010-04,2010-05,2006-12,2007-11,2007-12,103.06,106.5,-3.44,0.226787,small,delta_stratified_train_only,1,-3.1124775272373,103.3875224727627,0.32752247276269975
378,113,27,2009-06,2010-05,2010-06,2002-04,2003-03,2003-04,102.95,100.6,2.35,0.494704,large,delta_stratified_train_only,1,2.6490759265977912,103.24907592659778,0.29907592659779114
379,113,2,2009-06,2010-05,2010-06,2000-03,2001-02,2001-03,102.95,100.7,2.25,0.507509,large,delta_stratified_train_only,1,2.7905762717867404,103.49057627178675,0.5405762717867404
380,113,47,2009-06,2010-05,2010-06,2003-12,2004-11,2004-12,102.95,102.7,0.25,0.819526,medium,delta_stratified_train_only,1,0.5707828138560201,103.27078281385602,0.32078281385602014
381,113,70,2009-06,2010-05,2010-06,2005-11,2006-10,2006-11,102.95,101.9,1.05,1.393973,medium,delta_stratified_train_only,0,2.2022715582023933,104.1022715582024,1.1522715582023932
382,113,41,2009-06,2010-05,2010-06,2003-06,2004-05,2004-06,102.95,104.7,-1.75,0.320719,small,delta_stratified_train_only,1,-1.0156601434979828,103.68433985650202,0.7343398565020172
383,113,83,2009-06,2010-05,2010-06,2006-12,2007-11,2007-12,102.95,106.5,-3.55,0.293108,small,delta_stratified_train_only,1,-2.66587933900227,103.83412066099773,0.8841206609977297
384,114,23,2009-07,2010-06,2010-07,2001-12,2002-11,2002-12,103.3,99.8,3.5,1.543539,large,delta_stratified_train_only,0,3.670176801568715,103.47017680156871,0.17017680156871506
385,114,28,2009-07,2010-06,2010-07,2002-05,2003-04,2003-05,103.3,100.4,2.9,0.507255,large,delta_stratified_train_only,1,2.6215117245388857,103.0215117245389,-0.2784882754611142
386,114,60,2009-07,2010-06,2010-07,2005-01,2005-12,2006-01,103.3,101.9,1.4,1.970437,medium,delta_stratified_train_only,0,2.2466855323083172,104.14668553230833,0.8466855323083173
387,114,35,2009-07,2010-06,2010-07,2002-12,2003-11,2003-12,103.3,102.7,0.6,0.722253,medium,delta_stratified_train_only,1,1.0005840841341667,103.70058408413416,0.4005840841341667
388,114,87,2009-07,2010-06,2010-07,2007-04,2008-03,2008-04,103.3,108.48,-5.18,0.391826,small,delta_stratified_train_only,1,-5.01542009855498,103.46457990144502,0.16457990144501977
389,114,88,2009-07,2010-06,2010-07,2007-05,2008-04,2008-05,103.3,107.72,-4.42,0.480429,small,delta_stratified_train_only,1,-4.628258637346091,103.0917413626539,-0.2082586373460913
390,115,30,2009-08,2010-07,2010-08,2002-07,2003-06,2003-07,103.48,100.4,3.08,0.364973,large,delta_stratified_train_only,1,2.5774186976748066,102.9774186976748,-0.5025813023251935
391,115,10,2009-08,2010-07,2010-08,2000-11,2001-10,2001-11,103.48,99.5,3.98,1.544488,large,delta_stratified_train_only,0,3.391463196070804,102.8914631960708,-0.588536803929196
392,115,47,2009-08,2010-07,2010-08,2003-12,2004-11,2004-12,103.48,102.7,0.78,0.740679,medium,delta_stratified_train_only,1,0.2695715163496453,102.96957151634965,-0.5104284836503548
393,115,72,2009-08,2010-07,2010-08,2006-01,2006-12,2007-01,103.48,102.2,1.28,1.089009,medium,delta_stratified_train_only,0,0.6881626719138119,102.88816267191382,-0.5918373280861882
394,115,92,2009-08,2010-07,2010-08,2007-09,2008-08,2008-09,103.48,104.64,-1.16,1.297138,small,delta_stratified_train_only,0,-1.6391980753652355,103.00080192463477,-0.4791980753652356
395,115,91,2009-08,2010-07,2010-08,2007-08,2008-07,2008-08,103.48,104.9,-1.42,0.932313,small,delta_stratified_train_only,0,-2.4646476592113746,102.43535234078863,-1.0446476592113747
396,116,64,2009-09,2010-08,2010-09,2005-05,2006-04,2006-05,103.61,101.4,2.21,1.711483,large,delta_stratified_train_only,0,1.7852056059216441,103.18520560592165,-0.42479439407835584
397,116,17,2009-09,2010-08,2010-09,2001-06,2002-05,2002-06,103.61,99.0,4.61,1.990519,large,delta_stratified_train_only,0,4.287186359810838,103.28718635981083,-0.32281364018916214
398,116,47,2009-09,2010-08,2010-09,2003-12,2004-11,2004-12,103.61,102.7,0.91,0.773366,medium,delta_stratified_train_only,1,0.32077855065713273,103.02077855065714,-0.5892214493428674
399,116,37,2009-09,2010-08,2010-09,2003-02,2004-01,2004-02,103.61,102.8,0.81,0.746745,medium,delta_stratified_train_only,1,0.5686759623730706,103.36867596237306,-0.24132403762692944
400,116,84,2009-09,2010-08,2010-09,2007-01,2007-12,2008-01,103.61,107.08,-3.47,0.472746,small,delta_stratified_train_only,1,-3.6650694257804197,103.41493057421958,-0.19506942578041953
401,116,85,2009-09,2010-08,2010-09,2007-02,2008-01,2008-02,103.61,108.74,-5.13,0.435608,small,delta_stratified_train_only,1,-4.087512979560617,104.65248702043938,1.042487020439383
402,117,94,2009-10,2010-09,2010-10,2007-11,2008-10,2008-11,104.37,102.43,1.94,1.670005,large,delta_stratified_train_only,0,0.8242273775177824,103.2542273775178,-1.1157726224822175
403,117,53,2009-10,2010-09,2010-10,2004-06,2005-05,2005-06,104.37,101.6,2.77,1.924308,large,delta_stratified_train_only,0,2.368339823340924,103.96833982334091,-0.40166017665907594
404,117,74,2009-10,2010-09,2010-10,2006-03,2007-02,2007-03,104.37,103.3,1.07,0.765192,medium,delta_stratified_train_only,1,0.9253285647053111,104.22532856470531,-0.14467143529468895
405,117,75,2009-10,2010-09,2010-10,2006-04,2007-03,2007-04,104.37,103.0,1.37,0.805538,medium,delta_stratified_train_only,1,0.6633167488958687,103.66331674889587,-0.7066832511041314
406,117,88,2009-10,2010-09,2010-10,2007-05,2008-04,2008-05,104.37,107.72,-3.35,0.386863,small,delta_stratified_train_only,1,-4.351081725184366,103.36891827481563,-1.0010817251843656
407,117,79,2009-10,2010-09,2010-10,2006-08,2007-07,2007-08,104.37,106.5,-2.13,0.61444,small,delta_stratified_train_only,1,-1.9830648404141413,104.51693515958586,0.14693515958585857
408,118,20,2009-11,2010-10,2010-11,2001-09,2002-08,2002-09,105.12,99.1,6.02,1.916136,large,delta_stratified_train_only,0,4.976784181649449,104.07678418164944,-1.0432158183505509
409,118,22,2009-11,2010-10,2010-11,2001-11,2002-10,2002-11,105.12,99.5,5.62,1.81785,large,delta_stratified_train_only,0,5.109612476216884,104.60961247621688,-0.5103875237831161
410,118,41,2009-11,2010-10,2010-11,2003-06,2004-05,2004-06,105.12,104.7,0.42,0.335919,medium,delta_stratified_train_only,1,-0.190611712375365,104.50938828762463,-0.6106117123753649
411,118,77,2009-11,2010-10,2010-11,2006-06,2007-05,2007-06,105.12,104.4,0.72,0.582847,medium,delta_stratified_train_only,1,0.9148084779854957,105.31480847798551,0.19480847798549572
412,118,86,2009-11,2010-10,2010-11,2007-03,2008-02,2008-03,105.12,108.31,-3.19,0.419947,small,delta_stratified_train_only,1,-4.004265266224488,104.30573473377551,-0.814265266224488
413,118,87,2009-11,2010-10,2010-11,2007-04,2008-03,2008-04,105.12,108.48,-3.36,0.401726,small,delta_stratified_train_only,1,-4.115383220129577,104.36461677987043,-0.7553832201295774
414,119,13,2009-12,2010-11,2010-12,2001-02,2002-01,2002-02,104.59,99.2,5.39,1.879374,large,delta_stratified_train_only,0,5.363273202797161,104.56327320279716,-0.02672679720283888
415,119,22,2009-12,2010-11,2010-12,2001-11,2002-10,2002-11,104.59,99.5,5.09,1.69393,large,delta_stratified_train_only,0,5.205025894507606,104.7050258945076,0.11502589450760592
416,119,74,2009-12,2010-11,2010-12,2006-03,2007-02,2007-03,104.59,103.3,1.29,0.614818,medium,delta_stratified_train_only,1,1.6436019492597131,104.94360194925972,0.3536019492597131
417,119,38,2009-12,2010-11,2010-12,2003-03,2004-02,2004-03,104.59,103.1,1.49,0.571477,medium,delta_stratified_train_only,1,1.5676807762483107,104.6676807762483,0.07768077624831071
418,119,89,2009-12,2010-11,2010-12,2007-06,2008-05,2008-06,104.59,107.08,-2.49,0.627742,small,delta_stratified_train_only,1,-2.5150456522049094,104.5649543477951,-0.025045652204909175
419,119,78,2009-12,2010-11,2010-12,2006-07,2007-06,2007-07,104.59,105.6,-1.01,0.319912,small,delta_stratified_train_only,1,-0.4479856010052833,105.15201439899471,0.5620143989947167
420,120,51,2010-01,2010-12,2011-01,2004-04,2005-03,2005-04,104.91,102.2,2.71,1.841125,large,delta_stratified_train_only,0,2.854973006274636,105.05497300627464,0.14497300627463616
421,120,4,2010-01,2010-12,2011-01,2000-05,2001-04,2001-05,104.91,101.4,3.51,0.694495,large,delta_stratified_train_only,0,3.7910705912095066,105.19107059120951,0.28107059120950684
422,120,78,2010-01,2010-12,2011-01,2006-07,2007-06,2007-07,104.91,105.6,-0.69,0.51966,medium,delta_stratified_train_only,1,0.3863001922883244,105.98630019228833,1.0763001922883244
423,120,76,2010-01,2010-12,2011-01,2006-05,2007-04,2007-05,104.91,103.4,1.51,0.469789,medium,delta_stratified_train_only,1,2.1758581594949793,105.57585815949498,0.6658581594949793
424,120,81,2010-01,2010-12,2011-01,2006-10,2007-09,2007-10,104.91,106.5,-1.59,0.322719,small,delta_stratified_train_only,1,-1.095633366623507,105.4043666333765,0.4943666333764931
425,120,90,2010-01,2010-12,2011-01,2007-07,2008-06,2008-07,104.91,106.3,-1.39,0.765663,small,delta_stratified_train_only,0,-0.9436124824431489,105.35638751755685,0.446387517556851
426,121,70,2010-02,2011-01,2011-02,2005-11,2006-10,2006-11,104.94,101.9,3.04,1.399667,large,delta_stratified_train_only,0,2.971542767429825,104.87154276742983,-0.06845723257017511
427,121,11,2010-02,2011-01,2011-02,2000-12,2001-11,2001-12,104.94,99.3,5.64,1.841914,large,delta_stratified_train_only,0,4.701939301851818,104.00193930185182,-0.938060698148182
428,121,42,2010-02,2011-01,2011-02,2003-07,2004-06,2004-07,104.94,105.1,-0.16,0.416182,medium,delta_stratified_train_only,0,-0.47823185884354436,104.62176814115645,-0.3182318588435443
429,121,93,2010-02,2011-01,2011-02,2007-10,2008-09,2008-10,104.94,103.97,0.97,1.748561,medium,delta_stratified_train_only,0,-0.08459284073523943,103.88540715926476,-1.0545928407352394
430,121,85,2010-02,2011-01,2011-02,2007-02,2008-01,2008-02,104.94,108.74,-3.8,0.508708,small,delta_stratified_train_only,1,-3.068237507134298,105.6717624928657,0.7317624928657018
431,121,82,2010-02,2011-01,2011-02,2006-11,2007-10,2007-11,104.94,106.9,-1.96,0.280472,small,delta_stratified_train_only,1,-2.1440567196369686,104.75594328036304,-0.18405671963696868
432,122,21,2010-03,2011-02,2011-03,2001-10,2002-09,2002-10,105.38,99.1,6.28,1.845634,large,delta_stratified_train_only,0,5.753720577124504,104.8537205771245,-0.5262794228754961
433,122,72,2010-03,2011-02,2011-03,2006-01,2006-12,2007-01,105.38,102.2,3.18,1.028779,large,delta_stratified_train_only,0,2.4467930317170694,104.64679303171707,-0.7332069682829307
434,122,91,2010-03,2011-02,2011-03,2007-08,2008-07,2008-08,105.38,104.9,0.48,1.027773,medium,delta_stratified_train_only,0,-0.7060172994081171,104.19398270059189,-1.186017299408117
435,122,44,2010-03,2011-02,2011-03,2003-09,2004-08,2004-09,105.38,104.2,1.18,0.246696,medium,delta_stratified_train_only,0,0.3323577640046343,104.53235776400464,-0.8476422359953657
436,122,86,2010-03,2011-02,2011-03,2007-03,2008-02,2008-03,105.38,108.31,-2.93,0.496245,small,delta_stratified_train_only,0,-3.3718946350502224,104.93810536494978,-0.4418946350502222
437,122,79,2010-03,2011-02,2011-03,2006-08,2007-07,2007-08,105.38,106.5,-1.12,0.541783,small,delta_stratified_train_only,0,-0.7278342429761968,105.7721657570238,0.3921657570238033
438,123,2,2010-04,2011-03,2011-04,2000-03,2001-02,2001-03,105.34,100.7,4.64,0.523552,large,delta_stratified_train_only,0,4.634081006462934,105.33408100646294,-0.005918993537065376
439,123,60,2010-04,2011-03,2011-04,2005-01,2005-12,2006-01,105.34,101.9,3.44,1.941502,large,delta_stratified_train_only,0,4.165178714287296,106.0651787142873,0.7251787142872961
440,123,39,2010-04,2011-03,2011-04,2003-04,2004-03,2004-04,105.34,103.8,1.54,0.27522,medium,delta_stratified_train_only,0,2.0722834325819335,105.87228343258192,0.5322834325819334
441,123,77,2010-04,2011-03,2011-04,2006-06,2007-05,2007-06,105.34,104.4,0.94,0.436362,medium,delta_stratified_train_only,0,1.9332647815390724,106.33326478153907,0.9932647815390725
442,123,89,2010-04,2011-03,2011-04,2007-06,2008-05,2008-06,105.34,107.08,-1.74,0.637491,small,delta_stratified_train_only,0,-1.5920027669420567,105.48799723305794,0.14799723305794332
443,123,88,2010-04,2011-03,2011-04,2007-05,2008-04,2008-05,105.34,107.72,-2.38,0.566442,small,delta_stratified_train_only,0,-2.709765455367111,105.0102345446329,-0.3297654553671112
444,124,19,2010-05,2011-04,2011-05,2001-08,2002-07,2002-08,105.51,99.1,6.41,1.934011,large,delta_stratified_train_only,0,5.952724363266538,105.05272436326653,-0.4572756367334625
445,124,100,2010-05,2011-04,2011-05,2008-05,2009-04,2009-05,105.51,98.63,6.88,1.968301,large,delta_stratified_train_only,0,6.7287188986673065,105.3587188986673,-0.15128110133269335
446,124,77,2010-05,2011-04,2011-05,2006-06,2007-05,2007-06,105.51,104.4,1.11,0.322306,medium,delta_stratified_train_only,0,1.7600058528604958,106.16000585286051,0.6500058528604957
447,124,41,2010-05,2011-04,2011-05,2003-06,2004-05,2004-06,105.51,104.7,0.81,0.315671,medium,delta_stratified_train_only,0,0.6545856624996349,105.35458566249964,-0.15541433750036515
448,124,86,2010-05,2011-04,2011-05,2007-03,2008-02,2008-03,105.51,108.31,-2.8,0.384156,small,delta_stratified_train_only,0,-3.159067891349487,105.15093210865052,-0.35906789134948713
449,124,81,2010-05,2011-04,2011-05,2006-10,2007-09,2007-10,105.51,106.5,-0.99,0.534702,small,delta_stratified_train_only,0,-1.1801352033328378,105.31986479666716,-0.19013520333283784
450,125,27,2010-06,2011-05,2011-06,2002-04,2003-03,2003-04,106.36,100.6,5.76,0.59092,large,delta_stratified_train_only,0,4.824198084411626,105.42419808441161,-0.9358019155883737
451,125,33,2010-06,2011-05,2011-06,2002-10,2003-09,2003-10,106.36,102.0,4.36,0.470896,large,delta_stratified_train_only,0,3.7755150519275666,105.77551505192757,-0.5844849480724337
452,125,78,2010-06,2011-05,2011-06,2006-07,2007-06,2007-07,106.36,105.6,0.76,0.372868,medium,delta_stratified_train_only,0,0.8066747073952102,106.40667470739521,0.04667470739521018
453,125,83,2010-06,2011-05,2011-06,2006-12,2007-11,2007-12,106.36,106.5,-0.14,0.561228,medium,delta_stratified_train_only,0,-0.4907571811884359,106.00924281881156,-0.3507571811884359
454,125,88,2010-06,2011-05,2011-06,2007-05,2008-04,2008-05,106.36,107.72,-1.36,0.452251,small,delta_stratified_train_only,0,-2.378148032229471,105.34185196777052,-1.018148032229471
455,125,86,2010-06,2011-05,2011-06,2007-03,2008-02,2008-03,106.36,108.31,-1.95,0.306247,small,delta_stratified_train_only,0,-2.6541915395332714,105.65580846046673,-0.7041915395332714
456,126,64,2010-07,2011-06,2011-07,2005-05,2006-04,2006-05,106.45,101.4,5.05,1.686145,large,delta_stratified_train_only,0,4.6285387115562795,106.02853871155628,-0.4214612884437203
457,126,2,2010-07,2011-06,2011-07,2000-03,2001-02,2001-03,106.45,100.7,5.75,0.583738,large,delta_stratified_train_only,0,5.383905114222487,106.08390511422249,-0.36609488577751303
458,126,91,2010-07,2011-06,2011-07,2007-08,2008-07,2008-08,106.45,104.9,1.55,1.159183,medium,delta_stratified_train_only,0,0.4298924807307471,105.32989248073075,-1.120107519269253
459,126,78,2010-07,2011-06,2011-07,2006-07,2007-06,2007-07,106.45,105.6,0.85,0.418811,medium,delta_stratified_train_only,0,1.224881392017123,106.82488139201712,0.3748813920171231
460,126,87,2010-07,2011-06,2011-07,2007-04,2008-03,2008-04,106.45,108.48,-2.03,0.332281,small,delta_stratified_train_only,0,-2.347102808816448,106.13289719118356,-0.31710280881644826
461,126,88,2010-07,2011-06,2011-07,2007-05,2008-04,2008-05,106.45,107.72,-1.27,0.450158,small,delta_stratified_train_only,0,-1.9599413476075587,105.76005865239244,-0.6899413476075587
462,127,28,2010-08,2011-07,2011-08,2002-05,2003-04,2003-05,106.15,100.4,5.75,0.45938,large,delta_stratified_train_only,0,5.343400563755356,105.74340056375536,-0.4065994362446439
463,127,1,2010-08,2011-07,2011-08,2000-02,2001-01,2001-02,106.15,100.6,5.55,0.681577,large,delta_stratified_train_only,0,5.521897156342317,106.12189715634231,-0.028102843657682897
464,127,43,2010-08,2011-07,2011-08,2003-08,2004-07,2004-08,106.15,105.0,1.15,0.321886,medium,delta_stratified_train_only,0,1.2044403890546125,106.20444038905461,0.05444038905461257
465,127,41,2010-08,2011-07,2011-08,2003-06,2004-05,2004-06,106.15,104.7,1.45,0.301945,medium,delta_stratified_train_only,0,1.6312402484157027,106.33124024841571,0.18124024841570274
466,127,85,2010-08,2011-07,2011-08,2007-02,2008-01,2008-02,106.15,108.74,-2.59,0.596889,small,delta_stratified_train_only,0,-1.1906083244480443,107.54939167555195,1.3993916755519555
467,127,84,2010-08,2011-07,2011-08,2007-01,2007-12,2008-01,106.15,107.08,-0.93,0.520981,small,delta_stratified_train_only,0,-0.7681647706678474,106.31183522933215,0.16183522933215266
468,128,66,2010-09,2011-08,2011-09,2005-07,2006-06,2006-07,106.07,101.0,5.07,1.335855,large,delta_stratified_train_only,0,4.245595292315742,105.24559529231574,-0.8244047076842582
469,128,52,2010-09,2011-08,2011-09,2004-05,2005-04,2005-05,106.07,101.7,4.37,1.876345,large,delta_stratified_train_only,0,4.410845699794707,106.11084569979471,0.04084569979470665
470,128,91,2010-09,2011-08,2011-09,2007-08,2008-07,2008-08,106.07,104.9,1.17,1.145696,medium,delta_stratified_train_only,0,0.3529252317978218,105.25292523179783,-0.8170747682021782
471,128,78,2010-09,2011-08,2011-09,2006-07,2007-06,2007-07,106.07,105.6,0.47,0.561446,medium,delta_stratified_train_only,1,1.1479141430841975,106.74791414308419,0.6779141430841975
472,128,85,2010-09,2011-08,2011-09,2007-02,2008-01,2008-02,106.07,108.74,-2.67,0.554123,small,delta_stratified_train_only,1,-1.3211471228589085,107.41885287714109,1.3488528771410915
473,128,88,2010-09,2011-08,2011-09,2007-05,2008-04,2008-05,106.07,107.72,-1.65,0.324422,small,delta_stratified_train_only,1,-2.036908596540484,105.68309140345951,-0.38690859654048415
474,129,53,2010-10,2011-09,2011-10,2004-06,2005-05,2005-06,105.5,101.6,3.9,1.90307,large,delta_stratified_train_only,0,4.429285424694761,106.02928542469476,0.5292854246947614
475,129,74,2010-10,2011-09,2011-10,2006-03,2007-02,2007-03,105.5,103.3,2.2,0.54055,large,delta_stratified_train_only,1,2.9862741660591468,106.28627416605914,0.7862741660591466
476,129,78,2010-10,2011-09,2011-10,2006-07,2007-06,2007-07,105.5,105.6,-0.1,0.515357,medium,delta_stratified_train_only,1,0.8946866157941509,106.49468661579415,0.9946866157941509
477,129,77,2010-10,2011-09,2011-10,2006-06,2007-05,2007-06,105.5,104.4,1.1,0.534892,medium,delta_stratified_train_only,1,2.3528941130756533,106.75289411307566,1.2528941130756532
478,129,84,2010-10,2011-09,2011-10,2007-01,2007-12,2008-01,105.5,107.08,-1.58,0.468977,small,delta_stratified_train_only,1,-1.151931096368757,105.92806890363124,0.42806890363124306
479,129,86,2010-10,2011-09,2011-10,2007-03,2008-02,2008-03,105.5,108.31,-2.81,0.627753,small,delta_stratified_train_only,1,-2.5661796311343306,105.74382036886567,0.2438203688656695
480,130,62,2010-11,2011-10,2011-11,2005-03,2006-02,2006-03,104.22,100.8,3.42,1.701472,large,delta_stratified_train_only,0,3.997989465610618,104.79798946561061,0.5779894656106181
481,130,18,2010-11,2011-10,2011-11,2001-07,2002-06,2002-07,104.22,99.0,5.22,1.879655,large,delta_stratified_train_only,0,5.4830183912521875,104.48301839125219,0.26301839125218773
482,130,46,2010-11,2011-10,2011-11,2003-11,2004-10,2004-11,104.22,103.2,1.02,0.423108,medium,delta_stratified_train_only,0,1.0423463263211024,104.24234632632111,0.02234632632110234
483,130,37,2010-11,2011-10,2011-11,2003-02,2004-01,2004-02,104.22,102.8,1.42,0.735889,medium,delta_stratified_train_only,0,2.018569614620905,104.8185696146209,0.5985696146209052
484,130,81,2010-11,2011-10,2011-11,2006-10,2007-09,2007-10,104.22,106.5,-2.28,0.838184,small,delta_stratified_train_only,0,-1.6504916202815088,104.84950837971849,0.629508379718491
485,130,80,2010-11,2011-10,2011-11,2006-09,2007-08,2007-09,104.22,106.2,-1.98,0.964929,small,delta_stratified_train_only,0,-1.7533213122322147,104.44667868776779,0.22667868776778533
486,131,33,2010-12,2011-11,2011-12,2002-10,2003-09,2003-10,104.07,102.0,2.07,1.314723,large,delta_stratified_train_only,0,2.406127167316109,104.40612716731611,0.33612716731610925
487,131,106,2010-12,2011-11,2011-12,2008-11,2009-10,2009-11,104.07,100.56,3.51,1.841192,large,delta_stratified_train_only,0,3.9977417913392976,104.5577417913393,0.48774179133929785
488,131,44,2010-12,2011-11,2011-12,2003-09,2004-08,2004-09,104.07,104.2,-0.13,1.197507,medium,delta_stratified_train_only,0,-0.31932702508987165,103.88067297491013,-0.18932702508987165
489,131,93,2010-12,2011-11,2011-12,2007-10,2008-09,2008-10,104.07,103.97,0.1,0.993312,medium,delta_stratified_train_only,0,-0.04812977676029406,103.92187022323971,-0.14812977676029407
490,131,80,2010-12,2011-11,2011-12,2006-09,2007-08,2007-09,104.07,106.2,-2.13,1.411885,small,delta_stratified_train_only,0,-2.147476428078786,104.05252357192121,-0.01747642807878602
491,131,91,2010-12,2011-11,2011-12,2007-08,2008-07,2008-08,104.07,104.9,-0.83,0.41304,small,delta_stratified_train_only,0,-1.3577020885026232,103.54229791149739,-0.5277020885026232
492,132,52,2011-01,2011-12,2012-01,2004-05,2005-04,2005-05,104.55,101.7,2.85,1.397113,large,delta_stratified_train_only,0,2.0215686984134242,103.72156869841342,-0.8284313015865759
493,132,59,2011-01,2011-12,2012-01,2004-12,2005-11,2005-12,104.55,101.4,3.15,1.467619,large,delta_stratified_train_only,0,2.316678308311899,103.7166783083119,-0.8333216916881008
494,132,75,2011-01,2011-12,2012-01,2006-04,2007-03,2007-04,104.55,103.0,1.55,1.672125,medium,delta_stratified_train_only,0,0.5882128761584695,103.58821287615847,-0.9617871238415305
495,132,92,2011-01,2011-12,2012-01,2007-09,2008-08,2008-09,104.55,104.64,-0.09,0.343769,medium,delta_stratified_train_only,0,-1.2109021857373214,103.42909781426268,-1.1209021857373214
496,132,79,2011-01,2011-12,2012-01,2006-08,2007-07,2007-08,104.55,106.5,-1.95,1.668333,small,delta_stratified_train_only,0,-2.0581687131515407,104.44183128684845,-0.10816871315154075
497,132,84,2011-01,2011-12,2012-01,2007-01,2007-12,2008-01,104.55,107.08,-2.53,1.398865,small,delta_stratified_train_only,0,-3.2879805704599923,103.79201942954,-0.7579805704599925
498,133,0,2011-02,2012-01,2012-02,2000-01,2000-12,2001-01,103.16,100.5,2.66,1.829064,large,delta_stratified_train_only,0,3.804989283321646,104.30498928332165,1.144989283321646
499,133,2,2011-02,2012-01,2012-02,2000-03,2001-02,2001-03,103.16,100.7,2.46,1.673248,large,delta_stratified_train_only,0,3.6201044988543325,104.32010449885433,1.1601044988543325
500,133,38,2011-02,2012-01,2012-02,2003-03,2004-02,2004-03,103.16,103.1,0.06,1.756197,medium,delta_stratified_train_only,0,1.4767471539025623,104.57674715390256,1.4167471539025622
501,133,71,2011-02,2012-01,2012-02,2005-12,2006-11,2006-12,103.16,102.8,0.36,1.628334,medium,delta_stratified_train_only,0,1.9880128737897365,104.78801287378974,1.6280128737897366
502,133,80,2011-02,2012-01,2012-02,2006-09,2007-08,2007-09,103.16,106.2,-3.04,1.775999,small,delta_stratified_train_only,0,-2.1236824742135685,104.07631752578644,0.9163175257864316
503,133,86,2011-02,2012-01,2012-02,2007-03,2008-02,2008-03,103.16,108.31,-5.15,1.519728,small,delta_stratified_train_only,0,-3.9997854702795133,104.31021452972048,1.150214529720487
504,134,107,2011-03,2012-02,2012-03,2008-12,2009-11,2009-12,103.59,101.86,1.73,1.690044,large,delta_stratified_train_only,0,1.0445883177241833,102.90458831772418,-0.6854116822758167
505,134,30,2011-03,2012-02,2012-03,2002-07,2003-06,2003-07,103.59,100.4,3.19,1.804066,large,delta_stratified_train_only,0,2.061509729329531,102.46150972932953,-1.128490270670469
506,134,110,2011-03,2012-02,2012-03,2009-03,2010-02,2010-03,103.59,102.37,1.22,1.959433,medium,delta_stratified_train_only,0,-0.006369862345161459,102.36363013765484,-1.2263698623451615
507,134,35,2011-03,2012-02,2012-03,2002-12,2003-11,2003-12,103.59,102.7,0.89,1.874843,medium,delta_stratified_train_only,0,0.25845226558530054,102.95845226558531,-0.6315477344146995
508,134,85,2011-03,2012-02,2012-03,2007-02,2008-01,2008-02,103.59,108.74,-5.15,1.762638,small,delta_stratified_train_only,0,-4.65462898221338,104.08537101778661,0.4953710177866206
509,134,91,2011-03,2012-02,2012-03,2007-08,2008-07,2008-08,103.59,104.9,-1.31,1.419244,small,delta_stratified_train_only,0,-2.980556627556651,101.91944337244335,-1.670556627556651
510,135,13,2011-04,2012-03,2012-04,2001-02,2002-01,2002-02,103.37,99.2,4.17,0.285786,large,delta_stratified_train_only,0,4.013310416006273,103.21331041600628,-0.15668958399372723
511,135,5,2011-04,2012-03,2012-04,2000-06,2001-05,2001-06,103.37,101.2,2.17,1.857957,large,delta_stratified_train_only,0,1.679661043818617,102.87966104381861,-0.4903389561813829
512,135,76,2011-04,2012-03,2012-04,2006-05,2007-04,2007-05,103.37,103.4,-0.03,1.969809,medium,delta_stratified_train_only,0,-0.008390420589517444,103.39160957941048,0.021609579410482554
513,135,51,2011-04,2012-03,2012-04,2004-04,2005-03,2005-04,103.37,102.2,1.17,0.371469,medium,delta_stratified_train_only,1,0.6707244261901397,102.87072442619014,-0.4992755738098602
514,135,88,2011-04,2012-03,2012-04,2007-05,2008-04,2008-05,103.37,107.72,-4.35,1.772061,small,delta_stratified_train_only,0,-4.982771127420853,102.73722887257915,-0.6327711274208534
515,135,40,2011-04,2012-03,2012-04,2003-05,2004-04,2004-05,103.37,104.4,-1.03,1.886918,small,delta_stratified_train_only,0,-1.0841229042158913,103.31587709578412,-0.05412290421589128
516,136,31,2011-05,2012-04,2012-05,2002-08,2003-07,2003-08,103.0,100.9,2.1,1.916053,large,delta_stratified_train_only,0,2.6008090567407587,103.50080905674076,0.5008090567407586
517,136,62,2011-05,2012-04,2012-05,2005-03,2006-02,2006-03,103.0,100.8,2.2,1.072101,large,delta_stratified_train_only,1,2.426524330099154,103.22652433009915,0.22652433009915374
518,136,110,2011-05,2012-04,2012-05,2009-03,2010-02,2010-03,103.0,102.37,0.63,1.941906,medium,delta_stratified_train_only,0,0.43917465704397196,102.80917465704398,-0.19082534295602804
519,136,47,2011-05,2012-04,2012-05,2003-12,2004-11,2004-12,103.0,102.7,0.3,1.745542,medium,delta_stratified_train_only,0,0.19920706739350313,102.8992070673935,-0.10079293260649685
520,136,77,2011-05,2012-04,2012-05,2006-06,2007-05,2007-06,103.0,104.4,-1.4,1.979835,small,delta_stratified_train_only,0,-0.2818156995996388,104.11818430040037,1.118184300400361
521,136,41,2011-05,2012-04,2012-05,2003-06,2004-05,2004-06,103.0,104.7,-1.7,1.924745,small,delta_stratified_train_only,0,-1.3872358899605002,103.31276411003951,0.3127641100394998
522,137,10,2011-06,2012-05,2012-06,2000-11,2001-10,2001-11,102.15,99.5,2.65,1.226123,large,delta_stratified_train_only,0,2.252410857828023,101.75241085782802,-0.39758914217197683
523,137,98,2011-06,2012-05,2012-06,2008-03,2009-02,2009-03,102.15,98.83,3.32,0.336944,large,delta_stratified_train_only,0,3.845828180807019,102.67582818080702,0.5258281808070193
524,137,60,2011-06,2012-05,2012-06,2005-01,2005-12,2006-01,102.15,101.9,0.25,0.46955,medium,delta_stratified_train_only,0,0.8814103438619476,102.78141034386195,0.6314103438619476
525,137,26,2011-06,2012-05,2012-06,2002-03,2003-02,2003-03,102.15,100.6,1.55,1.904755,medium,delta_stratified_train_only,0,1.5612291343108888,102.16122913431089,0.011229134310888789
526,137,44,2011-06,2012-05,2012-06,2003-09,2004-08,2004-09,102.15,104.2,-2.05,1.954278,small,delta_stratified_train_only,0,-2.565324934041403,101.6346750659586,-0.515324934041403
527,137,92,2011-06,2012-05,2012-06,2007-09,2008-08,2008-09,102.15,104.64,-2.49,1.480682,small,delta_stratified_train_only,0,-2.7782504136080153,101.86174958639198,-0.28825041360801507
528,138,101,2011-07,2012-06,2012-07,2008-06,2009-05,2009-06,101.8,98.3,3.5,0.407859,large,delta_stratified_train_only,0,3.3764247044187146,101.67642470441871,-0.12357529558128544
529,138,15,2011-07,2012-06,2012-07,2001-04,2002-03,2002-04,101.8,98.8,3.0,0.283538,large,delta_stratified_train_only,1,2.9968149710972503,101.79681497109725,-0.0031850289027497425
530,138,30,2011-07,2012-06,2012-07,2002-07,2003-06,2003-07,101.8,100.4,1.4,1.952121,medium,delta_stratified_train_only,0,1.2252519622294007,101.62525196222941,-0.17474803777059922
531,138,57,2011-07,2012-06,2012-07,2004-10,2005-09,2005-10,101.8,101.0,0.8,0.448142,medium,delta_stratified_train_only,1,0.9222830258666086,101.9222830258666,0.12228302586660855
532,138,111,2011-07,2012-06,2012-07,2009-04,2010-03,2010-04,101.8,102.81,-1.01,1.933828,small,delta_stratified_train_only,0,-0.7284961885164025,102.0815038114836,0.2815038114835975
533,138,71,2011-07,2012-06,2012-07,2005-12,2006-11,2006-12,101.8,102.8,-1.0,1.570855,small,delta_stratified_train_only,0,-0.49489338622963674,102.30510661377036,0.5051066137703633
534,139,24,2011-08,2012-07,2012-08,2002-01,2002-12,2003-01,102.0,100.1,1.9,1.663895,large,delta_stratified_train_only,0,1.6390916270126488,101.73909162701264,-0.26090837298735114
535,139,101,2011-08,2012-07,2012-08,2008-06,2009-05,2009-06,102.0,98.3,3.7,0.400809,large,delta_stratified_train_only,0,3.1760052799929293,101.47600527999293,-0.5239947200070709
536,139,96,2011-08,2012-07,2012-08,2008-01,2008-12,2009-01,102.0,100.95,1.05,0.53729,medium,delta_stratified_train_only,0,1.0779723527038474,102.02797235270386,0.027972352703847347
537,139,64,2011-08,2012-07,2012-08,2005-05,2006-04,2006-05,102.0,101.4,0.6,1.022394,medium,delta_stratified_train_only,0,0.18141241174296596,101.58141241174297,-0.418587588257034
538,139,80,2011-08,2012-07,2012-08,2006-09,2007-08,2007-09,102.0,106.2,-4.2,1.963243,small,delta_stratified_train_only,0,-4.807008158658727,101.39299184134127,-0.6070081586587266
539,139,50,2011-08,2012-07,2012-08,2004-03,2005-02,2005-03,102.0,102.9,-0.9,1.081844,small,delta_stratified_train_only,1,-0.7165946331860662,102.18340536681394,0.18340536681393382
540,140,98,2011-09,2012-08,2012-09,2008-03,2009-02,2009-03,101.9,98.83,3.07,0.399046,large,delta_stratified_train_only,0,3.722639196132268,102.55263919613226,0.652639196132268
541,140,97,2011-09,2012-08,2012-09,2008-02,2009-01,2009-02,101.9,98.44,3.46,0.409522,large,delta_stratified_train_only,1,2.764041379332668,101.20404137933266,-0.6959586206673318
542,140,110,2011-09,2012-08,2012-09,2009-03,2010-02,2010-03,101.9,102.37,-0.47,1.902222,medium,delta_stratified_train_only,0,-0.7527022169174165,101.61729778308259,-0.2827022169174165
543,140,107,2011-09,2012-08,2012-09,2008-12,2009-11,2009-12,101.9,101.86,0.04,1.167437,medium,delta_stratified_train_only,0,0.29825596315192854,102.15825596315193,0.25825596315192856
544,140,87,2011-09,2012-08,2012-09,2007-04,2008-03,2008-04,101.9,108.48,-6.58,1.960738,small,delta_stratified_train_only,0,-6.5038842716761005,101.9761157283239,0.07611572832389957
545,140,76,2011-09,2012-08,2012-09,2006-05,2007-04,2007-05,101.9,103.4,-1.5,1.88515,small,delta_stratified_train_only,0,-1.1423421036358747,102.25765789636414,0.35765789636412526
546,141,105,2011-10,2012-09,2012-10,2008-10,2009-09,2009-10,101.7,99.47,2.23,0.573729,large,delta_stratified_train_only,0,2.437688873299699,101.90768887329969,0.20768887329969887
547,141,101,2011-10,2012-09,2012-10,2008-06,2009-05,2009-06,101.7,98.3,3.4,0.334862,large,delta_stratified_train_only,0,3.109578141673496,101.40957814167349,-0.2904218583265039
548,141,26,2011-10,2012-09,2012-10,2002-03,2003-02,2003-03,101.7,100.6,1.1,1.884987,medium,delta_stratified_train_only,0,1.0812681743630441,101.68126817436304,-0.018731825636955968
549,141,110,2011-10,2012-09,2012-10,2009-03,2010-02,2010-03,101.7,102.37,-0.67,1.906384,medium,delta_stratified_train_only,0,-1.1094741921905107,101.2605258078095,-0.43947419219051065
550,141,80,2011-10,2012-09,2012-10,2006-09,2007-08,2007-09,101.7,106.2,-4.5,1.903562,small,delta_stratified_train_only,0,-4.873435296978161,101.32656470302184,-0.3734352969781609
551,141,77,2011-10,2012-09,2012-10,2006-06,2007-05,2007-06,101.7,104.4,-2.7,1.913998,small,delta_stratified_train_only,0,-1.8304645488341216,102.56953545116589,0.8695354511658786
552,142,20,2011-11,2012-10,2012-11,2001-09,2002-08,2002-09,102.0,99.1,2.9,0.550478,large,delta_stratified_train_only,0,2.754147058440915,101.85414705844092,-0.14585294155908501
553,142,24,2011-11,2012-10,2012-11,2002-01,2002-12,2003-01,102.0,100.1,1.9,1.666983,large,delta_stratified_train_only,0,2.0953003923042974,102.19530039230429,0.19530039230429752
554,142,5,2011-11,2012-10,2012-11,2000-06,2001-05,2001-06,102.0,101.2,0.8,1.874934,medium,delta_stratified_train_only,0,0.711573289110249,101.91157328911025,-0.08842671088975107
555,142,60,2011-11,2012-10,2012-11,2005-01,2005-12,2006-01,102.0,101.9,0.1,0.44547,medium,delta_stratified_train_only,0,0.9240852875251861,102.8240852875252,0.8240852875251862
556,142,83,2011-11,2012-10,2012-11,2006-12,2007-11,2007-12,102.0,106.5,-4.5,1.981956,small,delta_stratified_train_only,0,-4.063468031088186,102.43653196891181,0.43653196891181434
557,142,113,2011-11,2012-10,2012-11,2009-06,2010-05,2010-06,102.0,102.95,-0.95,1.968069,small,delta_stratified_train_only,0,-1.3810713520968678,101.56892864790314,-0.43107135209686787
558,143,103,2011-12,2012-11,2012-12,2008-08,2009-07,2009-08,102.5,98.8,3.7,0.345668,large,delta_stratified_train_only,0,3.7583428951171225,102.55834289511712,0.05834289511712232
559,143,1,2011-12,2012-11,2012-12,2000-02,2001-01,2001-02,102.5,100.6,1.9,1.85613,large,delta_stratified_train_only,0,1.4418717633905687,102.04187176339056,-0.45812823660943125
560,143,37,2011-12,2012-11,2012-12,2003-02,2004-01,2004-02,102.5,102.8,-0.3,1.905119,medium,delta_stratified_train_only,0,-0.6144447754661044,102.18555522453389,-0.31444477546610444
561,143,46,2011-12,2012-11,2012-12,2003-11,2004-10,2004-11,102.5,103.2,-0.7,1.937419,medium,delta_stratified_train_only,0,-1.5906680637659074,101.6093319362341,-0.8906680637659075
562,143,43,2011-12,2012-11,2012-12,2003-08,2004-07,2004-08,102.5,105.0,-2.5,1.921725,small,delta_stratified_train_only,0,-2.875585003897135,102.12441499610287,-0.3755850038971351
563,143,77,2011-12,2012-11,2012-12,2006-06,2007-05,2007-06,102.5,104.4,-1.9,1.940289,small,delta_stratified_train_only,0,-1.3433649541751842,103.05663504582482,0.5566350458248157
564,144,24,2012-01,2012-12,2013-01,2002-01,2002-12,2003-01,102.0,100.1,1.9,1.443722,large,delta_stratified_train_only,0,1.5000766664855982,101.60007666648559,-0.3999233335144017
565,144,21,2012-01,2012-12,2013-01,2001-10,2002-09,2002-10,102.0,99.1,2.9,0.425089,large,delta_stratified_train_only,0,2.3034890969230046,101.403489096923,-0.5965109030769953
566,144,64,2012-01,2012-12,2013-01,2005-05,2006-04,2006-05,102.0,101.4,0.6,1.153044,medium,delta_stratified_train_only,0,0.042397451215915816,101.44239745121592,-0.5576025487840841
567,144,6,2012-01,2012-12,2013-01,2000-07,2001-06,2001-07,102.0,100.8,1.2,1.811664,medium,delta_stratified_train_only,0,0.2144589217060291,101.01445892170602,-0.9855410782939709
568,144,115,2012-01,2012-12,2013-01,2009-08,2010-07,2010-08,102.0,103.48,-1.48,1.938257,small,delta_stratified_train_only,0,-1.6750837804091925,101.80491621959081,-0.1950837804091925
569,144,111,2012-01,2012-12,2013-01,2009-04,2010-03,2010-04,102.0,102.81,-0.81,1.835068,small,delta_stratified_train_only,0,-1.0679305734692373,101.74206942653076,-0.2579305734692372
570,145,29,2012-02,2013-01,2013-02,2002-06,2003-05,2003-06,103.2,100.4,2.8,1.829107,large,delta_stratified_train_only,0,2.289657960261461,102.68965796026147,-0.5103420397385388
571,145,1,2012-02,2013-01,2013-02,2000-02,2001-01,2001-02,103.2,100.6,2.6,1.782673,large,delta_stratified_train_only,0,2.058080291872158,102.65808029187215,-0.5419197081278422
572,145,60,2012-02,2013-01,2013-02,2005-01,2005-12,2006-01,103.2,101.9,1.3,0.407738,medium,delta_stratified_train_only,0,1.5047575070546295,103.40475750705464,0.20475750705462947
573,145,46,2012-02,2013-01,2013-02,2003-11,2004-10,2004-11,103.2,103.2,0.0,1.913308,medium,delta_stratified_train_only,0,-0.974459535284318,102.22554046471568,-0.974459535284318
574,145,90,2012-02,2013-01,2013-02,2007-07,2008-06,2008-07,103.2,106.3,-3.1,1.826229,small,delta_stratified_train_only,0,-3.5152765977065696,102.78472340229342,-0.41527659770656955
575,145,77,2012-02,2013-01,2013-02,2006-06,2007-05,2007-06,103.2,104.4,-1.2,1.838183,small,delta_stratified_train_only,0,-0.7271564256935952,103.67284357430641,0.4728435743064048
576,146,11,2012-03,2013-02,2013-03,2000-12,2001-11,2001-12,102.1,99.3,2.8,1.652165,large,delta_stratified_train_only,0,3.5013829213808574,102.80138292138085,0.7013829213808576
577,146,29,2012-03,2013-02,2013-03,2002-06,2003-05,2003-06,102.1,100.4,1.7,1.626355,large,delta_stratified_train_only,0,2.675289261574405,103.07528926157441,0.9752892615744051
578,146,106,2012-03,2013-02,2013-03,2008-11,2009-10,2009-11,102.1,100.56,1.54,0.487012,medium,delta_stratified_train_only,0,2.7607223468933917,103.32072234689339,1.2207223468933917
579,146,65,2012-03,2013-02,2013-03,2005-06,2006-05,2006-06,102.1,101.5,0.6,1.297422,medium,delta_stratified_train_only,0,1.6865793091394898,103.18657930913949,1.08657930913949
580,146,121,2012-03,2013-02,2013-03,2010-02,2011-01,2011-02,102.1,104.94,-2.84,1.565954,small,delta_stratified_train_only,0,-1.184039040481912,103.75596095951809,1.6559609595180877
581,146,90,2012-03,2013-02,2013-03,2007-07,2008-06,2008-07,102.1,106.3,-4.2,1.772733,small,delta_stratified_train_only,0,-3.129645296393626,103.17035470360636,1.070354703606374
582,147,13,2012-04,2013-03,2013-04,2001-02,2002-01,2002-02,102.4,99.2,3.2,1.568198,large,delta_stratified_train_only,0,3.0655800155095063,102.26558001550951,-0.13441998449049386
583,147,8,2012-04,2013-03,2013-04,2000-09,2001-08,2001-09,102.4,100.0,2.4,1.609957,large,delta_stratified_train_only,0,1.984335178576319,101.98433517857632,-0.4156648214236809
584,147,109,2012-04,2013-03,2013-04,2009-02,2010-01,2010-02,102.4,102.7,-0.3,1.24559,medium,delta_stratified_train_only,0,-0.833262340275464,101.86673765972454,-0.5332623402754639
585,147,60,2012-04,2013-03,2013-04,2005-01,2005-12,2006-01,102.4,101.9,0.5,1.130569,medium,delta_stratified_train_only,0,0.9444426417367883,102.84444264173679,0.44444264173678827
586,147,39,2012-04,2013-03,2013-04,2003-04,2004-03,2004-04,102.4,103.8,-1.4,1.487095,small,delta_stratified_train_only,0,-1.1484526399685746,102.65154736003143,0.2515473600314253
587,147,117,2012-04,2013-03,2013-04,2009-10,2010-09,2010-10,102.4,104.37,-1.97,1.72497,small,delta_stratified_train_only,0,-1.5629024627442043,102.8070975372558,0.40709753725579567
588,148,16,2012-05,2013-04,2013-05,2001-05,2002-04,2002-05,102.1,98.8,3.3,1.433983,large,delta_stratified_train_only,0,3.5434397526430566,102.34343975264305,0.24343975264305673
589,148,104,2012-05,2013-04,2013-05,2008-09,2009-08,2009-09,102.1,99.21,2.89,1.353396,large,delta_stratified_train_only,0,3.594906697162066,102.80490669716205,0.7049066971620657
590,148,36,2012-05,2013-04,2013-05,2003-01,2003-12,2004-01,102.1,102.6,-0.5,1.217767,medium,delta_stratified_train_only,0,-0.32767822459987517,102.27232177540012,0.17232177540012483
591,148,37,2012-05,2013-04,2013-05,2003-02,2004-01,2004-02,102.1,102.8,-0.7,1.144447,medium,delta_stratified_train_only,0,-0.35471567529312564,102.44528432470688,0.3452843247068743
592,148,115,2012-05,2013-04,2013-05,2009-08,2010-07,2010-08,102.1,103.48,-1.38,1.384574,small,delta_stratified_train_only,0,-0.8556672633696603,102.62433273663035,0.5243327366303396
593,148,79,2012-05,2013-04,2013-05,2006-08,2007-07,2007-08,102.1,106.5,-4.4,1.297996,small,delta_stratified_train_only,0,-3.358649206138163,103.14135079386183,1.0413507938618372
594,149,9,2012-06,2013-05,2013-06,2000-10,2001-09,2001-10,102.7,99.8,2.9,1.134182,large,delta_stratified_train_only,0,2.4806446146348913,102.2806446146349,-0.41935538536510863
595,149,104,2012-06,2013-05,2013-06,2008-09,2009-08,2009-09,102.7,99.21,3.49,1.678048,large,delta_stratified_train_only,0,3.6540224767282794,102.86402247672828,0.1640224767282792
596,149,68,2012-06,2013-05,2013-06,2005-09,2006-08,2006-09,102.7,101.5,1.2,1.547432,medium,delta_stratified_train_only,0,1.2344391102608088,102.73443911026081,0.034439110260808814
597,149,114,2012-06,2013-05,2013-06,2009-07,2010-06,2010-07,102.7,103.3,-0.6,1.091484,medium,delta_stratified_train_only,0,-1.0227743340070363,102.27722566599296,-0.42277433400703635
598,149,122,2012-06,2013-05,2013-06,2010-03,2011-02,2011-03,102.7,105.38,-2.68,0.930735,small,delta_stratified_train_only,0,-2.5551818436067038,102.82481815639329,0.12481815639329641
599,149,80,2012-06,2013-05,2013-06,2006-09,2007-08,2007-09,102.7,106.2,-3.5,1.180417,small,delta_stratified_train_only,0,-4.06749082258003,102.13250917741998,-0.5674908225800301
600,150,1,2012-07,2013-06,2013-07,2000-02,2001-01,2001-02,102.7,100.6,2.1,1.126831,large,delta_stratified_train_only,0,2.181625347949476,102.78162534794947,0.08162534794947574
601,150,18,2012-07,2013-06,2013-07,2001-07,2002-06,2002-07,102.7,99.0,3.7,1.753102,large,delta_stratified_train_only,0,3.589757585724085,102.58975758572409,-0.1102424142759153
602,150,35,2012-07,2013-06,2013-07,2002-12,2003-11,2003-12,102.7,102.7,0.0,1.161357,medium,delta_stratified_train_only,0,0.38220111495779585,103.0822011149578,0.38220111495779585
603,150,73,2012-07,2013-06,2013-07,2006-02,2007-01,2007-02,102.7,102.7,0.0,1.210455,medium,delta_stratified_train_only,0,0.15327460576925905,102.85327460576926,0.15327460576925905
604,150,86,2012-07,2013-06,2013-07,2007-03,2008-02,2008-03,102.7,108.31,-5.61,0.868416,small,delta_stratified_train_only,0,-5.522685113826261,102.78731488617375,0.08731488617373895
605,150,77,2012-07,2013-06,2013-07,2006-06,2007-05,2007-06,102.7,104.4,-1.7,1.051573,small,delta_stratified_train_only,0,-0.6036113696162768,103.79638863038373,1.0963886303837231
606,151,24,2012-08,2013-07,2013-08,2002-01,2002-12,2003-01,102.6,100.1,2.5,1.229793,large,delta_stratified_train_only,0,2.6988568250846683,102.79885682508467,0.1988568250846683
607,151,13,2012-08,2013-07,2013-08,2001-02,2002-01,2002-02,102.6,99.2,3.4,1.708865,large,delta_stratified_train_only,0,3.648779094078275,102.84877909407828,0.24877909407827525
608,151,32,2012-08,2013-07,2013-08,2002-09,2003-08,2003-09,102.6,101.6,1.0,0.830086,medium,delta_stratified_train_only,1,1.6593116870954538,103.25931168709545,0.6593116870954538
609,151,59,2012-08,2013-07,2013-08,2004-12,2005-11,2005-12,102.6,101.4,1.2,1.758768,medium,delta_stratified_train_only,0,1.395561456884814,102.79556145688483,0.19556145688481408
610,151,77,2012-08,2013-07,2013-08,2006-06,2007-05,2007-06,102.6,104.4,-1.8,0.857939,small,delta_stratified_train_only,1,-0.704272212442667,103.69572778755735,1.095727787557333
611,151,39,2012-08,2013-07,2013-08,2003-04,2004-03,2004-04,102.6,103.8,-1.2,0.916414,small,delta_stratified_train_only,1,-0.5652535613998058,103.2347464386002,0.6347464386001942
612,152,57,2012-09,2013-08,2013-09,2004-10,2005-09,2005-10,103.1,101.0,2.1,1.69641,large,delta_stratified_train_only,0,1.5150812608991293,102.51508126089912,-0.5849187391008708
613,152,25,2012-09,2013-08,2013-09,2002-02,2003-01,2003-02,103.1,100.3,2.8,1.147946,large,delta_stratified_train_only,1,2.0094126360850595,102.30941263608506,-0.7905873639149403
614,152,60,2012-09,2013-08,2013-09,2005-01,2005-12,2006-01,103.1,101.9,1.2,1.751524,medium,delta_stratified_train_only,0,1.2610941816918422,103.16109418169185,0.06109418169184222
615,152,36,2012-09,2013-08,2013-09,2003-01,2003-12,2004-01,103.1,102.6,0.5,1.050894,medium,delta_stratified_train_only,1,-0.21486212165405238,102.38513787834594,-0.7148621216540524
616,152,44,2012-09,2013-08,2013-09,2003-09,2004-08,2004-09,103.1,104.2,-1.1,0.973052,small,delta_stratified_train_only,1,-2.1856410962115085,102.01435890378849,-1.0856410962115084
617,152,87,2012-09,2013-08,2013-09,2007-04,2008-03,2008-04,103.1,108.48,-5.38,0.856879,small,delta_stratified_train_only,1,-6.001011449171457,102.47898855082855,-0.6210114491714567
618,153,105,2012-10,2013-09,2013-10,2008-10,2009-09,2009-10,103.2,99.47,3.73,1.817551,large,delta_stratified_train_only,0,4.138450158207028,103.60845015820702,0.4084501582070277
619,153,64,2012-10,2013-09,2013-10,2005-05,2006-04,2006-05,103.2,101.4,1.8,1.639838,large,delta_stratified_train_only,0,1.8157465583308607,103.21574655833086,0.015746558330860694
620,153,50,2012-10,2013-09,2013-10,2004-03,2005-02,2005-03,103.2,102.9,0.3,1.506217,medium,delta_stratified_train_only,0,0.9177395134018287,103.81773951340183,0.6177395134018286
621,153,35,2012-10,2013-09,2013-10,2002-12,2003-11,2003-12,103.2,102.7,0.5,0.8065,medium,delta_stratified_train_only,0,0.85610922064728,103.55610922064729,0.35610922064728
622,153,92,2012-10,2013-09,2013-10,2007-09,2008-08,2008-09,103.2,104.64,-1.44,1.573834,small,delta_stratified_train_only,0,-1.5574500886485316,103.08254991135146,-0.11745008864853168
623,153,82,2012-10,2013-09,2013-10,2006-11,2007-10,2007-11,103.2,106.9,-3.7,0.885604,small,delta_stratified_train_only,0,-3.132791239654072,103.76720876034594,0.5672087603459284
624,154,61,2012-11,2013-10,2013-11,2005-02,2006-01,2006-02,103.0,100.9,2.1,1.58223,large,delta_stratified_train_only,0,0.963799085013356,101.86379908501335,-1.136200914986644
625,154,15,2012-11,2013-10,2013-11,2001-04,2002-03,2002-04,103.0,98.8,4.2,1.742922,large,delta_stratified_train_only,0,4.191945050087877,102.99194505008788,-0.008054949912122744
626,154,65,2012-11,2013-10,2013-11,2005-06,2006-05,2006-06,103.0,101.5,1.5,1.480683,medium,delta_stratified_train_only,0,1.6596165264218645,103.15961652642187,0.15961652642186452
627,154,49,2012-11,2013-10,2013-11,2004-02,2005-01,2005-02,103.0,102.7,0.3,1.624125,medium,delta_stratified_train_only,0,0.5068697505812496,103.20686975058125,0.20686975058124962
628,154,43,2012-11,2013-10,2013-11,2003-08,2004-07,2004-08,103.0,105.0,-2.0,0.824289,small,delta_stratified_train_only,0,-1.900707956820227,103.09929204317977,0.09929204317977303
629,154,130,2012-11,2013-10,2013-11,2010-11,2011-10,2011-11,103.0,104.22,-1.22,1.182136,small,delta_stratified_train_only,0,-1.6416200030210526,102.57837999697895,-0.4216200030210526
630,155,21,2012-12,2013-11,2013-12,2001-10,2002-09,2002-10,102.5,99.1,3.4,1.631915,large,delta_stratified_train_only,0,3.264635519582214,102.36463551958221,-0.13536448041778604
631,155,13,2012-12,2013-11,2013-12,2001-02,2002-01,2002-02,102.5,99.2,3.3,1.77499,large,delta_stratified_train_only,0,3.4111453581384135,102.61114535813842,0.11114535813841364
632,155,59,2012-12,2013-11,2013-12,2004-12,2005-11,2005-12,102.5,101.4,1.1,1.751501,medium,delta_stratified_train_only,0,1.157927720944953,102.55792772094496,0.05792772094495291
633,155,64,2012-12,2013-11,2013-12,2005-05,2006-04,2006-05,102.5,101.4,1.1,1.568552,medium,delta_stratified_train_only,0,1.0035438738751252,102.40354387387514,-0.09645612612487486
634,155,82,2012-12,2013-11,2013-12,2006-11,2007-10,2007-11,102.5,106.9,-4.4,0.925717,small,delta_stratified_train_only,1,-3.9449939241098066,102.9550060758902,0.4550060758901937
635,155,125,2012-12,2013-11,2013-12,2010-06,2011-05,2011-06,102.5,106.36,-3.86,1.067524,small,delta_stratified_train_only,0,-3.1902708130701924,103.1697291869298,0.6697291869298074
636,156,98,2013-01,2013-12,2014-01,2008-03,2009-02,2009-03,102.5,98.83,3.67,1.694987,large,delta_stratified_train_only,0,4.928962731901745,103.75896273190175,1.258962731901745
637,156,20,2013-01,2013-12,2014-01,2001-09,2002-08,2002-09,102.5,99.1,3.4,1.691472,large,delta_stratified_train_only,0,3.7946066658724016,102.8946066658724,0.3946066658724017
638,156,70,2013-01,2013-12,2014-01,2005-11,2006-10,2006-11,102.5,101.9,0.6,1.409212,medium,delta_stratified_train_only,0,1.8451424735479631,103.74514247354797,1.245142473547963
639,156,32,2013-01,2013-12,2014-01,2002-09,2003-08,2003-09,102.5,101.6,0.9,1.197363,medium,delta_stratified_train_only,1,2.0962148617465695,103.69621486174657,1.1962148617465695
640,156,84,2013-01,2013-12,2014-01,2007-01,2007-12,2008-01,102.5,107.08,-4.58,0.956775,small,delta_stratified_train_only,1,-3.772194247235962,103.30780575276404,0.8078057527640379
641,156,127,2013-01,2013-12,2014-01,2010-08,2011-07,2011-08,102.5,106.15,-3.65,1.159196,small,delta_stratified_train_only,0,-2.987512136579067,103.16248786342094,0.662487863420933
642,157,10,2013-02,2014-01,2014-02,2000-11,2001-10,2001-11,102.0,99.5,2.5,1.223177,large,delta_stratified_train_only,0,1.8087552206518762,101.30875522065188,-0.6912447793481238
643,157,14,2013-02,2014-01,2014-02,2001-03,2002-02,2002-03,102.0,99.1,2.9,1.727498,large,delta_stratified_train_only,0,2.491519805981971,101.59151980598196,-0.4084801940180287
644,157,68,2013-02,2014-01,2014-02,2005-09,2006-08,2006-09,102.0,101.5,0.5,1.343551,medium,delta_stratified_train_only,0,0.464799958634376,101.96479995863437,-0.03520004136562399
645,157,107,2013-02,2014-01,2014-02,2008-12,2009-11,2009-12,102.0,101.86,0.14,1.47839,medium,delta_stratified_train_only,0,-0.022210689349468238,101.83778931065054,-0.16221068934946825
646,157,40,2013-02,2014-01,2014-02,2003-05,2004-04,2004-05,102.0,104.4,-2.4,1.185875,small,delta_stratified_train_only,0,-2.538541239763645,101.86145876023636,-0.13854123976364496
647,157,38,2013-02,2014-01,2014-02,2003-03,2004-02,2004-03,102.0,103.1,-1.1,1.119769,small,delta_stratified_train_only,0,-1.2367003460903327,101.86329965390966,-0.13670034609033266
648,158,13,2013-03,2014-02,2014-03,2001-02,2002-01,2002-02,102.4,99.2,3.2,1.427468,large,delta_stratified_train_only,0,3.3971266043133257,102.59712660431333,0.19712660431332552
649,158,102,2013-03,2014-02,2014-03,2008-07,2009-06,2009-07,102.4,98.19,4.21,1.668562,large,delta_stratified_train_only,0,4.411008002546487,102.60100800254648,0.20100800254648732
650,158,56,2013-03,2014-02,2014-03,2004-09,2005-08,2005-09,102.4,101.0,1.4,1.522987,medium,delta_stratified_train_only,0,0.9718167279218435,101.97181672792185,-0.42818327207815643
651,158,49,2013-03,2014-02,2014-03,2004-02,2005-01,2005-02,102.4,102.7,-0.3,0.860051,medium,delta_stratified_train_only,1,-0.0805670445280906,102.61943295547191,0.21943295547190939
652,158,88,2013-03,2014-02,2014-03,2007-05,2008-04,2008-05,102.4,107.72,-5.32,1.279441,small,delta_stratified_train_only,0,-5.598954939113799,102.1210450608862,-0.27895493911379887
653,158,42,2013-03,2014-02,2014-03,2003-07,2004-06,2004-07,102.4,105.1,-2.7,1.33318,small,delta_stratified_train_only,0,-2.2931878171414697,102.80681218285852,0.4068121828585305
654,159,97,2013-04,2014-03,2014-04,2008-02,2009-01,2009-02,101.8,98.44,3.36,1.276957,large,delta_stratified_train_only,0,3.0328507364863624,101.47285073648636,-0.3271492635136375
655,159,14,2013-04,2014-03,2014-04,2001-03,2002-02,2002-03,101.8,99.1,2.7,1.352071,large,delta_stratified_train_only,0,3.080795815637062,102.18079581563705,0.3807958156370619
656,159,62,2013-04,2014-03,2014-04,2005-03,2006-02,2006-03,101.8,100.8,1.0,1.782082,medium,delta_stratified_train_only,0,1.5034568132914599,102.30345681329146,0.5034568132914599
657,159,61,2013-04,2014-03,2014-04,2005-02,2006-01,2006-02,101.8,100.9,0.9,1.732734,medium,delta_stratified_train_only,0,0.1274037757042984,101.0274037757043,-0.7725962242957016
658,159,50,2013-04,2014-03,2014-04,2004-03,2005-02,2005-03,101.8,102.9,-1.1,0.910084,small,delta_stratified_train_only,0,-0.15744043907871175,102.7425595609213,0.9425595609212883
659,159,80,2013-04,2014-03,2014-04,2006-09,2007-08,2007-09,101.8,106.2,-4.4,1.564996,small,delta_stratified_train_only,0,-4.247853964551372,101.95214603544864,0.15214603544862815
660,160,105,2013-05,2014-04,2014-05,2008-10,2009-09,2009-10,102.5,99.47,3.03,1.531642,large,delta_stratified_train_only,0,2.7370118257382607,102.20701182573826,-0.29298817426173906
661,160,16,2013-05,2014-04,2014-05,2001-05,2002-04,2002-05,102.5,98.8,3.7,1.254531,large,delta_stratified_train_only,0,3.095934010249702,101.8959340102497,-0.604065989750298
662,160,34,2013-05,2014-04,2014-05,2002-11,2003-10,2003-11,102.5,102.4,0.1,1.640864,medium,delta_stratified_train_only,0,-0.15336072498408748,102.24663927501592,-0.25336072498408746
663,160,96,2013-05,2014-04,2014-05,2008-01,2008-12,2009-01,102.5,100.95,1.55,0.848181,medium,delta_stratified_train_only,0,1.3108681668229758,102.26086816682297,-0.23913183317702424
664,160,42,2013-05,2014-04,2014-05,2003-07,2004-06,2004-07,102.5,105.1,-2.6,1.629657,small,delta_stratified_train_only,0,-2.868404711329414,102.23159528867058,-0.2684047113294139
665,160,88,2013-05,2014-04,2014-05,2007-05,2008-04,2008-05,102.5,107.72,-5.22,1.595124,small,delta_stratified_train_only,0,-6.1741718333017435,101.54582816669826,-0.9541718333017437
666,161,19,2013-06,2014-05,2014-06,2001-08,2002-07,2002-08,102.3,99.1,3.2,1.055473,large,delta_stratified_train_only,1,2.9533099665255076,102.0533099665255,-0.2466900334744926
667,161,13,2013-06,2014-05,2014-06,2001-02,2002-01,2002-02,102.3,99.2,3.1,0.641917,large,delta_stratified_train_only,0,3.113642762640408,102.31364276264041,0.01364276264040809
668,161,107,2013-06,2014-05,2014-06,2008-12,2009-11,2009-12,102.3,101.86,0.44,1.467541,medium,delta_stratified_train_only,0,0.532539992832422,102.39253999283243,0.09253999283242204
669,161,3,2013-06,2014-05,2014-06,2000-04,2001-03,2001-04,102.3,101.3,1.0,1.83043,medium,delta_stratified_train_only,0,1.2667456205002852,102.56674562050028,0.26674562050028516
670,161,124,2013-06,2014-05,2014-06,2010-05,2011-04,2011-05,102.3,105.51,-3.21,1.808599,small,delta_stratified_train_only,0,-2.9828970567519812,102.52710294324802,0.22710294324801872
671,161,117,2013-06,2014-05,2014-06,2009-10,2010-09,2010-10,102.3,104.37,-2.07,1.683155,small,delta_stratified_train_only,0,-1.5148397156133016,102.8551602843867,0.5551602843866983
672,162,26,2013-07,2014-06,2014-07,2002-03,2003-02,2003-03,102.3,100.6,1.7,1.750802,large,delta_stratified_train_only,0,1.5274467819600472,102.12744678196005,-0.17255321803995272
673,162,98,2013-07,2014-06,2014-07,2008-03,2009-02,2009-03,102.3,98.83,3.47,0.82745,large,delta_stratified_train_only,0,3.812045828456177,102.64204582845618,0.3420458284561767
674,162,113,2013-07,2014-06,2014-07,2009-06,2010-05,2010-06,102.3,102.95,-0.65,1.832761,medium,delta_stratified_train_only,0,-1.4575286481109473,101.49247135188905,-0.8075286481109473
675,162,31,2013-07,2014-06,2014-07,2002-08,2003-07,2003-08,102.3,100.9,1.4,1.84736,medium,delta_stratified_train_only,0,1.49833881510328,102.39833881510329,0.09833881510328002
676,162,122,2013-07,2014-06,2014-07,2010-03,2011-02,2011-03,102.3,105.38,-3.08,1.821664,small,delta_stratified_train_only,0,-2.91494771040783,102.46505228959217,0.16505228959217
677,162,89,2013-07,2014-06,2014-07,2007-06,2008-05,2008-06,102.3,107.08,-4.78,1.742226,small,delta_stratified_train_only,0,-4.909553489718247,102.17044651028175,-0.12955348971824687
678,163,9,2013-08,2014-07,2014-08,2000-10,2001-09,2001-10,102.0,99.8,2.2,1.600537,large,delta_stratified_train_only,0,2.5049911081413536,102.30499110814135,0.30499110814135344
679,163,100,2013-08,2014-07,2014-08,2008-05,2009-04,2009-05,102.0,98.63,3.37,0.852569,large,delta_stratified_train_only,0,3.9685394648772814,102.59853946487728,0.5985394648772813
680,163,73,2013-08,2014-07,2014-08,2006-02,2007-01,2007-02,102.0,102.7,-0.7,1.653652,medium,delta_stratified_train_only,0,-0.2432876055439923,102.456712394456,0.45671239445600764
681,163,26,2013-08,2014-07,2014-08,2002-03,2003-02,2003-03,102.0,100.6,1.4,1.742927,medium,delta_stratified_train_only,0,1.9115591422676368,102.51155914226763,0.5115591422676369
682,163,93,2013-08,2014-07,2014-08,2007-10,2008-09,2008-10,102.0,103.97,-1.97,1.45876,small,delta_stratified_train_only,0,-1.943797677755078,102.02620232224493,0.026202322244921916
683,163,112,2013-08,2014-07,2014-08,2009-05,2010-04,2010-05,102.0,103.06,-1.06,1.83428,small,delta_stratified_train_only,0,-0.6268180995683275,102.43318190043168,0.4331819004316726
684,164,102,2013-09,2014-08,2014-09,2008-07,2009-06,2009-07,101.6,98.19,3.41,0.586916,large,delta_stratified_train_only,0,3.6455786466843776,101.83557864668438,0.23557864668437745
685,164,13,2013-09,2014-08,2014-09,2001-02,2002-01,2002-02,101.6,99.2,2.4,1.020778,large,delta_stratified_train_only,0,2.631697248451216,101.83169724845122,0.2316972484512161
686,164,51,2013-09,2014-08,2014-09,2004-04,2005-03,2005-04,101.6,102.2,-0.6,1.057782,medium,delta_stratified_train_only,0,-0.7108887413649168,101.48911125863509,-0.11088874136491678
687,164,108,2013-09,2014-08,2014-09,2009-01,2009-12,2010-01,101.6,101.53,0.07,1.4679,medium,delta_stratified_train_only,0,0.2020716504192252,101.73207165041923,0.1320716504192252
688,164,39,2013-09,2014-08,2014-09,2003-04,2004-03,2004-04,101.6,103.8,-2.2,1.861381,small,delta_stratified_train_only,0,-1.5823354070268645,102.21766459297314,0.6176645929731357
689,164,132,2013-09,2014-08,2014-09,2011-01,2011-12,2012-01,101.6,104.55,-2.95,1.564589,small,delta_stratified_train_only,0,-1.9216813570650955,102.6283186429349,1.0283186429349047
690,165,20,2013-10,2014-09,2014-10,2001-09,2002-08,2002-09,101.6,99.1,2.5,0.803817,large,delta_stratified_train_only,0,2.0271304199210336,101.12713041992103,-0.4728695800789664
691,165,18,2013-10,2014-09,2014-10,2001-07,2002-06,2002-07,101.6,99.0,2.6,0.642764,large,delta_stratified_train_only,0,2.1585236715974423,101.15852367159744,-0.4414763284025578
692,165,95,2013-10,2014-09,2014-10,2007-12,2008-11,2008-12,101.6,101.2,0.4,1.087158,medium,delta_stratified_train_only,0,-0.44675948964539447,100.75324051035462,-0.8467594896453945
693,165,6,2013-10,2014-09,2014-10,2000-07,2001-06,2001-07,101.6,100.8,0.8,1.841103,medium,delta_stratified_train_only,0,0.08266600900484744,100.88266600900485,-0.7173339909951526
694,165,109,2013-10,2014-09,2014-10,2009-02,2010-01,2010-02,101.6,102.7,-1.1,1.743732,small,delta_stratified_train_only,0,-1.5806363330069473,101.11936366699305,-0.4806363330069472
695,165,48,2013-10,2014-09,2014-10,2004-01,2004-12,2005-01,101.6,102.8,-1.2,1.624819,small,delta_stratified_train_only,0,-1.2370615063443733,101.56293849365562,-0.03706150634437333
696,166,104,2013-11,2014-10,2014-11,2008-09,2009-08,2009-09,101.4,99.21,2.19,0.758283,large,delta_stratified_train_only,0,2.8669353484823032,102.0769353484823,0.6769353484823033
697,166,17,2013-11,2014-10,2014-11,2001-06,2002-05,2002-06,101.4,99.0,2.4,0.671407,large,delta_stratified_train_only,0,2.6358233734648806,101.63582337346489,0.2358233734648807
698,166,59,2013-11,2014-10,2014-11,2004-12,2005-11,2005-12,101.4,101.4,0.0,0.931316,medium,delta_stratified_train_only,0,0.28822646664551416,101.68822646664552,0.28822646664551416
699,166,29,2013-11,2014-10,2014-11,2002-06,2003-05,2003-06,101.4,100.4,1.0,1.801374,medium,delta_stratified_train_only,0,1.2052071832730884,101.6052071832731,0.2052071832730884
700,166,76,2013-11,2014-10,2014-11,2006-05,2007-04,2007-05,101.4,103.4,-2.0,1.782928,small,delta_stratified_train_only,0,-1.480256732756815,101.91974326724319,0.519743267243185
701,166,93,2013-11,2014-10,2014-11,2007-10,2008-09,2008-10,101.4,103.97,-2.57,1.065465,small,delta_stratified_train_only,0,-2.7552312995075168,101.21476870049248,-0.18523129950751693
702,167,102,2013-12,2014-11,2014-12,2008-07,2009-06,2009-07,101.5,98.19,3.31,0.871945,large,delta_stratified_train_only,0,3.601192144275557,101.79119214427556,0.29119214427555695
703,167,101,2013-12,2014-11,2014-12,2008-06,2009-05,2009-06,101.5,98.3,3.2,0.792572,large,delta_stratified_train_only,0,3.174302130029071,101.47430213002907,-0.025697869970929155
704,167,7,2013-12,2014-11,2014-12,2000-08,2001-07,2001-08,101.5,100.4,1.1,1.841189,medium,delta_stratified_train_only,0,0.7440404652616174,101.14404046526163,-0.3559595347383827
705,167,2,2013-12,2014-11,2014-12,2000-03,2001-02,2001-03,101.5,100.7,0.8,1.8415,medium,delta_stratified_train_only,0,0.935075664445316,101.63507566444532,0.13507566444531593
706,167,85,2013-12,2014-11,2014-12,2007-02,2008-01,2008-02,101.5,108.74,-7.24,1.769666,small,delta_stratified_train_only,0,-5.693009323703155,103.04699067629684,1.5469906762968453
707,167,84,2013-12,2014-11,2014-12,2007-01,2007-12,2008-01,101.5,107.08,-5.58,1.796164,small,delta_stratified_train_only,0,-5.270565769922956,101.80943423007704,0.30943423007704407
708,168,99,2014-01,2014-12,2015-01,2008-04,2009-03,2009-04,100.8,98.5,2.3,0.654655,large,delta_stratified_train_only,0,3.059701234717582,101.55970123471758,0.759701234717582
709,168,15,2014-01,2014-12,2015-01,2001-04,2002-03,2002-04,100.8,98.8,2.0,0.8161,large,delta_stratified_train_only,0,2.474448263446132,101.27444826344613,0.4744482634461318
710,168,62,2014-01,2014-12,2015-01,2005-03,2006-02,2006-03,100.8,100.8,0.0,1.232834,medium,delta_stratified_train_only,0,0.6223553359587717,101.42235533595877,0.6223553359587717
711,168,23,2014-01,2014-12,2015-01,2001-12,2002-11,2002-12,100.8,99.8,1.0,1.652363,medium,delta_stratified_train_only,0,1.5694205082685992,101.36942050826859,0.5694205082685992
712,168,113,2014-01,2014-12,2015-01,2009-06,2010-05,2010-06,100.8,102.95,-2.15,1.847691,small,delta_stratified_train_only,0,-2.159227400613851,100.79077259938614,-0.009227400613851078
713,168,81,2014-01,2014-12,2015-01,2006-10,2007-09,2007-10,100.8,106.5,-5.7,1.896328,small,delta_stratified_train_only,0,-5.026125749933355,101.47387425006664,0.6738742500666453
714,169,11,2014-02,2015-01,2015-02,2000-12,2001-11,2001-12,101.4,99.3,2.1,0.669985,large,delta_stratified_train_only,0,1.431415807749254,100.73141580774926,-0.6685841922507461
715,169,19,2014-02,2015-01,2015-02,2001-08,2002-07,2002-08,101.4,99.1,2.3,0.960458,large,delta_stratified_train_only,0,1.781226272393788,100.88122627239379,-0.5187737276062119
716,169,69,2014-02,2015-01,2015-02,2005-10,2006-09,2006-10,101.4,101.4,0.0,1.507358,medium,delta_stratified_train_only,0,-0.3932868157679722,101.00671318423203,-0.3932868157679722
717,169,67,2014-02,2015-01,2015-02,2005-08,2006-07,2006-08,101.4,101.3,0.1,1.223828,medium,delta_stratified_train_only,0,-0.030233013219933436,101.26976698678007,-0.13023301321993344
718,169,50,2014-02,2015-01,2015-02,2004-03,2005-02,2005-03,101.4,102.9,-1.5,0.670297,small,delta_stratified_train_only,0,-1.364049460683632,101.53595053931637,0.13595053931636802
719,169,81,2014-02,2015-01,2015-02,2006-10,2007-09,2007-10,101.4,106.5,-5.1,1.905812,small,delta_stratified_train_only,0,-5.3516332942055875,101.14836670579442,-0.2516332942055879
720,170,100,2014-03,2015-02,2015-03,2008-05,2009-04,2009-05,101.4,98.63,2.77,0.573374,large,delta_stratified_train_only,0,2.3894350952797527,101.01943509527975,-0.3805649047202473
721,170,18,2014-03,2015-02,2015-03,2001-07,2002-06,2002-07,101.4,99.0,2.4,0.73049,large,delta_stratified_train_only,0,1.614091004813305,100.6140910048133,-0.7859089951866949
722,170,33,2014-03,2015-02,2015-03,2002-10,2003-09,2003-10,101.4,102.0,-0.6,1.817593,medium,delta_stratified_train_only,0,-1.0686451032762025,100.9313548967238,-0.46864510327620257
723,170,24,2014-03,2015-02,2015-03,2002-01,2002-12,2003-01,101.4,100.1,1.3,1.756874,medium,delta_stratified_train_only,0,0.8238510870002791,100.92385108700027,-0.47614891299972095
724,170,113,2014-03,2015-02,2015-03,2009-06,2010-05,2010-06,101.4,102.95,-1.55,1.923024,small,delta_stratified_train_only,0,-2.6525206574008875,100.29747934259912,-1.1025206574008874
725,170,121,2014-03,2015-02,2015-03,2010-02,2011-01,2011-02,101.4,104.94,-3.54,1.882017,small,delta_stratified_train_only,0,-3.4217918666283174,101.51820813337169,0.11820813337168268
726,171,13,2014-04,2015-03,2015-04,2001-02,2002-01,2002-02,101.5,99.2,2.3,0.617038,large,delta_stratified_train_only,0,2.7051726877653257,101.90517268776533,0.4051726877653259
727,171,100,2014-04,2015-03,2015-04,2008-05,2009-04,2009-05,101.5,98.63,2.87,0.569801,large,delta_stratified_train_only,0,3.320834427051193,101.95083442705119,0.45083442705119303
728,171,8,2014-04,2015-03,2015-04,2000-09,2001-08,2001-09,101.5,100.0,1.5,1.694979,medium,delta_stratified_train_only,0,1.6239278508321382,101.62392785083213,0.1239278508321382
729,171,96,2014-04,2015-03,2015-04,2008-01,2008-12,2009-01,101.5,100.95,0.55,0.639475,medium,delta_stratified_train_only,0,1.194131144462919,102.14413114446292,0.644131144462919
730,171,128,2014-04,2015-03,2015-04,2010-09,2011-08,2011-09,101.5,106.07,-4.57,1.84392,small,delta_stratified_train_only,0,-4.237482919132267,101.83251708086773,0.33251708086773313
731,171,76,2014-04,2015-03,2015-04,2006-05,2007-04,2007-05,101.5,103.4,-1.9,1.878553,small,delta_stratified_train_only,0,-1.3165281488304639,102.08347185116955,0.583471851169536
732,172,22,2014-05,2015-04,2015-05,2001-11,2002-10,2002-11,101.2,99.5,1.7,0.699515,large,delta_stratified_train_only,0,1.944496207051324,101.44449620705133,0.24449620705132413
733,172,12,2014-05,2015-04,2015-05,2001-01,2001-12,2002-01,101.2,99.3,1.9,1.119785,large,delta_stratified_train_only,0,1.7503245500294284,101.05032455002943,-0.14967544997057147
734,172,57,2014-05,2015-04,2015-05,2004-10,2005-09,2005-10,101.2,101.0,0.2,0.678668,medium,delta_stratified_train_only,0,0.2355932207754477,101.23559322077544,0.03559322077544769
735,172,2,2014-05,2015-04,2015-05,2000-03,2001-02,2001-03,101.2,100.7,0.5,1.911058,medium,delta_stratified_train_only,0,0.4505084337437984,101.1505084337438,-0.0494915662562016
736,172,42,2014-05,2015-04,2015-05,2003-07,2004-06,2004-07,101.2,105.1,-3.9,1.880405,small,delta_stratified_train_only,0,-3.5875709061139176,101.51242909388608,0.3124290938860823
737,172,89,2014-05,2015-04,2015-05,2007-06,2008-05,2008-06,101.2,107.08,-5.88,1.928057,small,delta_stratified_train_only,0,-5.775575339661192,101.30442466033881,0.10442466033880748
738,173,12,2014-06,2015-05,2015-06,2001-01,2001-12,2002-01,101.4,99.3,2.1,1.213251,large,delta_stratified_train_only,0,1.8891240903417093,101.1891240903417,-0.21087590965829084
739,173,104,2014-06,2015-05,2015-06,2008-09,2009-08,2009-09,101.4,99.21,2.19,0.471919,large,delta_stratified_train_only,0,2.5670343002964886,101.77703430029648,0.37703430029648866
740,173,31,2014-06,2015-05,2015-06,2002-08,2003-07,2003-08,101.4,100.9,0.5,1.943885,medium,delta_stratified_train_only,0,0.7711165054726153,101.67111650547263,0.27111650547261534
741,173,59,2014-06,2015-05,2015-06,2004-12,2005-11,2005-12,101.4,101.4,0.0,0.722969,medium,delta_stratified_train_only,0,-0.01167458154030121,101.3883254184597,-0.01167458154030121
742,173,40,2014-06,2015-05,2015-06,2003-05,2004-04,2004-05,101.4,104.4,-3.0,1.909361,small,delta_stratified_train_only,0,-2.8558902645690036,101.54410973543101,0.14410973543099637
743,173,91,2014-06,2015-05,2015-06,2007-08,2008-07,2008-08,101.4,104.9,-3.5,1.775353,small,delta_stratified_train_only,0,-4.36470465943566,100.53529534056435,-0.8647046594356604
744,174,21,2014-07,2015-06,2015-07,2001-10,2002-09,2002-10,101.6,99.1,2.5,0.474495,large,delta_stratified_train_only,0,2.1839384636679453,101.28393846366794,-0.3160615363320547
745,174,23,2014-07,2015-06,2015-07,2001-12,2002-11,2002-12,101.6,99.8,1.8,1.086974,large,delta_stratified_train_only,0,1.6328021977118237,101.43280219771182,-0.16719780228817638
746,174,146,2014-07,2015-06,2015-07,2012-03,2013-02,2013-03,101.6,102.1,-0.5,0.729429,medium,delta_stratified_train_only,0,-1.6645605399270982,100.4354394600729,-1.1645605399270982
747,174,148,2014-07,2015-06,2015-07,2012-05,2013-04,2013-05,101.6,102.1,-0.5,1.115768,medium,delta_stratified_train_only,0,-0.9224498103055432,101.17755018969446,-0.4224498103055432
748,174,135,2014-07,2015-06,2015-07,2011-04,2012-03,2012-04,101.6,103.37,-1.77,1.217401,small,delta_stratified_train_only,0,-1.6663447737930788,101.70365522620692,0.10365522620692125
749,174,111,2014-07,2015-06,2015-07,2009-04,2010-03,2010-04,101.6,102.81,-1.21,1.694819,small,delta_stratified_train_only,0,-1.1874812067242964,101.6225187932757,0.022518793275703608
750,175,103,2014-08,2015-07,2015-08,2008-08,2009-07,2009-08,102.0,98.8,3.2,1.06687,large,delta_stratified_train_only,0,3.2984688472398966,102.0984688472399,0.09846884723989646
751,175,22,2014-08,2015-07,2015-08,2001-11,2002-10,2002-11,102.0,99.5,2.5,0.669551,large,delta_stratified_train_only,0,2.391564996178978,101.89156499617897,-0.10843500382102178
752,175,142,2014-08,2015-07,2015-08,2011-11,2012-10,2012-11,102.0,102.0,0.0,1.187223,medium,delta_stratified_train_only,0,-0.4788930168403226,101.52110698315968,-0.4788930168403226
753,175,110,2014-08,2015-07,2015-08,2009-03,2010-02,2010-03,102.0,102.37,-0.37,1.463771,medium,delta_stratified_train_only,0,-1.082248645408798,101.28775135459121,-0.7122486454087981
754,175,90,2014-08,2015-07,2015-08,2007-07,2008-06,2008-07,102.0,106.3,-4.3,1.638386,small,delta_stratified_train_only,0,-4.591359174065384,101.70864082593461,-0.29135917406538425
755,175,44,2014-08,2015-07,2015-08,2003-09,2004-08,2004-09,102.0,104.2,-2.2,1.607293,small,delta_stratified_train_only,0,-3.018060347207536,101.18193965279247,-0.8180603472075356
756,176,105,2014-09,2015-08,2015-09,2008-10,2009-09,2009-10,101.6,99.47,2.13,1.159069,large,delta_stratified_train_only,0,3.161019715561496,102.6310197155615,1.031019715561496
757,176,101,2014-09,2015-08,2015-09,2008-06,2009-05,2009-06,101.6,98.3,3.3,1.501301,large,delta_stratified_train_only,0,3.832908983935293,102.1329089839353,0.5329089839352932
758,176,54,2014-09,2015-08,2015-09,2004-07,2005-06,2005-07,101.6,101.4,0.2,1.495757,medium,delta_stratified_train_only,0,1.0359335968735617,102.43593359687357,0.8359335968735617
759,176,146,2014-09,2015-08,2015-09,2012-03,2013-02,2013-03,101.6,102.1,-0.5,0.943664,medium,delta_stratified_train_only,0,-0.7490912422026257,101.35090875779737,-0.24909124220262568
760,176,84,2014-09,2015-08,2015-09,2007-01,2007-12,2008-01,101.6,107.08,-5.48,1.268498,small,delta_stratified_train_only,0,-4.611958916016734,102.46804108398327,0.8680410839832664
761,176,115,2014-09,2015-08,2015-09,2009-08,2010-07,2010-08,101.6,103.48,-1.88,1.43423,small,delta_stratified_train_only,0,-0.8791651159397793,102.60083488406022,1.0008348840602206
762,177,103,2014-10,2015-09,2015-10,2008-08,2009-07,2009-08,101.3,98.8,2.5,1.585989,large,delta_stratified_train_only,0,3.287698754623137,102.08769875462313,0.7876987546231371
763,177,104,2014-10,2015-09,2015-10,2008-09,2009-08,2009-09,101.3,99.21,2.09,1.524633,large,delta_stratified_train_only,0,2.864533456495101,102.07453345649509,0.7745334564951012
764,177,61,2014-10,2015-09,2015-10,2005-02,2006-01,2006-02,101.3,100.9,0.4,1.370243,medium,delta_stratified_train_only,0,-0.48172210255753833,100.41827789744247,-0.8817221025575384
765,177,29,2014-10,2015-09,2015-10,2002-06,2003-05,2003-06,101.3,100.4,0.9,1.036287,medium,delta_stratified_train_only,0,1.2028052912858858,101.60280529128589,0.30280529128588574
766,177,86,2014-10,2015-09,2015-10,2007-03,2008-02,2008-03,101.3,108.31,-7.01,1.195512,small,delta_stratified_train_only,0,-6.733082838879153,101.57691716112085,0.2769171611208465
767,177,41,2014-10,2015-09,2015-10,2003-06,2004-05,2004-06,101.3,104.7,-3.4,1.136261,small,delta_stratified_train_only,0,-2.9194292850300316,101.78057071496997,0.4805707149699683
768,178,11,2014-11,2015-10,2015-11,2000-12,2001-11,2001-12,101.5,99.3,2.2,1.595063,large,delta_stratified_train_only,0,1.8506341220106575,101.15063412201066,-0.3493658779893427
769,178,105,2014-11,2015-10,2015-11,2008-10,2009-09,2009-10,101.5,99.47,2.03,1.619164,large,delta_stratified_train_only,0,2.27587949838297,101.74587949838298,0.2458794983829704
770,178,4,2014-11,2015-10,2015-11,2000-05,2001-04,2001-05,101.5,101.4,0.1,1.34403,medium,delta_stratified_train_only,0,-0.04571102211116973,101.35428897788884,-0.14571102211116974
771,178,61,2014-11,2015-10,2015-11,2005-02,2006-01,2006-02,101.5,100.9,0.6,1.599522,medium,delta_stratified_train_only,0,-0.6599869316392184,100.24001306836078,-1.2599869316392183
772,178,114,2014-11,2015-10,2015-11,2009-07,2010-06,2010-07,101.5,103.3,-1.8,1.068144,small,delta_stratified_train_only,0,-1.9905281833218946,101.3094718166781,-0.19052818332189458
773,178,150,2014-11,2015-10,2015-11,2012-07,2013-06,2013-07,101.5,102.7,-1.2,1.267298,small,delta_stratified_train_only,0,-1.3721452141455244,101.32785478585448,-0.17214521414552442
774,179,10,2014-12,2015-11,2015-12,2000-11,2001-10,2001-11,101.6,99.5,2.1,1.454703,large,delta_stratified_train_only,0,1.3135015177162161,100.81350151771622,-0.7864984822837839
775,179,102,2014-12,2015-11,2015-12,2008-07,2009-06,2009-07,101.6,98.19,3.41,1.710983,large,delta_stratified_train_only,0,3.077519775756019,101.26751977575601,-0.33248022424398105
776,179,29,2014-12,2015-11,2015-12,2002-06,2003-05,2003-06,101.6,100.4,1.2,1.043343,medium,delta_stratified_train_only,0,0.7274014569569718,101.12740145695697,-0.4725985430430282
777,179,141,2014-12,2015-11,2015-12,2011-10,2012-09,2012-10,101.6,101.7,-0.1,1.673298,medium,delta_stratified_train_only,0,-0.4424310401749144,101.2575689598251,-0.34243104017491444
778,179,88,2014-12,2015-11,2015-12,2007-05,2008-04,2008-05,101.6,107.72,-6.12,1.140014,small,delta_stratified_train_only,0,-6.932443165904268,100.78755683409572,-0.8124431659042681
779,179,113,2014-12,2015-11,2015-12,2009-06,2010-05,2010-06,101.6,102.95,-1.35,0.999677,small,delta_stratified_train_only,0,-2.3626556358719144,100.58734436412809,-1.0126556358719143
780,180,97,2015-01,2015-12,2016-01,2008-02,2009-01,2009-02,101.8,98.44,3.36,1.702663,large,delta_stratified_train_only,0,2.8671922777507124,101.30719227775072,-0.4928077222492875
781,180,18,2015-01,2015-12,2016-01,2001-07,2002-06,2002-07,101.8,99.0,2.8,1.77843,large,delta_stratified_train_only,0,2.8228272801973775,101.82282728019737,0.022827280197377675
782,180,146,2015-01,2015-12,2016-01,2012-03,2013-02,2013-03,101.8,102.1,-0.3,1.751745,medium,delta_stratified_train_only,0,-1.012499210773285,101.08750078922671,-0.712499210773285
783,180,63,2015-01,2015-12,2016-01,2005-04,2006-03,2006-04,101.8,101.2,0.6,1.769282,medium,delta_stratified_train_only,0,1.215583051132648,102.41558305113266,0.615583051132648
784,180,113,2015-01,2015-12,2016-01,2009-06,2010-05,2010-06,101.8,102.95,-1.15,0.956549,small,delta_stratified_train_only,0,-1.4437843820168144,101.50621561798319,-0.29378438201681445
785,180,133,2015-01,2015-12,2016-01,2011-02,2012-01,2012-02,101.8,103.16,-1.36,1.268511,small,delta_stratified_train_only,0,-2.2733126090844067,100.8866873909156,-0.9133126090844066
786,181,101,2015-02,2016-01,2016-02,2008-06,2009-05,2009-06,102.3,98.3,4.0,1.675772,large,delta_stratified_train_only,0,3.229265785194432,101.52926578519443,-0.770734214805568
787,181,26,2015-02,2016-01,2016-02,2002-03,2003-02,2003-03,102.3,100.6,1.7,1.164348,large,delta_stratified_train_only,0,1.20095581788398,101.80095581788397,-0.49904418211601986
788,181,49,2015-02,2016-01,2016-02,2004-02,2005-01,2005-02,102.3,102.7,-0.4,1.324214,medium,delta_stratified_train_only,1,-0.8354192476336599,101.86458075236634,-0.4354192476336599
789,181,57,2015-02,2016-01,2016-02,2004-10,2005-09,2005-10,102.3,101.0,1.3,1.668087,medium,delta_stratified_train_only,0,0.775124106642326,101.77512410664232,-0.524875893357674
790,181,83,2015-02,2016-01,2016-02,2006-12,2007-11,2007-12,102.3,106.5,-4.2,1.157963,small,delta_stratified_train_only,0,-4.466416291178333,102.03358370882167,-0.26641629117833254
791,181,117,2015-02,2016-01,2016-02,2009-10,2010-09,2010-10,102.3,104.37,-2.07,1.045835,small,delta_stratified_train_only,0,-1.9862080770459534,102.38379192295405,0.08379192295404647
792,182,27,2015-03,2016-02,2016-03,2002-04,2003-03,2003-04,102.3,100.6,1.7,0.897085,large,delta_stratified_train_only,1,1.5377604897452404,102.13776048974523,-0.16223951025475958
793,182,15,2015-03,2016-02,2016-03,2001-04,2002-03,2002-04,102.3,98.8,3.5,1.756409,large,delta_stratified_train_only,0,3.5388775671964803,102.33887756719648,0.03887756719648028
794,182,33,2015-03,2016-02,2016-03,2002-10,2003-09,2003-10,102.3,102.0,0.3,0.691214,medium,delta_stratified_train_only,1,0.48907745726118157,102.48907745726117,0.18907745726118158
795,182,6,2015-03,2016-02,2016-03,2000-07,2001-06,2001-07,102.3,100.8,1.5,0.846451,medium,delta_stratified_train_only,0,1.095955902758094,101.89595590275809,-0.40404409724190593
796,182,93,2015-03,2016-02,2016-03,2007-10,2008-09,2008-10,102.3,103.97,-1.67,1.635855,small,delta_stratified_train_only,0,-1.9651794868152217,102.00482051318478,-0.29517948681522177
797,182,85,2015-03,2016-02,2016-03,2007-02,2008-01,2008-02,102.3,108.74,-6.44,0.929676,small,delta_stratified_train_only,1,-4.9488241532142805,103.79117584678572,1.49117584678572
798,183,0,2015-04,2016-03,2016-04,2000-01,2000-12,2001-01,102.3,100.5,1.8,0.699408,large,delta_stratified_train_only,1,1.7994017116114145,102.29940171161141,-0.000598288388585555
799,183,8,2015-04,2016-03,2016-04,2000-09,2001-08,2001-09,102.3,100.0,2.3,1.475669,large,delta_stratified_train_only,0,2.185507171807994,102.185507171808,-0.1144928281920059
800,183,3,2015-04,2016-03,2016-04,2000-04,2001-03,2001-04,102.3,101.3,1.0,1.159136,medium,delta_stratified_train_only,0,1.4198548666010575,102.71985486660105,0.41985486660105753
801,183,142,2015-04,2016-03,2016-04,2011-11,2012-10,2012-11,102.3,102.0,0.3,1.781422,medium,delta_stratified_train_only,0,0.23804668743232565,102.23804668743233,-0.061953312567674335
802,183,128,2015-04,2016-03,2016-04,2010-09,2011-08,2011-09,102.3,106.07,-3.77,0.865259,small,delta_stratified_train_only,1,-3.6759035981564123,102.39409640184358,0.0940964018435877
803,183,45,2015-04,2016-03,2016-04,2003-10,2004-09,2004-10,102.3,103.8,-1.5,1.016568,small,delta_stratified_train_only,0,-1.7214278889204866,102.07857211107951,-0.2214278889204866
804,184,105,2015-05,2016-04,2016-05,2008-10,2009-09,2009-10,102.0,99.47,2.53,1.710498,large,delta_stratified_train_only,0,3.170985003497586,102.64098500349759,0.6409850034975864
805,184,17,2015-05,2016-04,2016-05,2001-06,2002-05,2002-06,102.0,99.0,3.0,1.840759,large,delta_stratified_train_only,0,3.3502621575106133,102.35026215751061,0.3502621575106133
806,184,161,2015-05,2016-04,2016-05,2013-06,2014-05,2014-06,102.0,102.3,-0.3,1.711231,medium,delta_stratified_train_only,0,0.1587574652333475,102.45875746523335,0.4587574652333475
807,184,157,2015-05,2016-04,2016-05,2013-02,2014-01,2014-02,102.0,102.0,0.0,1.51058,medium,delta_stratified_train_only,0,0.7135081474152378,102.71350814741524,0.7135081474152378
808,184,118,2015-05,2016-04,2016-05,2009-11,2010-10,2010-11,102.0,105.12,-3.12,0.692064,small,delta_stratified_train_only,1,-1.9954595566326818,103.12454044336732,1.1245404433673183
809,184,40,2015-05,2016-04,2016-05,2003-05,2004-04,2004-05,102.0,104.4,-2.4,0.83712,small,delta_stratified_train_only,1,-1.8415504323374556,102.55844956766255,0.5584495676625443
810,185,20,2015-06,2016-05,2016-06,2001-09,2002-08,2002-09,101.9,99.1,2.8,1.776279,large,delta_stratified_train_only,0,2.5306485866564206,101.63064858665642,-0.26935141334357926
811,185,11,2015-06,2016-05,2016-06,2000-12,2001-11,2001-12,101.9,99.3,2.6,1.879844,large,delta_stratified_train_only,0,2.311580928753976,101.61158092875397,-0.28841907124602395
812,185,25,2015-06,2016-05,2016-06,2002-02,2003-01,2003-02,101.9,100.3,1.6,1.00362,medium,delta_stratified_train_only,1,1.4489052701339094,101.7489052701339,-0.15109472986609074
813,185,96,2015-06,2016-05,2016-06,2008-01,2008-12,2009-01,101.9,100.95,0.95,1.831727,medium,delta_stratified_train_only,0,1.3106826462110033,102.26068264621101,0.3606826462110033
814,185,43,2015-06,2016-05,2016-06,2003-08,2004-07,2004-08,101.9,105.0,-3.1,0.735342,small,delta_stratified_train_only,0,-3.0635471667294834,101.93645283327052,0.03645283327051674
815,185,122,2015-06,2016-05,2016-06,2010-03,2011-02,2011-03,101.9,105.38,-3.48,0.639238,small,delta_stratified_train_only,0,-3.061988886178244,102.31801111382175,0.41801111382175593
816,186,22,2015-07,2016-06,2016-07,2001-11,2002-10,2002-11,101.8,99.5,2.3,1.569524,large,delta_stratified_train_only,0,2.5839257593808975,102.0839257593809,0.2839257593808977
817,186,101,2015-07,2016-06,2016-07,2008-06,2009-05,2009-06,101.8,98.3,3.5,1.817416,large,delta_stratified_train_only,0,3.3291644516571273,101.62916445165712,-0.17083554834287273
818,186,28,2015-07,2016-06,2016-07,2002-05,2003-04,2003-05,101.8,100.4,1.4,0.812803,medium,delta_stratified_train_only,1,0.9958618861283023,101.3958618861283,-0.4041381138716976
819,186,66,2015-07,2016-06,2016-07,2005-07,2006-06,2006-07,101.8,101.0,0.8,1.586212,medium,delta_stratified_train_only,0,0.02859541309955188,101.02859541309955,-0.7714045869004482
820,186,123,2015-07,2016-06,2016-07,2010-04,2011-03,2011-04,101.8,105.34,-3.54,0.773214,small,delta_stratified_train_only,0,-3.527625680400514,101.81237431959948,0.012374319599485872
821,186,45,2015-07,2016-06,2016-07,2003-10,2004-09,2004-10,101.8,103.8,-2.0,0.673272,small,delta_stratified_train_only,0,-2.2460068299912157,101.55399317000878,-0.2460068299912157
822,187,101,2015-08,2016-07,2016-08,2008-06,2009-05,2009-06,101.3,98.3,3.0,1.756438,large,delta_stratified_train_only,0,3.25664617167066,101.55664617167065,0.25664617167065984
823,187,10,2015-08,2016-07,2016-08,2000-11,2001-10,2001-11,101.3,99.5,1.8,1.119863,large,delta_stratified_train_only,0,1.9195179278773429,101.41951792787734,0.11951792787734283
824,187,61,2015-08,2016-07,2016-08,2005-02,2006-01,2006-02,101.3,100.9,0.4,1.784377,medium,delta_stratified_train_only,0,-0.35110952672532547,100.54889047327468,-0.7511095267253255
825,187,138,2015-08,2016-07,2016-08,2011-07,2012-06,2012-07,101.3,101.8,-0.5,1.706217,medium,delta_stratified_train_only,0,-0.10326119275900592,101.69673880724099,0.3967388072409941
826,187,150,2015-08,2016-07,2016-08,2012-07,2013-06,2013-07,101.3,102.7,-1.4,1.062496,small,delta_stratified_train_only,0,-1.0632678092316319,101.63673219076837,0.336732190768368
827,187,87,2015-08,2016-07,2016-08,2007-04,2008-03,2008-04,101.3,108.48,-7.18,1.158736,small,delta_stratified_train_only,0,-6.71358821695203,101.76641178304797,0.4664117830479695
828,188,18,2015-09,2016-08,2016-09,2001-07,2002-06,2002-07,101.9,99.0,2.9,1.708904,large,delta_stratified_train_only,0,2.1860737730771946,101.1860737730772,-0.7139262269228053
829,188,105,2015-09,2016-08,2016-09,2008-10,2009-09,2009-10,101.9,99.47,2.43,1.796585,large,delta_stratified_train_only,0,2.260858239870653,101.73085823987066,-0.16914176012934723
830,188,144,2015-09,2016-08,2016-09,2012-01,2012-12,2013-01,101.9,102.0,-0.1,1.802152,medium,delta_stratified_train_only,0,-0.08772547123238117,101.91227452876763,0.012274528767618836
831,188,155,2015-09,2016-08,2016-09,2012-12,2013-11,2013-12,101.9,102.5,-0.6,1.439808,medium,delta_stratified_train_only,0,-1.0488718938915904,101.45112810610841,-0.44887189389159043
832,188,88,2015-09,2016-08,2016-09,2007-05,2008-04,2008-05,101.9,107.72,-5.82,1.238391,small,delta_stratified_train_only,0,-6.65032541916935,101.06967458083065,-0.8303254191693501
833,188,118,2015-09,2016-08,2016-09,2009-11,2010-10,2010-11,101.9,105.12,-3.22,1.246254,small,delta_stratified_train_only,0,-2.905586320259615,102.21441367974039,0.31441367974038537
834,189,13,2015-10,2016-09,2016-10,2001-02,2002-01,2002-02,102.1,99.2,2.9,1.280669,large,delta_stratified_train_only,0,3.1131923028690487,102.31319230286906,0.21319230286904878
835,189,24,2015-10,2016-09,2016-10,2002-01,2002-12,2003-01,102.1,100.1,2.0,1.717978,large,delta_stratified_train_only,1,2.1632700338754427,102.26327003387544,0.1632700338754427
836,189,33,2015-10,2016-09,2016-10,2002-10,2003-09,2003-10,102.1,102.0,0.1,1.070758,medium,delta_stratified_train_only,0,0.270773843598961,102.27077384359896,0.170773843598961
837,189,111,2015-10,2016-09,2016-10,2009-04,2010-03,2010-04,102.1,102.81,-0.71,1.473774,medium,delta_stratified_train_only,0,-0.4047372060793927,102.40526279392061,0.3052627939206073
838,189,116,2015-10,2016-09,2016-10,2009-09,2010-08,2010-09,102.1,103.61,-1.51,1.062256,small,delta_stratified_train_only,0,-1.0630974473268355,102.54690255267316,0.4469025526731645
839,189,88,2015-10,2016-09,2016-10,2007-05,2008-04,2008-05,102.1,107.72,-5.62,1.202166,small,delta_stratified_train_only,0,-5.882889240558077,101.83711075944193,-0.26288924055807694
840,190,18,2015-11,2016-10,2016-11,2001-07,2002-06,2002-07,102.3,99.0,3.3,1.551523,large,delta_stratified_train_only,0,2.681874724886301,101.6818747248863,-0.618125275113699
841,190,26,2015-11,2016-10,2016-11,2002-03,2003-02,2003-03,102.3,100.6,1.7,1.48353,large,delta_stratified_train_only,0,1.4002384927431042,102.0002384927431,-0.29976150725689577
842,190,151,2015-11,2016-10,2016-11,2012-08,2013-07,2013-08,102.3,102.6,-0.3,1.205936,medium,delta_stratified_train_only,0,-0.7907046780223452,101.80929532197764,-0.49070467802234524
843,190,51,2015-11,2016-10,2016-11,2004-04,2005-03,2005-04,102.3,102.2,0.1,1.059769,medium,delta_stratified_train_only,0,-0.5010289137492512,101.69897108625075,-0.6010289137492512
844,190,129,2015-11,2016-10,2016-11,2010-10,2011-09,2011-10,102.3,105.5,-3.2,1.526545,small,delta_stratified_train_only,0,-3.8478710035406642,101.65212899645934,-0.6478710035406641
845,190,74,2015-11,2016-10,2016-11,2006-03,2007-02,2007-03,102.3,103.3,-1.0,1.556768,small,delta_stratified_train_only,0,-0.878114177470567,102.42188582252943,0.12188582252943303
846,191,28,2015-12,2016-11,2016-12,2002-05,2003-04,2003-05,102.1,100.4,1.7,1.443278,large,delta_stratified_train_only,0,1.3692220709281326,101.76922207092814,-0.3307779290718673
847,191,21,2015-12,2016-11,2016-12,2001-10,2002-09,2002-10,102.1,99.1,3.0,1.4237,large,delta_stratified_train_only,0,2.9690234139140825,102.06902341391408,-0.030976586085917468
848,191,71,2015-12,2016-11,2016-12,2005-12,2006-11,2006-12,102.1,102.8,-0.7,1.543387,medium,delta_stratified_train_only,0,-0.1687934541913939,102.63120654580861,0.531206545808606
849,191,163,2015-12,2016-11,2016-12,2013-08,2014-07,2014-08,102.1,102.0,0.1,1.030495,medium,delta_stratified_train_only,0,-0.2208271331320827,101.77917286686792,-0.32082713313208266
850,191,84,2015-12,2016-11,2016-12,2007-01,2007-12,2008-01,102.1,107.08,-4.98,1.50448,small,delta_stratified_train_only,0,-4.74234326349507,102.33765673650493,0.23765673650493024
851,191,118,2015-12,2016-11,2016-12,2009-11,2010-10,2010-11,102.1,105.12,-3.02,1.292549,small,delta_stratified_train_only,0,-2.135809192047107,102.9841908079529,0.8841908079528928
852,192,20,2016-01,2016-12,2017-01,2001-09,2002-08,2002-09,102.5,99.1,3.4,1.167022,large,delta_stratified_train_only,0,2.7709666516704585,101.87096665167046,-0.6290333483295414
853,192,9,2016-01,2016-12,2017-01,2000-10,2001-09,2001-10,102.5,99.8,2.7,1.784219,large,delta_stratified_train_only,0,2.214155637077387,102.01415563707738,-0.485844362922613
854,192,32,2016-01,2016-12,2017-01,2002-09,2003-08,2003-09,102.5,101.6,0.9,1.639892,medium,delta_stratified_train_only,0,1.072574847544626,102.67257484754462,0.17257484754462593
855,192,33,2016-01,2016-12,2017-01,2002-10,2003-09,2003-10,102.5,102.0,0.5,1.434378,medium,delta_stratified_train_only,0,0.2196237952573591,102.21962379525736,-0.2803762047426409
856,192,128,2016-01,2016-12,2017-01,2010-09,2011-08,2011-09,102.5,106.07,-3.57,1.332569,small,delta_stratified_train_only,0,-3.8806133523701476,102.18938664762985,-0.31061335237014776
857,192,121,2016-01,2016-12,2017-01,2010-02,2011-01,2011-02,102.5,104.94,-2.44,1.423241,small,delta_stratified_train_only,0,-2.1335229680947565,102.80647703190525,0.30647703190524345
858,193,99,2016-02,2017-01,2017-02,2008-04,2009-03,2009-04,100.8,98.5,2.3,1.460163,large,delta_stratified_train_only,0,3.879733198845841,102.37973319884584,1.5797331988458412
859,193,15,2016-02,2017-01,2017-02,2001-04,2002-03,2002-04,100.8,98.8,2.0,1.313739,large,delta_stratified_train_only,0,3.2944802275743905,102.0944802275744,1.2944802275743905
860,193,10,2016-02,2017-01,2017-02,2000-11,2001-10,2001-11,100.8,99.5,1.3,1.86369,medium,delta_stratified_train_only,0,2.336961717102538,101.83696171710254,1.0369617171025378
861,193,31,2016-02,2017-01,2017-02,2002-08,2003-07,2003-08,100.8,100.9,-0.1,1.607744,medium,delta_stratified_train_only,0,1.616672026728635,102.51667202672864,1.716672026728635
862,193,107,2016-02,2017-01,2017-02,2008-12,2009-11,2009-12,100.8,101.86,-1.06,0.836445,small,delta_stratified_train_only,0,0.5059958071011927,102.36599580710119,1.5659958071011928
863,193,78,2016-02,2017-01,2017-02,2006-07,2007-06,2007-07,100.8,105.6,-4.8,1.329171,small,delta_stratified_train_only,0,-2.7241602268932645,102.87583977310673,2.0758397731067353
864,194,20,2016-03,2017-02,2017-03,2001-09,2002-08,2002-09,100.9,99.1,1.8,1.312345,large,delta_stratified_train_only,0,1.437675837403508,100.5376758374035,-0.36232416259649214
865,194,13,2016-03,2017-02,2017-03,2001-02,2002-01,2002-02,100.9,99.2,1.7,1.407,large,delta_stratified_train_only,0,1.728751440260497,100.9287514402605,0.02875144026049714
866,194,23,2016-03,2017-02,2017-03,2001-12,2002-11,2002-12,100.9,99.8,1.1,1.469421,medium,delta_stratified_train_only,0,1.0311053357481756,100.83110533574818,-0.06889466425182444
867,194,53,2016-03,2017-02,2017-03,2004-06,2005-05,2005-06,100.9,101.6,-0.7,1.136715,medium,delta_stratified_train_only,0,-0.5479085546413371,101.05209144535866,0.1520914453586628
868,194,75,2016-03,2017-02,2017-03,2006-04,2007-03,2007-04,100.9,103.0,-2.1,1.560109,small,delta_stratified_train_only,0,-2.252931629086393,100.74706837091361,-0.1529316290863929
869,194,155,2016-03,2017-02,2017-03,2012-12,2013-11,2013-12,100.9,102.5,-1.6,1.375033,small,delta_stratified_train_only,0,-1.665876577888868,100.83412342211113,-0.06587657788886792
870,195,15,2016-04,2017-03,2017-04,2001-04,2002-03,2002-04,101.2,98.8,2.4,1.209261,large,delta_stratified_train_only,0,1.807064914898035,100.60706491489803,-0.592935085101965
871,195,21,2016-04,2017-03,2017-04,2001-10,2002-09,2002-10,101.2,99.1,2.1,1.397536,large,delta_stratified_train_only,0,1.4531734256766238,100.55317342567662,-0.6468265743233763
872,195,2,2016-04,2017-03,2017-04,2000-03,2001-02,2001-03,101.2,100.7,0.5,1.483826,medium,delta_stratified_train_only,0,-0.052551817364256515,100.64744818263574,-0.5525518173642565
873,195,3,2016-04,2017-03,2017-04,2000-04,2001-03,2001-04,101.2,101.3,-0.1,1.501442,medium,delta_stratified_train_only,0,-0.2472138779073001,101.0527861220927,-0.1472138779073001
874,195,145,2016-04,2017-03,2017-04,2012-02,2013-01,2013-02,101.2,103.2,-2.0,1.383892,small,delta_stratified_train_only,0,-2.009694276605475,101.19030572339453,-0.00969427660547506
875,195,83,2016-04,2017-03,2017-04,2006-12,2007-11,2007-12,101.2,106.5,-5.3,1.583517,small,delta_stratified_train_only,0,-5.509007428153265,100.99099257184673,-0.20900742815326545
876,196,11,2016-05,2017-04,2017-05,2000-12,2001-11,2001-12,101.5,99.3,2.2,0.785915,large,delta_stratified_train_only,0,1.898077706576882,101.19807770657688,-0.30192229342311827
877,196,17,2016-05,2017-04,2017-05,2001-06,2002-05,2002-06,101.5,99.0,2.5,1.171896,large,delta_stratified_train_only,0,2.502600236962223,101.50260023696222,0.0026002369622228905
878,196,28,2016-05,2017-04,2017-05,2002-05,2003-04,2003-05,101.5,100.4,1.1,1.731945,medium,delta_stratified_train_only,0,0.6619097857941671,101.06190978579417,-0.43809021420583294
879,196,65,2016-05,2017-04,2017-05,2005-06,2006-05,2006-06,101.5,101.5,0.0,1.15771,medium,delta_stratified_train_only,0,0.08327409433551475,101.58327409433551,0.08327409433551475
880,196,92,2016-05,2017-04,2017-05,2007-09,2008-08,2008-09,101.5,104.64,-3.14,0.894201,small,delta_stratified_train_only,0,-3.3725771639063646,101.26742283609363,-0.23257716390636451
881,196,76,2016-05,2017-04,2017-05,2006-05,2007-04,2007-05,101.5,103.4,-1.9,1.712709,small,delta_stratified_train_only,0,-1.613479869259473,101.78652013074053,0.28652013074052696
882,197,9,2016-06,2017-05,2017-06,2000-10,2001-09,2001-10,101.5,99.8,1.7,1.287264,large,delta_stratified_train_only,0,1.7062517948786637,101.50625179487866,0.006251794878663786
883,197,98,2016-06,2017-05,2017-06,2008-03,2009-02,2009-03,101.5,98.83,2.67,1.064617,large,delta_stratified_train_only,0,3.397418875501076,102.22741887550107,0.7274188755010762
884,197,27,2016-06,2017-05,2017-06,2002-04,2003-03,2003-04,101.5,100.6,0.9,1.75986,medium,delta_stratified_train_only,0,0.7604029855426946,101.36040298554269,-0.13959701445730544
885,197,29,2016-06,2017-05,2017-06,2002-06,2003-05,2003-06,101.5,100.4,1.1,1.72603,medium,delta_stratified_train_only,0,1.2179014917628372,101.61790149176284,0.11790149176283715
886,197,143,2016-06,2017-05,2017-06,2011-12,2012-11,2012-12,101.5,102.5,-1.0,1.167443,small,delta_stratified_train_only,0,-0.4390306000279862,102.06096939997201,0.5609693999720138
887,197,83,2016-06,2017-05,2017-06,2006-12,2007-11,2007-12,101.5,106.5,-5.0,1.7232,small,delta_stratified_train_only,0,-4.554552280057366,101.94544771994263,0.4454477199426341
888,198,102,2016-07,2017-06,2017-07,2008-07,2009-06,2009-07,101.4,98.19,3.21,1.031717,large,delta_stratified_train_only,0,3.4853297969661288,101.67532979696612,0.2753297969661288
889,198,20,2016-07,2017-06,2017-07,2001-09,2002-08,2002-09,101.4,99.1,2.3,1.139766,large,delta_stratified_train_only,0,2.1803727958759787,101.28037279587598,-0.11962720412402117
890,198,141,2016-07,2017-06,2017-07,2011-10,2012-09,2012-10,101.4,101.7,-0.3,1.065602,medium,delta_stratified_train_only,0,-0.03462101896480474,101.6653789810352,0.26537898103519525
891,198,28,2016-07,2017-06,2017-07,2002-05,2003-04,2003-05,101.4,100.4,1.0,1.742338,medium,delta_stratified_train_only,0,0.7251372171908181,101.12513721719083,-0.27486278280918186
892,198,110,2016-07,2017-06,2017-07,2009-03,2010-02,2010-03,101.4,102.37,-0.97,1.725603,small,delta_stratified_train_only,0,-1.1606125511443635,101.20938744885564,-0.19061255114436348
893,198,132,2016-07,2017-06,2017-07,2011-01,2011-12,2012-01,101.4,104.55,-3.15,1.313725,small,delta_stratified_train_only,0,-2.081930206783343,102.46806979321666,1.0680697932166567
894,199,9,2016-08,2017-07,2017-08,2000-10,2001-09,2001-10,101.8,99.8,2.0,1.698995,large,delta_stratified_train_only,0,1.5924092171927742,101.39240921719278,-0.4075907828072258
895,199,23,2016-08,2017-07,2017-08,2001-12,2002-11,2002-12,101.8,99.8,2.0,1.579634,large,delta_stratified_train_only,0,1.742649730130513,101.5426497301305,-0.25735026986948695
896,199,174,2016-08,2017-07,2017-08,2014-07,2015-06,2015-07,101.8,101.6,0.2,1.175206,medium,delta_stratified_train_only,0,0.12636487240773758,101.72636487240773,-0.07363512759226243
897,199,158,2016-08,2017-07,2017-08,2013-03,2014-02,2014-03,101.8,102.4,-0.6,1.653391,medium,delta_stratified_train_only,0,-0.9403134296814433,101.45968657031857,-0.3403134296814433
898,199,150,2016-08,2017-07,2017-08,2012-07,2013-06,2013-07,101.8,102.7,-0.9,1.636877,small,delta_stratified_train_only,0,-1.2926267622727823,101.40737323772721,-0.39262676227278226
899,199,37,2016-08,2017-07,2017-08,2003-02,2004-01,2004-02,101.8,102.8,-1.0,1.725507,small,delta_stratified_train_only,0,-1.183835293169028,101.61616470683097,-0.1838352931690279
900,200,101,2016-09,2017-08,2017-09,2008-06,2009-05,2009-06,101.6,98.3,3.3,0.972064,large,delta_stratified_train_only,0,2.874147818057823,101.17414781805782,-0.4258521819421768
901,200,16,2016-09,2017-08,2017-09,2001-05,2002-04,2002-05,101.6,98.8,2.8,0.968106,large,delta_stratified_train_only,0,2.5611807341954673,101.36118073419547,-0.2388192658045325
902,200,146,2016-09,2017-08,2017-09,2012-03,2013-02,2013-03,101.6,102.1,-0.5,1.052839,medium,delta_stratified_train_only,0,-1.7078524080800948,100.3921475919199,-1.2078524080800948
903,200,106,2016-09,2017-08,2017-09,2008-11,2009-10,2009-11,101.6,100.56,1.04,1.030019,medium,delta_stratified_train_only,0,1.0363525988242486,101.59635259882425,-0.0036474011757514635
904,200,152,2016-09,2017-08,2017-09,2012-09,2013-08,2013-09,101.6,103.1,-1.5,1.775672,small,delta_stratified_train_only,0,-1.0785577814043636,102.02144221859562,0.42144221859563635
905,200,44,2016-09,2017-08,2017-09,2003-09,2004-08,2004-09,101.6,104.2,-2.6,1.657588,small,delta_stratified_train_only,0,-3.2807162176049207,100.91928378239508,-0.6807162176049206
906,201,100,2016-10,2017-09,2017-10,2008-05,2009-04,2009-05,101.9,98.63,3.27,1.122077,large,delta_stratified_train_only,0,2.90732221326284,101.53732221326284,-0.36267778673716
907,201,13,2016-10,2017-09,2017-10,2001-02,2002-01,2002-02,101.9,99.2,2.7,1.279622,large,delta_stratified_train_only,0,2.2916604739769726,101.49166047397698,-0.4083395260230276
908,201,169,2016-10,2017-09,2017-10,2014-02,2015-01,2015-02,101.9,101.4,0.5,1.326129,medium,delta_stratified_train_only,0,0.3666187454573322,101.76661874545734,-0.1333812545426678
909,201,140,2016-10,2017-09,2017-10,2011-09,2012-08,2012-09,101.9,101.9,0.0,1.13078,medium,delta_stratified_train_only,0,-0.5711809189938939,101.32881908100612,-0.5711809189938939
910,201,118,2016-10,2017-09,2017-10,2009-11,2010-10,2010-11,101.9,105.12,-3.22,1.658174,small,delta_stratified_train_only,0,-2.9596819705404176,102.16031802945959,0.2603180294595826
911,201,135,2016-10,2017-09,2017-10,2011-04,2012-03,2012-04,101.9,103.37,-1.47,1.360619,small,delta_stratified_train_only,0,-1.705132602040251,101.66486739795975,-0.2351326020402511
912,202,20,2016-11,2017-10,2017-11,2001-09,2002-08,2002-09,101.7,99.1,2.6,1.01873,large,delta_stratified_train_only,0,2.5914575872132177,101.69145758721321,-0.00854241278678236
913,202,16,2016-11,2017-10,2017-11,2001-05,2002-04,2002-05,101.7,98.8,2.9,1.125438,large,delta_stratified_train_only,0,3.156557490194527,101.95655749019453,0.2565574901945271
914,202,94,2016-11,2017-10,2017-11,2007-11,2008-10,2008-11,101.7,102.43,-0.73,1.723315,medium,delta_stratified_train_only,0,-0.9382392506547699,101.49176074934523,-0.2082392506547699
915,202,60,2016-11,2017-10,2017-11,2005-01,2005-12,2006-01,101.7,101.9,-0.2,1.018197,medium,delta_stratified_train_only,0,0.7613958162974893,102.6613958162975,0.9613958162974894
916,202,42,2016-11,2017-10,2017-11,2003-07,2004-06,2004-07,101.7,105.1,-3.4,1.589127,small,delta_stratified_train_only,0,-2.807781231384589,102.2922187686154,0.5922187686154108
917,202,40,2016-11,2017-10,2017-11,2003-05,2004-04,2004-05,101.7,104.4,-2.7,1.582969,small,delta_stratified_train_only,0,-2.214900130151956,102.18509986984805,0.4850998698480442
918,203,13,2016-12,2017-11,2017-12,2001-02,2002-01,2002-02,101.8,99.2,2.6,1.714121,large,delta_stratified_train_only,0,3.2781102770207466,102.47811027702075,0.6781102770207466
919,203,98,2016-12,2017-11,2017-12,2008-03,2009-02,2009-03,101.8,98.83,2.97,1.480222,large,delta_stratified_train_only,0,4.121390740193099,102.95139074019309,1.1513907401930985
920,203,61,2016-12,2017-11,2017-12,2005-02,2006-01,2006-02,101.8,100.9,0.9,1.123794,medium,delta_stratified_train_only,0,0.25734596261143594,101.15734596261144,-0.6426540373885641
921,203,172,2016-12,2017-11,2017-12,2014-05,2015-04,2015-05,101.8,101.2,0.6,1.392857,medium,delta_stratified_train_only,0,1.1918841016689163,102.39188410166892,0.5918841016689164
922,203,85,2016-12,2017-11,2017-12,2007-02,2008-01,2008-02,101.8,108.74,-6.94,1.345902,small,delta_stratified_train_only,0,-5.002209792724804,103.7377902072752,1.9377902072751967
923,203,90,2016-12,2017-11,2017-12,2007-07,2008-06,2008-07,101.8,106.3,-4.5,1.400498,small,delta_stratified_train_only,0,-3.8630612015131716,102.43693879848682,0.6369387984868284
924,204,104,2017-01,2017-12,2018-01,2008-09,2009-08,2009-09,101.5,99.21,2.29,1.527781,large,delta_stratified_train_only,0,2.51957308668036,101.72957308668035,0.22957308668036003
925,204,98,2017-01,2017-12,2018-01,2008-03,2009-02,2009-03,101.5,98.83,2.67,1.651058,large,delta_stratified_train_only,0,3.0373623052093848,101.86736230520938,0.36736230520938484
926,204,163,2017-01,2017-12,2018-01,2013-08,2014-07,2014-08,101.5,102.0,-0.5,1.729987,medium,delta_stratified_train_only,0,-1.1422785435653335,100.85772145643466,-0.6422785435653335
927,204,5,2017-01,2017-12,2018-01,2000-06,2001-05,2001-06,101.5,101.2,0.3,1.154962,medium,delta_stratified_train_only,0,-0.1395675301506234,101.06043246984937,-0.4395675301506234
928,204,78,2017-01,2017-12,2018-01,2006-07,2007-06,2007-07,101.5,105.6,-4.1,1.201599,small,delta_stratified_train_only,0,-3.617176961765412,101.98282303823459,0.4828230382345877
929,204,162,2017-01,2017-12,2018-01,2013-07,2014-06,2014-07,101.5,102.3,-0.8,1.709851,small,delta_stratified_train_only,0,-0.7581661832577442,101.54183381674225,0.041833816742255836
930,205,16,2017-02,2018-01,2018-02,2001-05,2002-04,2002-05,102.9,98.8,4.1,1.936019,large,delta_stratified_train_only,0,3.427570742287295,102.2275707422873,-0.6724292577127047
931,205,106,2017-02,2018-01,2018-02,2008-11,2009-10,2009-11,102.9,100.56,2.34,1.936958,large,delta_stratified_train_only,0,1.9027426069160753,102.46274260691608,-0.43725739308392453
932,205,175,2017-02,2018-01,2018-02,2014-08,2015-07,2015-08,102.9,102.0,0.9,1.7228,medium,delta_stratified_train_only,0,0.6202514776834908,102.6202514776835,-0.27974852231650926
933,205,34,2017-02,2018-01,2018-02,2002-11,2003-10,2003-11,102.9,102.4,0.5,0.900919,medium,delta_stratified_train_only,1,0.17827600705350555,102.57827600705352,-0.32172399294649445
934,205,82,2017-02,2018-01,2018-02,2006-11,2007-10,2007-11,102.9,106.9,-4.0,0.794291,small,delta_stratified_train_only,1,-4.202592840085245,102.69740715991476,-0.20259284008524503
935,205,125,2017-02,2018-01,2018-02,2010-06,2011-05,2011-06,102.9,106.36,-3.46,0.654373,small,delta_stratified_train_only,0,-3.447869729045631,102.91213027095436,0.012130270954369138
936,206,23,2017-03,2018-02,2018-03,2001-12,2002-11,2002-12,102.1,99.8,2.3,1.234379,large,delta_stratified_train_only,0,3.171526014113673,102.97152601411366,0.8715260141136731
937,206,16,2017-03,2018-02,2018-03,2001-05,2002-04,2002-05,102.1,98.8,3.3,1.874217,large,delta_stratified_train_only,0,4.143196418750314,102.94319641875032,0.8431964187503143
938,206,173,2017-03,2018-02,2018-03,2014-06,2015-05,2015-06,102.1,101.4,0.7,1.852059,medium,delta_stratified_train_only,0,1.6441464029618837,103.04414640296189,0.9441464029618838
939,206,166,2017-03,2018-02,2018-03,2013-11,2014-10,2014-11,102.1,101.4,0.7,1.837996,medium,delta_stratified_train_only,0,1.3442453547760684,102.74424535477607,0.6442453547760685
940,206,81,2017-03,2018-02,2018-03,2006-10,2007-09,2007-10,102.1,106.5,-4.4,0.806854,small,delta_stratified_train_only,0,-3.4240202440882808,103.07597975591172,0.9759797559117196
941,206,85,2017-03,2018-02,2018-03,2007-02,2008-01,2008-02,102.1,108.74,-6.64,0.777823,small,delta_stratified_train_only,0,-4.411147951119555,104.32885204888044,2.2288520488804444
942,207,99,2017-04,2018-03,2018-04,2008-04,2009-03,2009-04,101.8,98.5,3.3,1.880879,large,delta_stratified_train_only,0,3.680619217278867,102.18061921727886,0.38061921727886716
943,207,16,2017-04,2018-03,2018-04,2001-05,2002-04,2002-05,101.8,98.8,3.0,1.817941,large,delta_stratified_train_only,0,3.162008895466525,101.96200889546652,0.16200889546652508
944,207,4,2017-04,2018-03,2018-04,2000-05,2001-04,2001-05,101.8,101.4,0.4,0.904266,medium,delta_stratified_train_only,0,0.48149619046094316,101.88149619046095,0.08149619046094314
945,207,144,2017-04,2018-03,2018-04,2012-01,2012-12,2013-01,101.8,102.0,-0.2,1.748277,medium,delta_stratified_train_only,0,0.4545029998520493,102.45450299985205,0.6545029998520493
946,207,123,2017-04,2018-03,2018-04,2010-04,2011-03,2011-04,101.8,105.34,-3.54,0.87113,small,delta_stratified_train_only,0,-3.3818141527287606,101.95818584727124,0.1581858472712394
947,207,115,2017-04,2018-03,2018-04,2009-08,2010-07,2010-08,101.8,103.48,-1.68,0.850213,small,delta_stratified_train_only,0,-1.2370981205461917,102.24290187945381,0.4429018794538082
948,208,100,2017-05,2018-04,2018-05,2008-05,2009-04,2009-05,101.8,98.63,3.17,1.821984,large,delta_stratified_train_only,0,3.1883201630651588,101.81832016306515,0.018320163065158823
949,208,8,2017-05,2018-04,2018-05,2000-09,2001-08,2001-09,101.8,100.0,1.8,1.139097,large,delta_stratified_train_only,0,1.491413586846104,101.49141358684611,-0.308586413153896
950,208,59,2017-05,2018-04,2018-05,2004-12,2005-11,2005-12,101.8,101.4,0.4,1.773704,medium,delta_stratified_train_only,0,0.3194407865858305,101.71944078658584,-0.0805592134141695
951,208,139,2017-05,2018-04,2018-05,2011-08,2012-07,2012-08,101.8,102.0,-0.2,1.738535,medium,delta_stratified_train_only,0,0.00016186776208515496,102.00016186776209,0.20016186776208517
952,208,132,2017-05,2018-04,2018-05,2011-01,2011-12,2012-01,101.8,104.55,-2.75,1.451012,small,delta_stratified_train_only,0,-1.9807201817370201,102.56927981826297,0.7692798182629799
953,208,150,2017-05,2018-04,2018-05,2012-07,2013-06,2013-07,101.8,102.7,-0.9,1.165444,small,delta_stratified_train_only,0,-1.160264173136325,101.53973582686368,-0.260264173136325
954,209,11,2017-06,2018-05,2018-06,2000-12,2001-11,2001-12,101.9,99.3,2.6,1.54828,large,delta_stratified_train_only,0,2.143899253064098,101.44389925306409,-0.4561007469359022
955,209,8,2017-06,2018-05,2018-06,2000-09,2001-08,2001-09,101.9,100.0,1.9,0.916968,large,delta_stratified_train_only,0,1.5727976768903447,101.57279767689035,-0.32720232310965525
956,209,25,2017-06,2018-05,2018-06,2002-02,2003-01,2003-02,101.9,100.3,1.6,1.3604,medium,delta_stratified_train_only,0,1.2812235944440313,101.58122359444403,-0.31877640555596876
957,209,161,2017-06,2018-05,2018-06,2013-06,2014-05,2014-06,101.9,102.3,-0.4,1.715458,medium,delta_stratified_train_only,0,-0.4430829088278281,101.85691709117216,-0.04308290882782806
958,209,149,2017-06,2018-05,2018-06,2012-06,2013-05,2013-06,101.9,102.7,-0.8,0.662301,small,delta_stratified_train_only,0,-0.6579713782723704,102.04202862172764,0.14202862172762964
959,209,42,2017-06,2018-05,2018-06,2003-07,2004-06,2004-07,101.9,105.1,-3.2,1.089788,small,delta_stratified_train_only,0,-3.0362719076312645,102.06372809236873,0.16372809236873564
960,210,28,2017-07,2018-06,2018-07,2002-05,2003-04,2003-05,102.1,100.4,1.7,1.148506,large,delta_stratified_train_only,0,1.1820845470715984,101.5820845470716,-0.5179154529284016
961,210,100,2017-07,2018-06,2018-07,2008-05,2009-04,2009-05,102.1,98.63,3.47,1.662455,large,delta_stratified_train_only,0,3.5440574678996155,102.17405746789962,0.07405746789961531
962,210,146,2017-07,2018-06,2018-07,2012-03,2013-02,2013-03,102.1,102.1,0.0,1.697359,medium,delta_stratified_train_only,0,-1.066613113537495,101.0333868864625,-1.066613113537495
963,210,164,2017-07,2018-06,2018-07,2013-09,2014-08,2014-09,102.1,101.6,0.5,1.787757,medium,delta_stratified_train_only,0,0.3132158201515808,101.91321582015158,-0.18678417984841922
964,210,132,2017-07,2018-06,2018-07,2011-01,2011-12,2012-01,102.1,104.55,-2.45,1.23929,small,delta_stratified_train_only,0,-1.6249828769025634,102.92501712309743,0.8250171230974368
965,210,82,2017-07,2018-06,2018-07,2006-11,2007-10,2007-11,102.1,106.9,-4.8,1.147154,small,delta_stratified_train_only,0,-4.427743553634473,102.47225644636553,0.3722564463655269
966,211,28,2017-08,2018-07,2018-08,2002-05,2003-04,2003-05,102.3,100.4,1.9,1.232503,large,delta_stratified_train_only,0,1.1672749797918254,101.56727497979183,-0.7327250202081745
967,211,26,2017-08,2018-07,2018-08,2002-03,2003-02,2003-03,102.3,100.6,1.7,1.329654,large,delta_stratified_train_only,0,1.4722675780101984,102.0722675780102,-0.2277324219898016
968,211,49,2017-08,2018-07,2018-08,2004-02,2005-01,2005-02,102.3,102.7,-0.4,1.258735,medium,delta_stratified_train_only,0,-0.5641074875074414,102.13589251249256,-0.16410748750744142
969,211,146,2017-08,2018-07,2018-08,2012-03,2013-02,2013-03,102.3,102.1,0.2,1.564392,medium,delta_stratified_train_only,0,-1.081422680817268,101.01857731918273,-1.281422680817268
970,211,123,2017-08,2018-07,2018-08,2010-04,2011-03,2011-04,102.3,105.34,-3.04,1.097967,small,delta_stratified_train_only,0,-3.3562125867369907,101.98378741326302,-0.3162125867369907
971,211,83,2017-08,2018-07,2018-08,2006-12,2007-11,2007-12,102.3,106.5,-4.2,1.202251,small,delta_stratified_train_only,0,-4.195104531052115,102.30489546894789,0.004895468947885284
