alpha,mae,rmse
0.0,3.38981677271719,14.119919714812449
1e-06,3.3175211005177028,13.70078046851721
0.0001,1.5024739212944584,3.5792985342297046
0.01,0.7644564919241914,1.2106733774945024
0.1,0.5112083011210109,0.6775636152921336
1.0,0.3997015060938319,0.4940849832887945
10.0,0.38311632846171967,0.47527525811151755
100.0,0.3844347425883961,0.47883293912529684
