split,num_targets,mae,rmse
train,50,0.2062887604661526,0.27417366643543645
val,45,0.5820563557343796,0.7815844499356535
test,47,0.9102614465519318,0.9888358447574941
