semantic_pair_id,sample_i_id,sample_j_id,x_i_start_date,x_i_end_date,target_i_date,x_j_start_date,x_j_end_date,target_j_date,cpi_i,cpi_j,delta_cpi,window_distance,i_cache_split,i_cache_record_id,i_generation_run_id,i_generation_branch,i_generation_partner_sample_id,i_state_file_sha256,j_cache_split,j_cache_record_id,j_generation_run_id,j_generation_branch,j_generation_partner_sample_id,j_state_file_sha256,state_resolution,derived_from_cache,semantic_pair_simulated_simultaneously
train:12__train:0,12,0,2018-09,2019-08,2019-09,2017-09,2018-08,2018-09,100.9,100.7,0.2,0.481872,train,train:12,train:run:007,target,13,0a9cc18afa66e794ac776939eb37b784c029bbfb36db8c55425e4f45995d9add,train,train:0,train:run:001,target,1,0a9cc18afa66e794ac776939eb37b784c029bbfb36db8c55425e4f45995d9add,unique_window_cache_lookup,True,False
train:13__train:0,13,0,2018-10,2019-09,2019-10,2017-09,2018-08,2018-09,100.9,100.7,0.2,1.279001,train,train:13,train:run:007,reference,12,0a9cc18afa66e794ac776939eb37b784c029bbfb36db8c55425e4f45995d9add,train,train:0,train:run:001,target,1,0a9cc18afa66e794ac776939eb37b784c029bbfb36db8c55425e4f45995d9add,unique_window_cache_lookup,True,False
train:13__train:1,13,1,2018-10,2019-09,2019-10,2017-10,2018-09,2018-10,100.9,100.2,0.7,0.475468,train,train:13,train:run:007,reference,12,0a9cc18afa66e794ac776939eb37b784c029bbfb36db8c55425e4f45995d9add,train,train:1,train:run:001,reference,0,0a9cc18afa66e794ac776939eb37b784c029bbfb36db8c55425e4f45995d9add,unique_window_cache_lookup,True,False
train:14__train:0,14,0,2018-11,2019-10,2019-11,2017-09,2018-08,2018-09,100.4,100.7,-0.3,1.37916,train,train:14,train:run:008,target,15,0a9cc18afa66e794ac776939eb37b784c029bbfb36db8c55425e4f45995d9add,train,train:0,train:run:001,target,1,0a9cc18afa66e794ac776939eb37b784c029bbfb36db8c55425e4f45995d9add,unique_window_cache_lookup,True,False
train:14__train:1,14,1,2018-11,2019-10,2019-11,2017-10,2018-09,2018-10,100.4,100.2,0.2,1.205472,train,train:14,train:run:008,target,15,0a9cc18afa66e794ac776939eb37b784c029bbfb36db8c55425e4f45995d9add,train,train:1,train:run:001,reference,0,0a9cc18afa66e794ac776939eb37b784c029bbfb36db8c55425e4f45995d9add,unique_window_cache_lookup,True,False
train:14__train:2,14,2,2018-11,2019-10,2019-11,2017-11,2018-10,2018-11,100.4,99.7,0.7,0.599243,train,train:14,train:run:008,target,15,0a9cc18afa66e794ac776939eb37b784c029bbfb36db8c55425e4f45995d9add,train,train:2,train:run:002,target,3,0a9cc18afa66e794ac776939eb37b784c029bbfb36db8c55425e4f45995d9add,unique_window_cache_lookup,True,False
train:15__train:0,15,0,2018-12,2019-11,2019-12,2017-09,2018-08,2018-09,100.0,100.7,-0.7,1.516511,train,train:15,train:run:008,reference,14,0a9cc18afa66e794ac776939eb37b784c029bbfb36db8c55425e4f45995d9add,train,train:0,train:run:001,target,1,0a9cc18afa66e794ac776939eb37b784c029bbfb36db8c55425e4f45995d9add,unique_window_cache_lookup,True,False
train:15__train:1,15,1,2018-12,2019-11,2019-12,2017-10,2018-09,2018-10,100.0,100.2,-0.2,1.317702,train,train:15,train:run:008,reference,14,0a9cc18afa66e794ac776939eb37b784c029bbfb36db8c55425e4f45995d9add,train,train:1,train:run:001,reference,0,0a9cc18afa66e794ac776939eb37b784c029bbfb36db8c55425e4f45995d9add,unique_window_cache_lookup,True,False
train:15__train:2,15,2,2018-12,2019-11,2019-12,2017-11,2018-10,2018-11,100.0,99.7,0.3,1.202919,train,train:15,train:run:008,reference,14,0a9cc18afa66e794ac776939eb37b784c029bbfb36db8c55425e4f45995d9add,train,train:2,train:run:002,target,3,0a9cc18afa66e794ac776939eb37b784c029bbfb36db8c55425e4f45995d9add,unique_window_cache_lookup,True,False
train:15__train:3,15,3,2018-12,2019-11,2019-12,2017-12,2018-11,2018-12,100.0,100.0,0.0,0.60281,train,train:15,train:run:008,reference,14,0a9cc18afa66e794ac776939eb37b784c029bbfb36db8c55425e4f45995d9add,train,train:3,train:run:002,reference,2,0a9cc18afa66e794ac776939eb37b784c029bbfb36db8c55425e4f45995d9add,unique_window_cache_lookup,True,False
train:16__train:0,16,0,2019-01,2019-12,2020-01,2017-09,2018-08,2018-09,101.4,100.7,0.7,1.6925,train,train:16,train:run:009,target,17,0a9cc18afa66e794ac776939eb37b784c029bbfb36db8c55425e4f45995d9add,train,train:0,train:run:001,target,1,0a9cc18afa66e794ac776939eb37b784c029bbfb36db8c55425e4f45995d9add,unique_window_cache_lookup,True,False
train:16__train:1,16,1,2019-01,2019-12,2020-01,2017-10,2018-09,2018-10,101.4,100.2,1.2,1.530756,train,train:16,train:run:009,target,17,0a9cc18afa66e794ac776939eb37b784c029bbfb36db8c55425e4f45995d9add,train,train:1,train:run:001,reference,0,0a9cc18afa66e794ac776939eb37b784c029bbfb36db8c55425e4f45995d9add,unique_window_cache_lookup,True,False
train:16__train:2,16,2,2019-01,2019-12,2020-01,2017-11,2018-10,2018-11,101.4,99.7,1.7,1.327048,train,train:16,train:run:009,target,17,0a9cc18afa66e794ac776939eb37b784c029bbfb36db8c55425e4f45995d9add,train,train:2,train:run:002,target,3,0a9cc18afa66e794ac776939eb37b784c029bbfb36db8c55425e4f45995d9add,unique_window_cache_lookup,True,False
train:16__train:3,16,3,2019-01,2019-12,2020-01,2017-12,2018-11,2018-12,101.4,100.0,1.4,1.178105,train,train:16,train:run:009,target,17,0a9cc18afa66e794ac776939eb37b784c029bbfb36db8c55425e4f45995d9add,train,train:3,train:run:002,reference,2,0a9cc18afa66e794ac776939eb37b784c029bbfb36db8c55425e4f45995d9add,unique_window_cache_lookup,True,False
train:16__train:4,16,4,2019-01,2019-12,2020-01,2018-01,2018-12,2019-01,101.4,100.5,0.9,0.540176,train,train:16,train:run:009,target,17,0a9cc18afa66e794ac776939eb37b784c029bbfb36db8c55425e4f45995d9add,train,train:4,train:run:003,target,5,0a9cc18afa66e794ac776939eb37b784c029bbfb36db8c55425e4f45995d9add,unique_window_cache_lookup,True,False
train:17__train:0,17,0,2019-02,2020-01,2020-02,2017-09,2018-08,2018-09,100.8,100.7,0.1,1.462231,train,train:17,train:run:009,reference,16,0a9cc18afa66e794ac776939eb37b784c029bbfb36db8c55425e4f45995d9add,train,train:0,train:run:001,target,1,0a9cc18afa66e794ac776939eb37b784c029bbfb36db8c55425e4f45995d9add,unique_window_cache_lookup,True,False
train:17__train:1,17,1,2019-02,2020-01,2020-02,2017-10,2018-09,2018-10,100.8,100.2,0.6,1.558811,train,train:17,train:run:009,reference,16,0a9cc18afa66e794ac776939eb37b784c029bbfb36db8c55425e4f45995d9add,train,train:1,train:run:001,reference,0,0a9cc18afa66e794ac776939eb37b784c029bbfb36db8c55425e4f45995d9add,unique_window_cache_lookup,True,False
train:17__train:2,17,2,2019-02,2020-01,2020-02,2017-11,2018-10,2018-11,100.8,99.7,1.1,1.509645,train,train:17,train:run:009,reference,16,0a9cc18afa66e794ac776939eb37b784c029bbfb36db8c55425e4f45995d9add,train,train:2,train:run:002,target,3,0a9cc18afa66e794ac776939eb37b784c029bbfb36db8c55425e4f45995d9add,unique_window_cache_lookup,True,False
train:17__train:3,17,3,2019-02,2020-01,2020-02,2017-12,2018-11,2018-12,100.8,100.0,0.8,1.437082,train,train:17,train:run:009,reference,16,0a9cc18afa66e794ac776939eb37b784c029bbfb36db8c55425e4f45995d9add,train,train:3,train:run:002,reference,2,0a9cc18afa66e794ac776939eb37b784c029bbfb36db8c55425e4f45995d9add,unique_window_cache_lookup,True,False
train:17__train:4,17,4,2019-02,2020-01,2020-02,2018-01,2018-12,2019-01,100.8,100.5,0.3,1.259747,train,train:17,train:run:009,reference,16,0a9cc18afa66e794ac776939eb37b784c029bbfb36db8c55425e4f45995d9add,train,train:4,train:run:003,target,5,0a9cc18afa66e794ac776939eb37b784c029bbfb36db8c55425e4f45995d9add,unique_window_cache_lookup,True,False
train:17__train:5,17,5,2019-02,2020-01,2020-02,2018-02,2019-01,2019-02,100.8,101.0,-0.2,0.622498,train,train:17,train:run:009,reference,16,0a9cc18afa66e794ac776939eb37b784c029bbfb36db8c55425e4f45995d9add,train,train:5,train:run:003,reference,4,0a9cc18afa66e794ac776939eb37b784c029bbfb36db8c55425e4f45995d9add,unique_window_cache_lookup,True,False
train:18__train:0,18,0,2019-03,2020-02,2020-03,2017-09,2018-08,2018-09,98.8,100.7,-1.9,1.476902,train,train:18,train:run:010,target,19,0a9cc18afa66e794ac776939eb37b784c029bbfb36db8c55425e4f45995d9add,train,train:0,train:run:001,target,1,0a9cc18afa66e794ac776939eb37b784c029bbfb36db8c55425e4f45995d9add,unique_window_cache_lookup,True,False
train:18__train:1,18,1,2019-03,2020-02,2020-03,2017-10,2018-09,2018-10,98.8,100.2,-1.4,1.460584,train,train:18,train:run:010,target,19,0a9cc18afa66e794ac776939eb37b784c029bbfb36db8c55425e4f45995d9add,train,train:1,train:run:001,reference,0,0a9cc18afa66e794ac776939eb37b784c029bbfb36db8c55425e4f45995d9add,unique_window_cache_lookup,True,False
train:18__train:2,18,2,2019-03,2020-02,2020-03,2017-11,2018-10,2018-11,98.8,99.7,-0.9,1.55263,train,train:18,train:run:010,target,19,0a9cc18afa66e794ac776939eb37b784c029bbfb36db8c55425e4f45995d9add,train,train:2,train:run:002,target,3,0a9cc18afa66e794ac776939eb37b784c029bbfb36db8c55425e4f45995d9add,unique_window_cache_lookup,True,False
train:18__train:3,18,3,2019-03,2020-02,2020-03,2017-12,2018-11,2018-12,98.8,100.0,-1.2,1.523673,train,train:18,train:run:010,target,19,0a9cc18afa66e794ac776939eb37b784c029bbfb36db8c55425e4f45995d9add,train,train:3,train:run:002,reference,2,0a9cc18afa66e794ac776939eb37b784c029bbfb36db8c55425e4f45995d9add,unique_window_cache_lookup,True,False
train:18__train:4,18,4,2019-03,2020-02,2020-03,2018-01,2018-12,2019-01,98.8,100.5,-1.7,1.464803,train,train:18,train:run:010,target,19,0a9cc18afa66e794ac776939eb37b784c029bbfb36db8c55425e4f45995d9add,train,train:4,train:run:003,target,5,0a9cc18afa66e794ac776939eb37b784c029bbfb36db8c55425e4f45995d9add,unique_window_cache_lookup,True,False
train:18__train:5,18,5,2019-03,2020-02,2020-03,2018-02,2019-01,2019-02,98.8,101.0,-2.2,1.282074,train,train:18,train:run:010,target,19,0a9cc18afa66e794ac776939eb37b784c029bbfb36db8c55425e4f45995d9add,train,train:5,train:run:003,reference,4,0a9cc18afa66e794ac776939eb37b784c029bbfb36db8c55425e4f45995d9add,unique_window_cache_lookup,True,False
train:18__train:6,18,6,2019-03,2020-02,2020-03,2018-03,2019-02,2019-03,98.8,99.6,-0.8,0.651988,train,train:18,train:run:010,target,19,0a9cc18afa66e794ac776939eb37b784c029bbfb36db8c55425e4f45995d9add,train,train:6,train:run:004,target,7,0a9cc18afa66e794ac776939eb37b784c029bbfb36db8c55425e4f45995d9add,unique_window_cache_lookup,True,False
train:19__train:0,19,0,2019-04,2020-03,2020-04,2017-09,2018-08,2018-09,99.1,100.7,-1.6,1.555397,train,train:19,train:run:010,reference,18,0a9cc18afa66e794ac776939eb37b784c029bbfb36db8c55425e4f45995d9add,train,train:0,train:run:001,target,1,0a9cc18afa66e794ac776939eb37b784c029bbfb36db8c55425e4f45995d9add,unique_window_cache_lookup,True,False
train:19__train:1,19,1,2019-04,2020-03,2020-04,2017-10,2018-09,2018-10,99.1,100.2,-1.1,1.549713,train,train:19,train:run:010,reference,18,0a9cc18afa66e794ac776939eb37b784c029bbfb36db8c55425e4f45995d9add,train,train:1,train:run:001,reference,0,0a9cc18afa66e794ac776939eb37b784c029bbfb36db8c55425e4f45995d9add,unique_window_cache_lookup,True,False
train:19__train:2,19,2,2019-04,2020-03,2020-04,2017-11,2018-10,2018-11,99.1,99.7,-0.6,1.463759,train,train:19,train:run:010,reference,18,0a9cc18afa66e794ac776939eb37b784c029bbfb36db8c55425e4f45995d9add,train,train:2,train:run:002,target,3,0a9cc18afa66e794ac776939eb37b784c029bbfb36db8c55425e4f45995d9add,unique_window_cache_lookup,True,False
train:19__train:3,19,3,2019-04,2020-03,2020-04,2017-12,2018-11,2018-12,99.1,100.0,-0.9,1.425657,train,train:19,train:run:010,reference,18,0a9cc18afa66e794ac776939eb37b784c029bbfb36db8c55425e4f45995d9add,train,train:3,train:run:002,reference,2,0a9cc18afa66e794ac776939eb37b784c029bbfb36db8c55425e4f45995d9add,unique_window_cache_lookup,True,False
train:19__train:4,19,4,2019-04,2020-03,2020-04,2018-01,2018-12,2019-01,99.1,100.5,-1.4,1.444758,train,train:19,train:run:010,reference,18,0a9cc18afa66e794ac776939eb37b784c029bbfb36db8c55425e4f45995d9add,train,train:4,train:run:003,target,5,0a9cc18afa66e794ac776939eb37b784c029bbfb36db8c55425e4f45995d9add,unique_window_cache_lookup,True,False
train:19__train:5,19,5,2019-04,2020-03,2020-04,2018-02,2019-01,2019-02,99.1,101.0,-1.9,1.48584,train,train:19,train:run:010,reference,18,0a9cc18afa66e794ac776939eb37b784c029bbfb36db8c55425e4f45995d9add,train,train:5,train:run:003,reference,4,0a9cc18afa66e794ac776939eb37b784c029bbfb36db8c55425e4f45995d9add,unique_window_cache_lookup,True,False
train:19__train:6,19,6,2019-04,2020-03,2020-04,2018-03,2019-02,2019-03,99.1,99.6,-0.5,1.400252,train,train:19,train:run:010,reference,18,0a9cc18afa66e794ac776939eb37b784c029bbfb36db8c55425e4f45995d9add,train,train:6,train:run:004,target,7,0a9cc18afa66e794ac776939eb37b784c029bbfb36db8c55425e4f45995d9add,unique_window_cache_lookup,True,False
train:19__train:7,19,7,2019-04,2020-03,2020-04,2018-04,2019-03,2019-04,99.1,100.1,-1.0,0.726518,train,train:19,train:run:010,reference,18,0a9cc18afa66e794ac776939eb37b784c029bbfb36db8c55425e4f45995d9add,train,train:7,train:run:004,reference,6,0a9cc18afa66e794ac776939eb37b784c029bbfb36db8c55425e4f45995d9add,unique_window_cache_lookup,True,False
train:20__train:0,20,0,2019-05,2020-04,2020-05,2017-09,2018-08,2018-09,99.2,100.7,-1.5,1.492139,train,train:20,train:run:011,target,21,0a9cc18afa66e794ac776939eb37b784c029bbfb36db8c55425e4f45995d9add,train,train:0,train:run:001,target,1,0a9cc18afa66e794ac776939eb37b784c029bbfb36db8c55425e4f45995d9add,unique_window_cache_lookup,True,False
train:20__train:1,20,1,2019-05,2020-04,2020-05,2017-10,2018-09,2018-10,99.2,100.2,-1.0,1.608609,train,train:20,train:run:011,target,21,0a9cc18afa66e794ac776939eb37b784c029bbfb36db8c55425e4f45995d9add,train,train:1,train:run:001,reference,0,0a9cc18afa66e794ac776939eb37b784c029bbfb36db8c55425e4f45995d9add,unique_window_cache_lookup,True,False
train:20__train:2,20,2,2019-05,2020-04,2020-05,2017-11,2018-10,2018-11,99.2,99.7,-0.5,1.537706,train,train:20,train:run:011,target,21,0a9cc18afa66e794ac776939eb37b784c029bbfb36db8c55425e4f45995d9add,train,train:2,train:run:002,target,3,0a9cc18afa66e794ac776939eb37b784c029bbfb36db8c55425e4f45995d9add,unique_window_cache_lookup,True,False
train:20__train:3,20,3,2019-05,2020-04,2020-05,2017-12,2018-11,2018-12,99.2,100.0,-0.8,1.379957,train,train:20,train:run:011,target,21,0a9cc18afa66e794ac776939eb37b784c029bbfb36db8c55425e4f45995d9add,train,train:3,train:run:002,reference,2,0a9cc18afa66e794ac776939eb37b784c029bbfb36db8c55425e4f45995d9add,unique_window_cache_lookup,True,False
train:20__train:4,20,4,2019-05,2020-04,2020-05,2018-01,2018-12,2019-01,99.2,100.5,-1.3,1.392435,train,train:20,train:run:011,target,21,0a9cc18afa66e794ac776939eb37b784c029bbfb36db8c55425e4f45995d9add,train,train:4,train:run:003,target,5,0a9cc18afa66e794ac776939eb37b784c029bbfb36db8c55425e4f45995d9add,unique_window_cache_lookup,True,False
train:20__train:5,20,5,2019-05,2020-04,2020-05,2018-02,2019-01,2019-02,99.2,101.0,-1.8,1.486653,train,train:20,train:run:011,target,21,0a9cc18afa66e794ac776939eb37b784c029bbfb36db8c55425e4f45995d9add,train,train:5,train:run:003,reference,4,0a9cc18afa66e794ac776939eb37b784c029bbfb36db8c55425e4f45995d9add,unique_window_cache_lookup,True,False
train:20__train:6,20,6,2019-05,2020-04,2020-05,2018-03,2019-02,2019-03,99.2,99.6,-0.4,1.593084,train,train:20,train:run:011,target,21,0a9cc18afa66e794ac776939eb37b784c029bbfb36db8c55425e4f45995d9add,train,train:6,train:run:004,target,7,0a9cc18afa66e794ac776939eb37b784c029bbfb36db8c55425e4f45995d9add,unique_window_cache_lookup,True,False
train:20__train:7,20,7,2019-05,2020-04,2020-05,2018-04,2019-03,2019-04,99.2,100.1,-0.9,1.321607,train,train:20,train:run:011,target,21,0a9cc18afa66e794ac776939eb37b784c029bbfb36db8c55425e4f45995d9add,train,train:7,train:run:004,reference,6,0a9cc18afa66e794ac776939eb37b784c029bbfb36db8c55425e4f45995d9add,unique_window_cache_lookup,True,False
train:20__train:8,20,8,2019-05,2020-04,2020-05,2018-05,2019-04,2019-05,99.2,100.0,-0.8,0.802017,train,train:20,train:run:011,target,21,0a9cc18afa66e794ac776939eb37b784c029bbfb36db8c55425e4f45995d9add,train,train:8,train:run:005,target,9,0a9cc18afa66e794ac776939eb37b784c029bbfb36db8c55425e4f45995d9add,unique_window_cache_lookup,True,False
train:21__train:0,21,0,2019-06,2020-05,2020-06,2017-09,2018-08,2018-09,99.9,100.7,-0.8,1.455356,train,train:21,train:run:011,reference,20,0a9cc18afa66e794ac776939eb37b784c029bbfb36db8c55425e4f45995d9add,train,train:0,train:run:001,target,1,0a9cc18afa66e794ac776939eb37b784c029bbfb36db8c55425e4f45995d9add,unique_window_cache_lookup,True,False
train:21__train:1,21,1,2019-06,2020-05,2020-06,2017-10,2018-09,2018-10,99.9,100.2,-0.3,1.542377,train,train:21,train:run:011,reference,20,0a9cc18afa66e794ac776939eb37b784c029bbfb36db8c55425e4f45995d9add,train,train:1,train:run:001,reference,0,0a9cc18afa66e794ac776939eb37b784c029bbfb36db8c55425e4f45995d9add,unique_window_cache_lookup,True,False
train:21__train:2,21,2,2019-06,2020-05,2020-06,2017-11,2018-10,2018-11,99.9,99.7,0.2,1.59887,train,train:21,train:run:011,reference,20,0a9cc18afa66e794ac776939eb37b784c029bbfb36db8c55425e4f45995d9add,train,train:2,train:run:002,target,3,0a9cc18afa66e794ac776939eb37b784c029bbfb36db8c55425e4f45995d9add,unique_window_cache_lookup,True,False
train:21__train:3,21,3,2019-06,2020-05,2020-06,2017-12,2018-11,2018-12,99.9,100.0,-0.1,1.469789,train,train:21,train:run:011,reference,20,0a9cc18afa66e794ac776939eb37b784c029bbfb36db8c55425e4f45995d9add,train,train:3,train:run:002,reference,2,0a9cc18afa66e794ac776939eb37b784c029bbfb36db8c55425e4f45995d9add,unique_window_cache_lookup,True,False
train:21__train:4,21,4,2019-06,2020-05,2020-06,2018-01,2018-12,2019-01,99.9,100.5,-0.6,1.355406,train,train:21,train:run:011,reference,20,0a9cc18afa66e794ac776939eb37b784c029bbfb36db8c55425e4f45995d9add,train,train:4,train:run:003,target,5,0a9cc18afa66e794ac776939eb37b784c029bbfb36db8c55425e4f45995d9add,unique_window_cache_lookup,True,False
train:21__train:5,21,5,2019-06,2020-05,2020-06,2018-02,2019-01,2019-02,99.9,101.0,-1.1,1.427765,train,train:21,train:run:011,reference,20,0a9cc18afa66e794ac776939eb37b784c029bbfb36db8c55425e4f45995d9add,train,train:5,train:run:003,reference,4,0a9cc18afa66e794ac776939eb37b784c029bbfb36db8c55425e4f45995d9add,unique_window_cache_lookup,True,False
train:21__train:6,21,6,2019-06,2020-05,2020-06,2018-03,2019-02,2019-03,99.9,99.6,0.3,1.567302,train,train:21,train:run:011,reference,20,0a9cc18afa66e794ac776939eb37b784c029bbfb36db8c55425e4f45995d9add,train,train:6,train:run:004,target,7,0a9cc18afa66e794ac776939eb37b784c029bbfb36db8c55425e4f45995d9add,unique_window_cache_lookup,True,False
train:21__train:7,21,7,2019-06,2020-05,2020-06,2018-04,2019-03,2019-04,99.9,100.1,-0.2,1.577618,train,train:21,train:run:011,reference,20,0a9cc18afa66e794ac776939eb37b784c029bbfb36db8c55425e4f45995d9add,train,train:7,train:run:004,reference,6,0a9cc18afa66e794ac776939eb37b784c029bbfb36db8c55425e4f45995d9add,unique_window_cache_lookup,True,False
train:21__train:8,21,8,2019-06,2020-05,2020-06,2018-05,2019-04,2019-05,99.9,100.0,-0.1,1.3247,train,train:21,train:run:011,reference,20,0a9cc18afa66e794ac776939eb37b784c029bbfb36db8c55425e4f45995d9add,train,train:8,train:run:005,target,9,0a9cc18afa66e794ac776939eb37b784c029bbfb36db8c55425e4f45995d9add,unique_window_cache_lookup,True,False
train:21__train:9,21,9,2019-06,2020-05,2020-06,2018-06,2019-05,2019-06,99.9,99.9,0.0,0.798324,train,train:21,train:run:011,reference,20,0a9cc18afa66e794ac776939eb37b784c029bbfb36db8c55425e4f45995d9add,train,train:9,train:run:005,reference,8,0a9cc18afa66e794ac776939eb37b784c029bbfb36db8c55425e4f45995d9add,unique_window_cache_lookup,True,False
train:22__train:0,22,0,2019-07,2020-06,2020-07,2017-09,2018-08,2018-09,100.6,100.7,-0.1,1.585406,train,train:22,train:run:012,target,23,0a9cc18afa66e794ac776939eb37b784c029bbfb36db8c55425e4f45995d9add,train,train:0,train:run:001,target,1,0a9cc18afa66e794ac776939eb37b784c029bbfb36db8c55425e4f45995d9add,unique_window_cache_lookup,True,False
train:22__train:1,22,1,2019-07,2020-06,2020-07,2017-10,2018-09,2018-10,100.6,100.2,0.4,1.462401,train,train:22,train:run:012,target,23,0a9cc18afa66e794ac776939eb37b784c029bbfb36db8c55425e4f45995d9add,train,train:1,train:run:001,reference,0,0a9cc18afa66e794ac776939eb37b784c029bbfb36db8c55425e4f45995d9add,unique_window_cache_lookup,True,False
train:22__train:2,22,2,2019-07,2020-06,2020-07,2017-11,2018-10,2018-11,100.6,99.7,0.9,1.546277,train,train:22,train:run:012,target,23,0a9cc18afa66e794ac776939eb37b784c029bbfb36db8c55425e4f45995d9add,train,train:2,train:run:002,target,3,0a9cc18afa66e794ac776939eb37b784c029bbfb36db8c55425e4f45995d9add,unique_window_cache_lookup,True,False
train:22__train:3,22,3,2019-07,2020-06,2020-07,2017-12,2018-11,2018-12,100.6,100.0,0.6,1.583765,train,train:22,train:run:012,target,23,0a9cc18afa66e794ac776939eb37b784c029bbfb36db8c55425e4f45995d9add,train,train:3,train:run:002,reference,2,0a9cc18afa66e794ac776939eb37b784c029bbfb36db8c55425e4f45995d9add,unique_window_cache_lookup,True,False
train:22__train:4,22,4,2019-07,2020-06,2020-07,2018-01,2018-12,2019-01,100.6,100.5,0.1,1.458175,train,train:22,train:run:012,target,23,0a9cc18afa66e794ac776939eb37b784c029bbfb36db8c55425e4f45995d9add,train,train:4,train:run:003,target,5,0a9cc18afa66e794ac776939eb37b784c029bbfb36db8c55425e4f45995d9add,unique_window_cache_lookup,True,False
train:22__train:5,22,5,2019-07,2020-06,2020-07,2018-02,2019-01,2019-02,100.6,101.0,-0.4,1.35058,train,train:22,train:run:012,target,23,0a9cc18afa66e794ac776939eb37b784c029bbfb36db8c55425e4f45995d9add,train,train:5,train:run:003,reference,4,0a9cc18afa66e794ac776939eb37b784c029bbfb36db8c55425e4f45995d9add,unique_window_cache_lookup,True,False
train:22__train:6,22,6,2019-07,2020-06,2020-07,2018-03,2019-02,2019-03,100.6,99.6,1.0,1.420051,train,train:22,train:run:012,target,23,0a9cc18afa66e794ac776939eb37b784c029bbfb36db8c55425e4f45995d9add,train,train:6,train:run:004,target,7,0a9cc18afa66e794ac776939eb37b784c029bbfb36db8c55425e4f45995d9add,unique_window_cache_lookup,True,False
train:22__train:7,22,7,2019-07,2020-06,2020-07,2018-04,2019-03,2019-04,100.6,100.1,0.5,1.634967,train,train:22,train:run:012,target,23,0a9cc18afa66e794ac776939eb37b784c029bbfb36db8c55425e4f45995d9add,train,train:7,train:run:004,reference,6,0a9cc18afa66e794ac776939eb37b784c029bbfb36db8c55425e4f45995d9add,unique_window_cache_lookup,True,False
train:22__train:8,22,8,2019-07,2020-06,2020-07,2018-05,2019-04,2019-05,100.6,100.0,0.6,1.597416,train,train:22,train:run:012,target,23,0a9cc18afa66e794ac776939eb37b784c029bbfb36db8c55425e4f45995d9add,train,train:8,train:run:005,target,9,0a9cc18afa66e794ac776939eb37b784c029bbfb36db8c55425e4f45995d9add,unique_window_cache_lookup,True,False
train:22__train:9,22,9,2019-07,2020-06,2020-07,2018-06,2019-05,2019-06,100.6,99.9,0.7,1.33384,train,train:22,train:run:012,target,23,0a9cc18afa66e794ac776939eb37b784c029bbfb36db8c55425e4f45995d9add,train,train:9,train:run:005,reference,8,0a9cc18afa66e794ac776939eb37b784c029bbfb36db8c55425e4f45995d9add,unique_window_cache_lookup,True,False
train:22__train:10,22,10,2019-07,2020-06,2020-07,2018-07,2019-06,2019-07,100.6,100.4,0.2,0.798324,train,train:22,train:run:012,target,23,0a9cc18afa66e794ac776939eb37b784c029bbfb36db8c55425e4f45995d9add,train,train:10,train:run:006,target,11,0a9cc18afa66e794ac776939eb37b784c029bbfb36db8c55425e4f45995d9add,unique_window_cache_lookup,True,False
train:23__train:0,23,0,2019-08,2020-07,2020-08,2017-09,2018-08,2018-09,100.4,100.7,-0.3,1.150095,train,train:23,train:run:012,reference,22,0a9cc18afa66e794ac776939eb37b784c029bbfb36db8c55425e4f45995d9add,train,train:0,train:run:001,target,1,0a9cc18afa66e794ac776939eb37b784c029bbfb36db8c55425e4f45995d9add,unique_window_cache_lookup,True,False
train:23__train:1,23,1,2019-08,2020-07,2020-08,2017-10,2018-09,2018-10,100.4,100.2,0.2,1.564047,train,train:23,train:run:012,reference,22,0a9cc18afa66e794ac776939eb37b784c029bbfb36db8c55425e4f45995d9add,train,train:1,train:run:001,reference,0,0a9cc18afa66e794ac776939eb37b784c029bbfb36db8c55425e4f45995d9add,unique_window_cache_lookup,True,False
train:23__train:2,23,2,2019-08,2020-07,2020-08,2017-11,2018-10,2018-11,100.4,99.7,0.7,1.459652,train,train:23,train:run:012,reference,22,0a9cc18afa66e794ac776939eb37b784c029bbfb36db8c55425e4f45995d9add,train,train:2,train:run:002,target,3,0a9cc18afa66e794ac776939eb37b784c029bbfb36db8c55425e4f45995d9add,unique_window_cache_lookup,True,False
train:23__train:3,23,3,2019-08,2020-07,2020-08,2017-12,2018-11,2018-12,100.4,100.0,0.4,1.55999,train,train:23,train:run:012,reference,22,0a9cc18afa66e794ac776939eb37b784c029bbfb36db8c55425e4f45995d9add,train,train:3,train:run:002,reference,2,0a9cc18afa66e794ac776939eb37b784c029bbfb36db8c55425e4f45995d9add,unique_window_cache_lookup,True,False
train:23__train:4,23,4,2019-08,2020-07,2020-08,2018-01,2018-12,2019-01,100.4,100.5,-0.1,1.592414,train,train:23,train:run:012,reference,22,0a9cc18afa66e794ac776939eb37b784c029bbfb36db8c55425e4f45995d9add,train,train:4,train:run:003,target,5,0a9cc18afa66e794ac776939eb37b784c029bbfb36db8c55425e4f45995d9add,unique_window_cache_lookup,True,False
train:23__train:5,23,5,2019-08,2020-07,2020-08,2018-02,2019-01,2019-02,100.4,101.0,-0.6,1.451665,train,train:23,train:run:012,reference,22,0a9cc18afa66e794ac776939eb37b784c029bbfb36db8c55425e4f45995d9add,train,train:5,train:run:003,reference,4,0a9cc18afa66e794ac776939eb37b784c029bbfb36db8c55425e4f45995d9add,unique_window_cache_lookup,True,False
train:23__train:6,23,6,2019-08,2020-07,2020-08,2018-03,2019-02,2019-03,100.4,99.6,0.8,1.327918,train,train:23,train:run:012,reference,22,0a9cc18afa66e794ac776939eb37b784c029bbfb36db8c55425e4f45995d9add,train,train:6,train:run:004,target,7,0a9cc18afa66e794ac776939eb37b784c029bbfb36db8c55425e4f45995d9add,unique_window_cache_lookup,True,False
train:23__train:7,23,7,2019-08,2020-07,2020-08,2018-04,2019-03,2019-04,100.4,100.1,0.3,1.41846,train,train:23,train:run:012,reference,22,0a9cc18afa66e794ac776939eb37b784c029bbfb36db8c55425e4f45995d9add,train,train:7,train:run:004,reference,6,0a9cc18afa66e794ac776939eb37b784c029bbfb36db8c55425e4f45995d9add,unique_window_cache_lookup,True,False
train:23__train:8,23,8,2019-08,2020-07,2020-08,2018-05,2019-04,2019-05,100.4,100.0,0.4,1.634854,train,train:23,train:run:012,reference,22,0a9cc18afa66e794ac776939eb37b784c029bbfb36db8c55425e4f45995d9add,train,train:8,train:run:005,target,9,0a9cc18afa66e794ac776939eb37b784c029bbfb36db8c55425e4f45995d9add,unique_window_cache_lookup,True,False
train:23__train:9,23,9,2019-08,2020-07,2020-08,2018-06,2019-05,2019-06,100.4,99.9,0.5,1.602457,train,train:23,train:run:012,reference,22,0a9cc18afa66e794ac776939eb37b784c029bbfb36db8c55425e4f45995d9add,train,train:9,train:run:005,reference,8,0a9cc18afa66e794ac776939eb37b784c029bbfb36db8c55425e4f45995d9add,unique_window_cache_lookup,True,False
train:23__train:10,23,10,2019-08,2020-07,2020-08,2018-07,2019-06,2019-07,100.4,100.4,0.0,1.346896,train,train:23,train:run:012,reference,22,0a9cc18afa66e794ac776939eb37b784c029bbfb36db8c55425e4f45995d9add,train,train:10,train:run:006,target,11,0a9cc18afa66e794ac776939eb37b784c029bbfb36db8c55425e4f45995d9add,unique_window_cache_lookup,True,False
train:23__train:11,23,11,2019-08,2020-07,2020-08,2018-08,2019-07,2019-08,100.4,100.7,-0.3,0.793015,train,train:23,train:run:012,reference,22,0a9cc18afa66e794ac776939eb37b784c029bbfb36db8c55425e4f45995d9add,train,train:11,train:run:006,reference,10,0a9cc18afa66e794ac776939eb37b784c029bbfb36db8c55425e4f45995d9add,unique_window_cache_lookup,True,False
train:24__train:0,24,0,2019-09,2020-08,2020-09,2017-09,2018-08,2018-09,100.2,100.7,-0.5,0.660019,train,train:24,train:run:013,target,25,0a9cc18afa66e794ac776939eb37b784c029bbfb36db8c55425e4f45995d9add,train,train:0,train:run:001,target,1,0a9cc18afa66e794ac776939eb37b784c029bbfb36db8c55425e4f45995d9add,unique_window_cache_lookup,True,False
train:24__train:1,24,1,2019-09,2020-08,2020-09,2017-10,2018-09,2018-10,100.2,100.2,0.0,1.162,train,train:24,train:run:013,target,25,0a9cc18afa66e794ac776939eb37b784c029bbfb36db8c55425e4f45995d9add,train,train:1,train:run:001,reference,0,0a9cc18afa66e794ac776939eb37b784c029bbfb36db8c55425e4f45995d9add,unique_window_cache_lookup,True,False
train:24__train:2,24,2,2019-09,2020-08,2020-09,2017-11,2018-10,2018-11,100.2,99.7,0.5,1.560433,train,train:24,train:run:013,target,25,0a9cc18afa66e794ac776939eb37b784c029bbfb36db8c55425e4f45995d9add,train,train:2,train:run:002,target,3,0a9cc18afa66e794ac776939eb37b784c029bbfb36db8c55425e4f45995d9add,unique_window_cache_lookup,True,False
train:24__train:3,24,3,2019-09,2020-08,2020-09,2017-12,2018-11,2018-12,100.2,100.0,0.2,1.45911,train,train:24,train:run:013,target,25,0a9cc18afa66e794ac776939eb37b784c029bbfb36db8c55425e4f45995d9add,train,train:3,train:run:002,reference,2,0a9cc18afa66e794ac776939eb37b784c029bbfb36db8c55425e4f45995d9add,unique_window_cache_lookup,True,False
train:24__train:4,24,4,2019-09,2020-08,2020-09,2018-01,2018-12,2019-01,100.2,100.5,-0.3,1.57322,train,train:24,train:run:013,target,25,0a9cc18afa66e794ac776939eb37b784c029bbfb36db8c55425e4f45995d9add,train,train:4,train:run:003,target,5,0a9cc18afa66e794ac776939eb37b784c029bbfb36db8c55425e4f45995d9add,unique_window_cache_lookup,True,False
train:24__train:5,24,5,2019-09,2020-08,2020-09,2018-02,2019-01,2019-02,100.2,101.0,-0.8,1.614413,train,train:24,train:run:013,target,25,0a9cc18afa66e794ac776939eb37b784c029bbfb36db8c55425e4f45995d9add,train,train:5,train:run:003,reference,4,0a9cc18afa66e794ac776939eb37b784c029bbfb36db8c55425e4f45995d9add,unique_window_cache_lookup,True,False
train:24__train:6,24,6,2019-09,2020-08,2020-09,2018-03,2019-02,2019-03,100.2,99.6,0.6,1.501523,train,train:24,train:run:013,target,25,0a9cc18afa66e794ac776939eb37b784c029bbfb36db8c55425e4f45995d9add,train,train:6,train:run:004,target,7,0a9cc18afa66e794ac776939eb37b784c029bbfb36db8c55425e4f45995d9add,unique_window_cache_lookup,True,False
train:24__train:7,24,7,2019-09,2020-08,2020-09,2018-04,2019-03,2019-04,100.2,100.1,0.1,1.205688,train,train:24,train:run:013,target,25,0a9cc18afa66e794ac776939eb37b784c029bbfb36db8c55425e4f45995d9add,train,train:7,train:run:004,reference,6,0a9cc18afa66e794ac776939eb37b784c029bbfb36db8c55425e4f45995d9add,unique_window_cache_lookup,True,False
train:24__train:8,24,8,2019-09,2020-08,2020-09,2018-05,2019-04,2019-05,100.2,100.0,0.2,1.387214,train,train:24,train:run:013,target,25,0a9cc18afa66e794ac776939eb37b784c029bbfb36db8c55425e4f45995d9add,train,train:8,train:run:005,target,9,0a9cc18afa66e794ac776939eb37b784c029bbfb36db8c55425e4f45995d9add,unique_window_cache_lookup,True,False
train:24__train:9,24,9,2019-09,2020-08,2020-09,2018-06,2019-05,2019-06,100.2,99.9,0.3,1.618194,train,train:24,train:run:013,target,25,0a9cc18afa66e794ac776939eb37b784c029bbfb36db8c55425e4f45995d9add,train,train:9,train:run:005,reference,8,0a9cc18afa66e794ac776939eb37b784c029bbfb36db8c55425e4f45995d9add,unique_window_cache_lookup,True,False
train:24__train:10,24,10,2019-09,2020-08,2020-09,2018-07,2019-06,2019-07,100.2,100.4,-0.2,1.589022,train,train:24,train:run:013,target,25,0a9cc18afa66e794ac776939eb37b784c029bbfb36db8c55425e4f45995d9add,train,train:10,train:run:006,target,11,0a9cc18afa66e794ac776939eb37b784c029bbfb36db8c55425e4f45995d9add,unique_window_cache_lookup,True,False
train:24__train:11,24,11,2019-09,2020-08,2020-09,2018-08,2019-07,2019-08,100.2,100.7,-0.5,1.346842,train,train:24,train:run:013,target,25,0a9cc18afa66e794ac776939eb37b784c029bbfb36db8c55425e4f45995d9add,train,train:11,train:run:006,reference,10,0a9cc18afa66e794ac776939eb37b784c029bbfb36db8c55425e4f45995d9add,unique_window_cache_lookup,True,False
train:24__train:12,24,12,2019-09,2020-08,2020-09,2018-09,2019-08,2019-09,100.2,100.9,-0.7,0.826061,train,train:24,train:run:013,target,25,0a9cc18afa66e794ac776939eb37b784c029bbfb36db8c55425e4f45995d9add,train,train:12,train:run:007,target,13,0a9cc18afa66e794ac776939eb37b784c029bbfb36db8c55425e4f45995d9add,unique_window_cache_lookup,True,False
train:25__train:0,25,0,2019-10,2020-09,2020-10,2017-09,2018-08,2018-09,99.7,100.7,-1.0,1.26091,train,train:25,train:run:013,reference,24,0a9cc18afa66e794ac776939eb37b784c029bbfb36db8c55425e4f45995d9add,train,train:0,train:run:001,target,1,0a9cc18afa66e794ac776939eb37b784c029bbfb36db8c55425e4f45995d9add,unique_window_cache_lookup,True,False
train:25__train:1,25,1,2019-10,2020-09,2020-10,2017-10,2018-09,2018-10,99.7,100.2,-0.5,0.70429,train,train:25,train:run:013,reference,24,0a9cc18afa66e794ac776939eb37b784c029bbfb36db8c55425e4f45995d9add,train,train:1,train:run:001,reference,0,0a9cc18afa66e794ac776939eb37b784c029bbfb36db8c55425e4f45995d9add,unique_window_cache_lookup,True,False
train:25__train:2,25,2,2019-10,2020-09,2020-10,2017-11,2018-10,2018-11,99.7,99.7,0.0,1.138868,train,train:25,train:run:013,reference,24,0a9cc18afa66e794ac776939eb37b784c029bbfb36db8c55425e4f45995d9add,train,train:2,train:run:002,target,3,0a9cc18afa66e794ac776939eb37b784c029bbfb36db8c55425e4f45995d9add,unique_window_cache_lookup,True,False
train:25__train:3,25,3,2019-10,2020-09,2020-10,2017-12,2018-11,2018-12,99.7,100.0,-0.3,1.547009,train,train:25,train:run:013,reference,24,0a9cc18afa66e794ac776939eb37b784c029bbfb36db8c55425e4f45995d9add,train,train:3,train:run:002,reference,2,0a9cc18afa66e794ac776939eb37b784c029bbfb36db8c55425e4f45995d9add,unique_window_cache_lookup,True,False
train:25__train:4,25,4,2019-10,2020-09,2020-10,2018-01,2018-12,2019-01,99.7,100.5,-0.8,1.47444,train,train:25,train:run:013,reference,24,0a9cc18afa66e794ac776939eb37b784c029bbfb36db8c55425e4f45995d9add,train,train:4,train:run:003,target,5,0a9cc18afa66e794ac776939eb37b784c029bbfb36db8c55425e4f45995d9add,unique_window_cache_lookup,True,False
train:25__train:5,25,5,2019-10,2020-09,2020-10,2018-02,2019-01,2019-02,99.7,101.0,-1.3,1.619316,train,train:25,train:run:013,reference,24,0a9cc18afa66e794ac776939eb37b784c029bbfb36db8c55425e4f45995d9add,train,train:5,train:run:003,reference,4,0a9cc18afa66e794ac776939eb37b784c029bbfb36db8c55425e4f45995d9add,unique_window_cache_lookup,True,False
train:25__train:6,25,6,2019-10,2020-09,2020-10,2018-03,2019-02,2019-03,99.7,99.6,0.1,1.723049,train,train:25,train:run:013,reference,24,0a9cc18afa66e794ac776939eb37b784c029bbfb36db8c55425e4f45995d9add,train,train:6,train:run:004,target,7,0a9cc18afa66e794ac776939eb37b784c029bbfb36db8c55425e4f45995d9add,unique_window_cache_lookup,True,False
train:25__train:7,25,7,2019-10,2020-09,2020-10,2018-04,2019-03,2019-04,99.7,100.1,-0.4,1.369022,train,train:25,train:run:013,reference,24,0a9cc18afa66e794ac776939eb37b784c029bbfb36db8c55425e4f45995d9add,train,train:7,train:run:004,reference,6,0a9cc18afa66e794ac776939eb37b784c029bbfb36db8c55425e4f45995d9add,unique_window_cache_lookup,True,False
train:25__train:8,25,8,2019-10,2020-09,2020-10,2018-05,2019-04,2019-05,99.7,100.0,-0.3,1.124245,train,train:25,train:run:013,reference,24,0a9cc18afa66e794ac776939eb37b784c029bbfb36db8c55425e4f45995d9add,train,train:8,train:run:005,target,9,0a9cc18afa66e794ac776939eb37b784c029bbfb36db8c55425e4f45995d9add,unique_window_cache_lookup,True,False
train:25__train:9,25,9,2019-10,2020-09,2020-10,2018-06,2019-05,2019-06,99.7,99.9,-0.2,1.326073,train,train:25,train:run:013,reference,24,0a9cc18afa66e794ac776939eb37b784c029bbfb36db8c55425e4f45995d9add,train,train:9,train:run:005,reference,8,0a9cc18afa66e794ac776939eb37b784c029bbfb36db8c55425e4f45995d9add,unique_window_cache_lookup,True,False
train:25__train:10,25,10,2019-10,2020-09,2020-10,2018-07,2019-06,2019-07,99.7,100.4,-0.7,1.587291,train,train:25,train:run:013,reference,24,0a9cc18afa66e794ac776939eb37b784c029bbfb36db8c55425e4f45995d9add,train,train:10,train:run:006,target,11,0a9cc18afa66e794ac776939eb37b784c029bbfb36db8c55425e4f45995d9add,unique_window_cache_lookup,True,False
train:25__train:11,25,11,2019-10,2020-09,2020-10,2018-08,2019-07,2019-08,99.7,100.7,-1.0,1.602167,train,train:25,train:run:013,reference,24,0a9cc18afa66e794ac776939eb37b784c029bbfb36db8c55425e4f45995d9add,train,train:11,train:run:006,reference,10,0a9cc18afa66e794ac776939eb37b784c029bbfb36db8c55425e4f45995d9add,unique_window_cache_lookup,True,False
train:25__train:12,25,12,2019-10,2020-09,2020-10,2018-09,2019-08,2019-09,99.7,100.9,-1.2,1.407876,train,train:25,train:run:013,reference,24,0a9cc18afa66e794ac776939eb37b784c029bbfb36db8c55425e4f45995d9add,train,train:12,train:run:007,target,13,0a9cc18afa66e794ac776939eb37b784c029bbfb36db8c55425e4f45995d9add,unique_window_cache_lookup,True,False
train:25__train:13,25,13,2019-10,2020-09,2020-10,2018-10,2019-09,2019-10,99.7,100.9,-1.2,0.928095,train,train:25,train:run:013,reference,24,0a9cc18afa66e794ac776939eb37b784c029bbfb36db8c55425e4f45995d9add,train,train:13,train:run:007,reference,12,0a9cc18afa66e794ac776939eb37b784c029bbfb36db8c55425e4f45995d9add,unique_window_cache_lookup,True,False
train:26__train:0,26,0,2019-11,2020-10,2020-11,2017-09,2018-08,2018-09,99.4,100.7,-1.3,1.535362,train,train:26,train:run:014,target,27,0a9cc18afa66e794ac776939eb37b784c029bbfb36db8c55425e4f45995d9add,train,train:0,train:run:001,target,1,0a9cc18afa66e794ac776939eb37b784c029bbfb36db8c55425e4f45995d9add,unique_window_cache_lookup,True,False
train:26__train:1,26,1,2019-11,2020-10,2020-11,2017-10,2018-09,2018-10,99.4,100.2,-0.8,1.330441,train,train:26,train:run:014,target,27,0a9cc18afa66e794ac776939eb37b784c029bbfb36db8c55425e4f45995d9add,train,train:1,train:run:001,reference,0,0a9cc18afa66e794ac776939eb37b784c029bbfb36db8c55425e4f45995d9add,unique_window_cache_lookup,True,False
train:26__train:2,26,2,2019-11,2020-10,2020-11,2017-11,2018-10,2018-11,99.4,99.7,-0.3,0.636056,train,train:26,train:run:014,target,27,0a9cc18afa66e794ac776939eb37b784c029bbfb36db8c55425e4f45995d9add,train,train:2,train:run:002,target,3,0a9cc18afa66e794ac776939eb37b784c029bbfb36db8c55425e4f45995d9add,unique_window_cache_lookup,True,False
train:26__train:3,26,3,2019-11,2020-10,2020-11,2017-12,2018-11,2018-12,99.4,100.0,-0.6,1.073332,train,train:26,train:run:014,target,27,0a9cc18afa66e794ac776939eb37b784c029bbfb36db8c55425e4f45995d9add,train,train:3,train:run:002,reference,2,0a9cc18afa66e794ac776939eb37b784c029bbfb36db8c55425e4f45995d9add,unique_window_cache_lookup,True,False
train:26__train:4,26,4,2019-11,2020-10,2020-11,2018-01,2018-12,2019-01,99.4,100.5,-1.1,1.557903,train,train:26,train:run:014,target,27,0a9cc18afa66e794ac776939eb37b784c029bbfb36db8c55425e4f45995d9add,train,train:4,train:run:003,target,5,0a9cc18afa66e794ac776939eb37b784c029bbfb36db8c55425e4f45995d9add,unique_window_cache_lookup,True,False
train:26__train:5,26,5,2019-11,2020-10,2020-11,2018-02,2019-01,2019-02,99.4,101.0,-1.6,1.544536,train,train:26,train:run:014,target,27,0a9cc18afa66e794ac776939eb37b784c029bbfb36db8c55425e4f45995d9add,train,train:5,train:run:003,reference,4,0a9cc18afa66e794ac776939eb37b784c029bbfb36db8c55425e4f45995d9add,unique_window_cache_lookup,True,False
train:26__train:6,26,6,2019-11,2020-10,2020-11,2018-03,2019-02,2019-03,99.4,99.6,-0.2,1.785598,train,train:26,train:run:014,target,27,0a9cc18afa66e794ac776939eb37b784c029bbfb36db8c55425e4f45995d9add,train,train:6,train:run:004,target,7,0a9cc18afa66e794ac776939eb37b784c029bbfb36db8c55425e4f45995d9add,unique_window_cache_lookup,True,False
train:26__train:7,26,7,2019-11,2020-10,2020-11,2018-04,2019-03,2019-04,99.4,100.1,-0.7,1.614328,train,train:26,train:run:014,target,27,0a9cc18afa66e794ac776939eb37b784c029bbfb36db8c55425e4f45995d9add,train,train:7,train:run:004,reference,6,0a9cc18afa66e794ac776939eb37b784c029bbfb36db8c55425e4f45995d9add,unique_window_cache_lookup,True,False
train:26__train:8,26,8,2019-11,2020-10,2020-11,2018-05,2019-04,2019-05,99.4,100.0,-0.6,1.29245,train,train:26,train:run:014,target,27,0a9cc18afa66e794ac776939eb37b784c029bbfb36db8c55425e4f45995d9add,train,train:8,train:run:005,target,9,0a9cc18afa66e794ac776939eb37b784c029bbfb36db8c55425e4f45995d9add,unique_window_cache_lookup,True,False
train:26__train:9,26,9,2019-11,2020-10,2020-11,2018-06,2019-05,2019-06,99.4,99.9,-0.5,0.987513,train,train:26,train:run:014,target,27,0a9cc18afa66e794ac776939eb37b784c029bbfb36db8c55425e4f45995d9add,train,train:9,train:run:005,reference,8,0a9cc18afa66e794ac776939eb37b784c029bbfb36db8c55425e4f45995d9add,unique_window_cache_lookup,True,False
train:26__train:10,26,10,2019-11,2020-10,2020-11,2018-07,2019-06,2019-07,99.4,100.4,-1.0,1.237073,train,train:26,train:run:014,target,27,0a9cc18afa66e794ac776939eb37b784c029bbfb36db8c55425e4f45995d9add,train,train:10,train:run:006,target,11,0a9cc18afa66e794ac776939eb37b784c029bbfb36db8c55425e4f45995d9add,unique_window_cache_lookup,True,False
train:26__train:11,26,11,2019-11,2020-10,2020-11,2018-08,2019-07,2019-08,99.4,100.7,-1.3,1.614239,train,train:26,train:run:014,target,27,0a9cc18afa66e794ac776939eb37b784c029bbfb36db8c55425e4f45995d9add,train,train:11,train:run:006,reference,10,0a9cc18afa66e794ac776939eb37b784c029bbfb36db8c55425e4f45995d9add,unique_window_cache_lookup,True,False
train:26__train:12,26,12,2019-11,2020-10,2020-11,2018-09,2019-08,2019-09,99.4,100.9,-1.5,1.703297,train,train:26,train:run:014,target,27,0a9cc18afa66e794ac776939eb37b784c029bbfb36db8c55425e4f45995d9add,train,train:12,train:run:007,target,13,0a9cc18afa66e794ac776939eb37b784c029bbfb36db8c55425e4f45995d9add,unique_window_cache_lookup,True,False
train:26__train:13,26,13,2019-11,2020-10,2020-11,2018-10,2019-09,2019-10,99.4,100.9,-1.5,1.521495,train,train:26,train:run:014,target,27,0a9cc18afa66e794ac776939eb37b784c029bbfb36db8c55425e4f45995d9add,train,train:13,train:run:007,reference,12,0a9cc18afa66e794ac776939eb37b784c029bbfb36db8c55425e4f45995d9add,unique_window_cache_lookup,True,False
train:26__train:14,26,14,2019-11,2020-10,2020-11,2018-11,2019-10,2019-11,99.4,100.4,-1.0,0.996334,train,train:26,train:run:014,target,27,0a9cc18afa66e794ac776939eb37b784c029bbfb36db8c55425e4f45995d9add,train,train:14,train:run:008,target,15,0a9cc18afa66e794ac776939eb37b784c029bbfb36db8c55425e4f45995d9add,unique_window_cache_lookup,True,False
train:27__train:0,27,0,2019-12,2020-11,2020-12,2017-09,2018-08,2018-09,100.7,100.7,0.0,1.709995,train,train:27,train:run:014,reference,26,0a9cc18afa66e794ac776939eb37b784c029bbfb36db8c55425e4f45995d9add,train,train:0,train:run:001,target,1,0a9cc18afa66e794ac776939eb37b784c029bbfb36db8c55425e4f45995d9add,unique_window_cache_lookup,True,False
train:27__train:1,27,1,2019-12,2020-11,2020-12,2017-10,2018-09,2018-10,100.7,100.2,0.5,1.587213,train,train:27,train:run:014,reference,26,0a9cc18afa66e794ac776939eb37b784c029bbfb36db8c55425e4f45995d9add,train,train:1,train:run:001,reference,0,0a9cc18afa66e794ac776939eb37b784c029bbfb36db8c55425e4f45995d9add,unique_window_cache_lookup,True,False
train:27__train:2,27,2,2019-12,2020-11,2020-12,2017-11,2018-10,2018-11,100.7,99.7,1.0,1.326265,train,train:27,train:run:014,reference,26,0a9cc18afa66e794ac776939eb37b784c029bbfb36db8c55425e4f45995d9add,train,train:2,train:run:002,target,3,0a9cc18afa66e794ac776939eb37b784c029bbfb36db8c55425e4f45995d9add,unique_window_cache_lookup,True,False
train:27__train:3,27,3,2019-12,2020-11,2020-12,2017-12,2018-11,2018-12,100.7,100.0,0.7,0.570552,train,train:27,train:run:014,reference,26,0a9cc18afa66e794ac776939eb37b784c029bbfb36db8c55425e4f45995d9add,train,train:3,train:run:002,reference,2,0a9cc18afa66e794ac776939eb37b784c029bbfb36db8c55425e4f45995d9add,unique_window_cache_lookup,True,False
train:27__train:4,27,4,2019-12,2020-11,2020-12,2018-01,2018-12,2019-01,100.7,100.5,0.2,1.072085,train,train:27,train:run:014,reference,26,0a9cc18afa66e794ac776939eb37b784c029bbfb36db8c55425e4f45995d9add,train,train:4,train:run:003,target,5,0a9cc18afa66e794ac776939eb37b784c029bbfb36db8c55425e4f45995d9add,unique_window_cache_lookup,True,False
train:27__train:5,27,5,2019-12,2020-11,2020-12,2018-02,2019-01,2019-02,100.7,101.0,-0.3,1.606373,train,train:27,train:run:014,reference,26,0a9cc18afa66e794ac776939eb37b784c029bbfb36db8c55425e4f45995d9add,train,train:5,train:run:003,reference,4,0a9cc18afa66e794ac776939eb37b784c029bbfb36db8c55425e4f45995d9add,unique_window_cache_lookup,True,False
train:27__train:6,27,6,2019-12,2020-11,2020-12,2018-03,2019-02,2019-03,100.7,99.6,1.1,1.671363,train,train:27,train:run:014,reference,26,0a9cc18afa66e794ac776939eb37b784c029bbfb36db8c55425e4f45995d9add,train,train:6,train:run:004,target,7,0a9cc18afa66e794ac776939eb37b784c029bbfb36db8c55425e4f45995d9add,unique_window_cache_lookup,True,False
train:27__train:7,27,7,2019-12,2020-11,2020-12,2018-04,2019-03,2019-04,100.7,100.1,0.6,1.739227,train,train:27,train:run:014,reference,26,0a9cc18afa66e794ac776939eb37b784c029bbfb36db8c55425e4f45995d9add,train,train:7,train:run:004,reference,6,0a9cc18afa66e794ac776939eb37b784c029bbfb36db8c55425e4f45995d9add,unique_window_cache_lookup,True,False
train:27__train:8,27,8,2019-12,2020-11,2020-12,2018-05,2019-04,2019-05,100.7,100.0,0.7,1.581514,train,train:27,train:run:014,reference,26,0a9cc18afa66e794ac776939eb37b784c029bbfb36db8c55425e4f45995d9add,train,train:8,train:run:005,target,9,0a9cc18afa66e794ac776939eb37b784c029bbfb36db8c55425e4f45995d9add,unique_window_cache_lookup,True,False
train:27__train:9,27,9,2019-12,2020-11,2020-12,2018-06,2019-05,2019-06,100.7,99.9,0.8,1.225463,train,train:27,train:run:014,reference,26,0a9cc18afa66e794ac776939eb37b784c029bbfb36db8c55425e4f45995d9add,train,train:9,train:run:005,reference,8,0a9cc18afa66e794ac776939eb37b784c029bbfb36db8c55425e4f45995d9add,unique_window_cache_lookup,True,False
train:27__train:10,27,10,2019-12,2020-11,2020-12,2018-07,2019-06,2019-07,100.7,100.4,0.3,0.900931,train,train:27,train:run:014,reference,26,0a9cc18afa66e794ac776939eb37b784c029bbfb36db8c55425e4f45995d9add,train,train:10,train:run:006,target,11,0a9cc18afa66e794ac776939eb37b784c029bbfb36db8c55425e4f45995d9add,unique_window_cache_lookup,True,False
train:27__train:11,27,11,2019-12,2020-11,2020-12,2018-08,2019-07,2019-08,100.7,100.7,0.0,1.269718,train,train:27,train:run:014,reference,26,0a9cc18afa66e794ac776939eb37b784c029bbfb36db8c55425e4f45995d9add,train,train:11,train:run:006,reference,10,0a9cc18afa66e794ac776939eb37b784c029bbfb36db8c55425e4f45995d9add,unique_window_cache_lookup,True,False
train:27__train:12,27,12,2019-12,2020-11,2020-12,2018-09,2019-08,2019-09,100.7,100.9,-0.2,1.688924,train,train:27,train:run:014,reference,26,0a9cc18afa66e794ac776939eb37b784c029bbfb36db8c55425e4f45995d9add,train,train:12,train:run:007,target,13,0a9cc18afa66e794ac776939eb37b784c029bbfb36db8c55425e4f45995d9add,unique_window_cache_lookup,True,False
train:27__train:13,27,13,2019-12,2020-11,2020-12,2018-10,2019-09,2019-10,100.7,100.9,-0.2,1.773082,train,train:27,train:run:014,reference,26,0a9cc18afa66e794ac776939eb37b784c029bbfb36db8c55425e4f45995d9add,train,train:13,train:run:007,reference,12,0a9cc18afa66e794ac776939eb37b784c029bbfb36db8c55425e4f45995d9add,unique_window_cache_lookup,True,False
train:27__train:14,27,14,2019-12,2020-11,2020-12,2018-11,2019-10,2019-11,100.7,100.4,0.3,1.565701,train,train:27,train:run:014,reference,26,0a9cc18afa66e794ac776939eb37b784c029bbfb36db8c55425e4f45995d9add,train,train:14,train:run:008,target,15,0a9cc18afa66e794ac776939eb37b784c029bbfb36db8c55425e4f45995d9add,unique_window_cache_lookup,True,False
train:27__train:15,27,15,2019-12,2020-11,2020-12,2018-12,2019-11,2019-12,100.7,100.0,0.7,0.89957,train,train:27,train:run:014,reference,26,0a9cc18afa66e794ac776939eb37b784c029bbfb36db8c55425e4f45995d9add,train,train:15,train:run:008,reference,14,0a9cc18afa66e794ac776939eb37b784c029bbfb36db8c55425e4f45995d9add,unique_window_cache_lookup,True,False
train:28__train:0,28,0,2020-01,2020-12,2021-01,2017-09,2018-08,2018-09,101.0,100.7,0.3,1.491048,train,train:28,train:run:015,target,29,0a9cc18afa66e794ac776939eb37b784c029bbfb36db8c55425e4f45995d9add,train,train:0,train:run:001,target,1,0a9cc18afa66e794ac776939eb37b784c029bbfb36db8c55425e4f45995d9add,unique_window_cache_lookup,True,False
train:28__train:1,28,1,2020-01,2020-12,2021-01,2017-10,2018-09,2018-10,101.0,100.2,0.8,1.652163,train,train:28,train:run:015,target,29,0a9cc18afa66e794ac776939eb37b784c029bbfb36db8c55425e4f45995d9add,train,train:1,train:run:001,reference,0,0a9cc18afa66e794ac776939eb37b784c029bbfb36db8c55425e4f45995d9add,unique_window_cache_lookup,True,False
train:28__train:2,28,2,2020-01,2020-12,2021-01,2017-11,2018-10,2018-11,101.0,99.7,1.3,1.580838,train,train:28,train:run:015,target,29,0a9cc18afa66e794ac776939eb37b784c029bbfb36db8c55425e4f45995d9add,train,train:2,train:run:002,target,3,0a9cc18afa66e794ac776939eb37b784c029bbfb36db8c55425e4f45995d9add,unique_window_cache_lookup,True,False
train:28__train:3,28,3,2020-01,2020-12,2021-01,2017-12,2018-11,2018-12,101.0,100.0,1.0,1.379807,train,train:28,train:run:015,target,29,0a9cc18afa66e794ac776939eb37b784c029bbfb36db8c55425e4f45995d9add,train,train:3,train:run:002,reference,2,0a9cc18afa66e794ac776939eb37b784c029bbfb36db8c55425e4f45995d9add,unique_window_cache_lookup,True,False
train:28__train:4,28,4,2020-01,2020-12,2021-01,2018-01,2018-12,2019-01,101.0,100.5,0.5,0.658147,train,train:28,train:run:015,target,29,0a9cc18afa66e794ac776939eb37b784c029bbfb36db8c55425e4f45995d9add,train,train:4,train:run:003,target,5,0a9cc18afa66e794ac776939eb37b784c029bbfb36db8c55425e4f45995d9add,unique_window_cache_lookup,True,False
train:28__train:5,28,5,2020-01,2020-12,2021-01,2018-02,2019-01,2019-02,101.0,101.0,0.0,1.038559,train,train:28,train:run:015,target,29,0a9cc18afa66e794ac776939eb37b784c029bbfb36db8c55425e4f45995d9add,train,train:5,train:run:003,reference,4,0a9cc18afa66e794ac776939eb37b784c029bbfb36db8c55425e4f45995d9add,unique_window_cache_lookup,True,False
train:28__train:6,28,6,2020-01,2020-12,2021-01,2018-03,2019-02,2019-03,101.0,99.6,1.4,1.531834,train,train:28,train:run:015,target,29,0a9cc18afa66e794ac776939eb37b784c029bbfb36db8c55425e4f45995d9add,train,train:6,train:run:004,target,7,0a9cc18afa66e794ac776939eb37b784c029bbfb36db8c55425e4f45995d9add,unique_window_cache_lookup,True,False
train:28__train:7,28,7,2020-01,2020-12,2021-01,2018-04,2019-03,2019-04,101.0,100.1,0.9,1.772252,train,train:28,train:run:015,target,29,0a9cc18afa66e794ac776939eb37b784c029bbfb36db8c55425e4f45995d9add,train,train:7,train:run:004,reference,6,0a9cc18afa66e794ac776939eb37b784c029bbfb36db8c55425e4f45995d9add,unique_window_cache_lookup,True,False
train:28__train:8,28,8,2020-01,2020-12,2021-01,2018-05,2019-04,2019-05,101.0,100.0,1.0,1.747288,train,train:28,train:run:015,target,29,0a9cc18afa66e794ac776939eb37b784c029bbfb36db8c55425e4f45995d9add,train,train:8,train:run:005,target,9,0a9cc18afa66e794ac776939eb37b784c029bbfb36db8c55425e4f45995d9add,unique_window_cache_lookup,True,False
train:28__train:9,28,9,2020-01,2020-12,2021-01,2018-06,2019-05,2019-06,101.0,99.9,1.1,1.60526,train,train:28,train:run:015,target,29,0a9cc18afa66e794ac776939eb37b784c029bbfb36db8c55425e4f45995d9add,train,train:9,train:run:005,reference,8,0a9cc18afa66e794ac776939eb37b784c029bbfb36db8c55425e4f45995d9add,unique_window_cache_lookup,True,False
train:28__train:10,28,10,2020-01,2020-12,2021-01,2018-07,2019-06,2019-07,101.0,100.4,0.6,1.281064,train,train:28,train:run:015,target,29,0a9cc18afa66e794ac776939eb37b784c029bbfb36db8c55425e4f45995d9add,train,train:10,train:run:006,target,11,0a9cc18afa66e794ac776939eb37b784c029bbfb36db8c55425e4f45995d9add,unique_window_cache_lookup,True,False
train:28__train:11,28,11,2020-01,2020-12,2021-01,2018-08,2019-07,2019-08,101.0,100.7,0.3,0.893588,train,train:28,train:run:015,target,29,0a9cc18afa66e794ac776939eb37b784c029bbfb36db8c55425e4f45995d9add,train,train:11,train:run:006,reference,10,0a9cc18afa66e794ac776939eb37b784c029bbfb36db8c55425e4f45995d9add,unique_window_cache_lookup,True,False
train:28__train:12,28,12,2020-01,2020-12,2021-01,2018-09,2019-08,2019-09,101.0,100.9,0.1,1.205763,train,train:28,train:run:015,target,29,0a9cc18afa66e794ac776939eb37b784c029bbfb36db8c55425e4f45995d9add,train,train:12,train:run:007,target,13,0a9cc18afa66e794ac776939eb37b784c029bbfb36db8c55425e4f45995d9add,unique_window_cache_lookup,True,False
train:28__train:13,28,13,2020-01,2020-12,2021-01,2018-10,2019-09,2019-10,101.0,100.9,0.1,1.595937,train,train:28,train:run:015,target,29,0a9cc18afa66e794ac776939eb37b784c029bbfb36db8c55425e4f45995d9add,train,train:13,train:run:007,reference,12,0a9cc18afa66e794ac776939eb37b784c029bbfb36db8c55425e4f45995d9add,unique_window_cache_lookup,True,False
train:28__train:14,28,14,2020-01,2020-12,2021-01,2018-11,2019-10,2019-11,101.0,100.4,0.6,1.677418,train,train:28,train:run:015,target,29,0a9cc18afa66e794ac776939eb37b784c029bbfb36db8c55425e4f45995d9add,train,train:14,train:run:008,target,15,0a9cc18afa66e794ac776939eb37b784c029bbfb36db8c55425e4f45995d9add,unique_window_cache_lookup,True,False
train:28__train:15,28,15,2020-01,2020-12,2021-01,2018-12,2019-11,2019-12,101.0,100.0,1.0,1.56384,train,train:28,train:run:015,target,29,0a9cc18afa66e794ac776939eb37b784c029bbfb36db8c55425e4f45995d9add,train,train:15,train:run:008,reference,14,0a9cc18afa66e794ac776939eb37b784c029bbfb36db8c55425e4f45995d9add,unique_window_cache_lookup,True,False
train:28__train:16,28,16,2020-01,2020-12,2021-01,2019-01,2019-12,2020-01,101.0,101.4,-0.4,0.991312,train,train:28,train:run:015,target,29,0a9cc18afa66e794ac776939eb37b784c029bbfb36db8c55425e4f45995d9add,train,train:16,train:run:009,target,17,0a9cc18afa66e794ac776939eb37b784c029bbfb36db8c55425e4f45995d9add,unique_window_cache_lookup,True,False
train:29__train:0,29,0,2020-02,2021-01,2021-02,2017-09,2018-08,2018-09,100.6,100.7,-0.1,1.205583,train,train:29,train:run:015,reference,28,0a9cc18afa66e794ac776939eb37b784c029bbfb36db8c55425e4f45995d9add,train,train:0,train:run:001,target,1,0a9cc18afa66e794ac776939eb37b784c029bbfb36db8c55425e4f45995d9add,unique_window_cache_lookup,True,False
train:29__train:1,29,1,2020-02,2021-01,2021-02,2017-10,2018-09,2018-10,100.6,100.2,0.4,1.484765,train,train:29,train:run:015,reference,28,0a9cc18afa66e794ac776939eb37b784c029bbfb36db8c55425e4f45995d9add,train,train:1,train:run:001,reference,0,0a9cc18afa66e794ac776939eb37b784c029bbfb36db8c55425e4f45995d9add,unique_window_cache_lookup,True,False
train:29__train:2,29,2,2020-02,2021-01,2021-02,2017-11,2018-10,2018-11,100.6,99.7,0.9,1.651923,train,train:29,train:run:015,reference,28,0a9cc18afa66e794ac776939eb37b784c029bbfb36db8c55425e4f45995d9add,train,train:2,train:run:002,target,3,0a9cc18afa66e794ac776939eb37b784c029bbfb36db8c55425e4f45995d9add,unique_window_cache_lookup,True,False
train:29__train:3,29,3,2020-02,2021-01,2021-02,2017-12,2018-11,2018-12,100.6,100.0,0.6,1.617062,train,train:29,train:run:015,reference,28,0a9cc18afa66e794ac776939eb37b784c029bbfb36db8c55425e4f45995d9add,train,train:3,train:run:002,reference,2,0a9cc18afa66e794ac776939eb37b784c029bbfb36db8c55425e4f45995d9add,unique_window_cache_lookup,True,False
train:29__train:4,29,4,2020-02,2021-01,2021-02,2018-01,2018-12,2019-01,100.6,100.5,0.1,1.428478,train,train:29,train:run:015,reference,28,0a9cc18afa66e794ac776939eb37b784c029bbfb36db8c55425e4f45995d9add,train,train:4,train:run:003,target,5,0a9cc18afa66e794ac776939eb37b784c029bbfb36db8c55425e4f45995d9add,unique_window_cache_lookup,True,False
train:29__train:5,29,5,2020-02,2021-01,2021-02,2018-02,2019-01,2019-02,100.6,101.0,-0.4,0.641378,train,train:29,train:run:015,reference,28,0a9cc18afa66e794ac776939eb37b784c029bbfb36db8c55425e4f45995d9add,train,train:5,train:run:003,reference,4,0a9cc18afa66e794ac776939eb37b784c029bbfb36db8c55425e4f45995d9add,unique_window_cache_lookup,True,False
train:29__train:6,29,6,2020-02,2021-01,2021-02,2018-03,2019-02,2019-03,100.6,99.6,1.0,1.107187,train,train:29,train:run:015,reference,28,0a9cc18afa66e794ac776939eb37b784c029bbfb36db8c55425e4f45995d9add,train,train:6,train:run:004,target,7,0a9cc18afa66e794ac776939eb37b784c029bbfb36db8c55425e4f45995d9add,unique_window_cache_lookup,True,False
train:29__train:7,29,7,2020-02,2021-01,2021-02,2018-04,2019-03,2019-04,100.6,100.1,0.5,1.348764,train,train:29,train:run:015,reference,28,0a9cc18afa66e794ac776939eb37b784c029bbfb36db8c55425e4f45995d9add,train,train:7,train:run:004,reference,6,0a9cc18afa66e794ac776939eb37b784c029bbfb36db8c55425e4f45995d9add,unique_window_cache_lookup,True,False
train:29__train:8,29,8,2020-02,2021-01,2021-02,2018-05,2019-04,2019-05,100.6,100.0,0.6,1.736433,train,train:29,train:run:015,reference,28,0a9cc18afa66e794ac776939eb37b784c029bbfb36db8c55425e4f45995d9add,train,train:8,train:run:005,target,9,0a9cc18afa66e794ac776939eb37b784c029bbfb36db8c55425e4f45995d9add,unique_window_cache_lookup,True,False
train:29__train:9,29,9,2020-02,2021-01,2021-02,2018-06,2019-05,2019-06,100.6,99.9,0.7,1.7201,train,train:29,train:run:015,reference,28,0a9cc18afa66e794ac776939eb37b784c029bbfb36db8c55425e4f45995d9add,train,train:9,train:run:005,reference,8,0a9cc18afa66e794ac776939eb37b784c029bbfb36db8c55425e4f45995d9add,unique_window_cache_lookup,True,False
train:29__train:10,29,10,2020-02,2021-01,2021-02,2018-07,2019-06,2019-07,100.6,100.4,0.2,1.595815,train,train:29,train:run:015,reference,28,0a9cc18afa66e794ac776939eb37b784c029bbfb36db8c55425e4f45995d9add,train,train:10,train:run:006,target,11,0a9cc18afa66e794ac776939eb37b784c029bbfb36db8c55425e4f45995d9add,unique_window_cache_lookup,True,False
train:29__train:11,29,11,2020-02,2021-01,2021-02,2018-08,2019-07,2019-08,100.6,100.7,-0.1,1.25505,train,train:29,train:run:015,reference,28,0a9cc18afa66e794ac776939eb37b784c029bbfb36db8c55425e4f45995d9add,train,train:11,train:run:006,reference,10,0a9cc18afa66e794ac776939eb37b784c029bbfb36db8c55425e4f45995d9add,unique_window_cache_lookup,True,False
train:29__train:12,29,12,2020-02,2021-01,2021-02,2018-09,2019-08,2019-09,100.6,100.9,-0.3,0.901498,train,train:29,train:run:015,reference,28,0a9cc18afa66e794ac776939eb37b784c029bbfb36db8c55425e4f45995d9add,train,train:12,train:run:007,target,13,0a9cc18afa66e794ac776939eb37b784c029bbfb36db8c55425e4f45995d9add,unique_window_cache_lookup,True,False
train:29__train:13,29,13,2020-02,2021-01,2021-02,2018-10,2019-09,2019-10,100.6,100.9,-0.3,1.196957,train,train:29,train:run:015,reference,28,0a9cc18afa66e794ac776939eb37b784c029bbfb36db8c55425e4f45995d9add,train,train:13,train:run:007,reference,12,0a9cc18afa66e794ac776939eb37b784c029bbfb36db8c55425e4f45995d9add,unique_window_cache_lookup,True,False
train:29__train:14,29,14,2020-02,2021-01,2021-02,2018-11,2019-10,2019-11,100.6,100.4,0.2,1.476215,train,train:29,train:run:015,reference,28,0a9cc18afa66e794ac776939eb37b784c029bbfb36db8c55425e4f45995d9add,train,train:14,train:run:008,target,15,0a9cc18afa66e794ac776939eb37b784c029bbfb36db8c55425e4f45995d9add,unique_window_cache_lookup,True,False
train:29__train:15,29,15,2020-02,2021-01,2021-02,2018-12,2019-11,2019-12,100.6,100.0,0.6,1.559696,train,train:29,train:run:015,reference,28,0a9cc18afa66e794ac776939eb37b784c029bbfb36db8c55425e4f45995d9add,train,train:15,train:run:008,reference,14,0a9cc18afa66e794ac776939eb37b784c029bbfb36db8c55425e4f45995d9add,unique_window_cache_lookup,True,False
train:29__train:16,29,16,2020-02,2021-01,2021-02,2019-01,2019-12,2020-01,100.6,101.4,-0.8,1.549215,train,train:29,train:run:015,reference,28,0a9cc18afa66e794ac776939eb37b784c029bbfb36db8c55425e4f45995d9add,train,train:16,train:run:009,target,17,0a9cc18afa66e794ac776939eb37b784c029bbfb36db8c55425e4f45995d9add,unique_window_cache_lookup,True,False
train:29__train:17,29,17,2020-02,2021-01,2021-02,2019-02,2020-01,2020-02,100.6,100.8,-0.2,0.834357,train,train:29,train:run:015,reference,28,0a9cc18afa66e794ac776939eb37b784c029bbfb36db8c55425e4f45995d9add,train,train:17,train:run:009,reference,16,0a9cc18afa66e794ac776939eb37b784c029bbfb36db8c55425e4f45995d9add,unique_window_cache_lookup,True,False
train:30__train:0,30,0,2020-03,2021-02,2021-03,2017-09,2018-08,2018-09,99.5,100.7,-1.2,1.285007,train,train:30,train:run:016,target,31,0a9cc18afa66e794ac776939eb37b784c029bbfb36db8c55425e4f45995d9add,train,train:0,train:run:001,target,1,0a9cc18afa66e794ac776939eb37b784c029bbfb36db8c55425e4f45995d9add,unique_window_cache_lookup,True,False
train:30__train:1,30,1,2020-03,2021-02,2021-03,2017-10,2018-09,2018-10,99.5,100.2,-0.7,1.194087,train,train:30,train:run:016,target,31,0a9cc18afa66e794ac776939eb37b784c029bbfb36db8c55425e4f45995d9add,train,train:1,train:run:001,reference,0,0a9cc18afa66e794ac776939eb37b784c029bbfb36db8c55425e4f45995d9add,unique_window_cache_lookup,True,False
train:30__train:2,30,2,2020-03,2021-02,2021-03,2017-11,2018-10,2018-11,99.5,99.7,-0.2,1.474793,train,train:30,train:run:016,target,31,0a9cc18afa66e794ac776939eb37b784c029bbfb36db8c55425e4f45995d9add,train,train:2,train:run:002,target,3,0a9cc18afa66e794ac776939eb37b784c029bbfb36db8c55425e4f45995d9add,unique_window_cache_lookup,True,False
train:30__train:3,30,3,2020-03,2021-02,2021-03,2017-12,2018-11,2018-12,99.5,100.0,-0.5,1.670438,train,train:30,train:run:016,target,31,0a9cc18afa66e794ac776939eb37b784c029bbfb36db8c55425e4f45995d9add,train,train:3,train:run:002,reference,2,0a9cc18afa66e794ac776939eb37b784c029bbfb36db8c55425e4f45995d9add,unique_window_cache_lookup,True,False
train:30__train:4,30,4,2020-03,2021-02,2021-03,2018-01,2018-12,2019-01,99.5,100.5,-1.0,1.648932,train,train:30,train:run:016,target,31,0a9cc18afa66e794ac776939eb37b784c029bbfb36db8c55425e4f45995d9add,train,train:4,train:run:003,target,5,0a9cc18afa66e794ac776939eb37b784c029bbfb36db8c55425e4f45995d9add,unique_window_cache_lookup,True,False
train:30__train:5,30,5,2020-03,2021-02,2021-03,2018-02,2019-01,2019-02,99.5,101.0,-1.5,1.451329,train,train:30,train:run:016,target,31,0a9cc18afa66e794ac776939eb37b784c029bbfb36db8c55425e4f45995d9add,train,train:5,train:run:003,reference,4,0a9cc18afa66e794ac776939eb37b784c029bbfb36db8c55425e4f45995d9add,unique_window_cache_lookup,True,False
train:30__train:6,30,6,2020-03,2021-02,2021-03,2018-03,2019-02,2019-03,99.5,99.6,-0.1,0.659727,train,train:30,train:run:016,target,31,0a9cc18afa66e794ac776939eb37b784c029bbfb36db8c55425e4f45995d9add,train,train:6,train:run:004,target,7,0a9cc18afa66e794ac776939eb37b784c029bbfb36db8c55425e4f45995d9add,unique_window_cache_lookup,True,False
train:30__train:7,30,7,2020-03,2021-02,2021-03,2018-04,2019-03,2019-04,99.5,100.1,-0.6,0.795535,train,train:30,train:run:016,target,31,0a9cc18afa66e794ac776939eb37b784c029bbfb36db8c55425e4f45995d9add,train,train:7,train:run:004,reference,6,0a9cc18afa66e794ac776939eb37b784c029bbfb36db8c55425e4f45995d9add,unique_window_cache_lookup,True,False
train:30__train:8,30,8,2020-03,2021-02,2021-03,2018-05,2019-04,2019-05,99.5,100.0,-0.5,1.287107,train,train:30,train:run:016,target,31,0a9cc18afa66e794ac776939eb37b784c029bbfb36db8c55425e4f45995d9add,train,train:8,train:run:005,target,9,0a9cc18afa66e794ac776939eb37b784c029bbfb36db8c55425e4f45995d9add,unique_window_cache_lookup,True,False
train:30__train:9,30,9,2020-03,2021-02,2021-03,2018-06,2019-05,2019-06,99.5,99.9,-0.4,1.717664,train,train:30,train:run:016,target,31,0a9cc18afa66e794ac776939eb37b784c029bbfb36db8c55425e4f45995d9add,train,train:9,train:run:005,reference,8,0a9cc18afa66e794ac776939eb37b784c029bbfb36db8c55425e4f45995d9add,unique_window_cache_lookup,True,False
train:30__train:10,30,10,2020-03,2021-02,2021-03,2018-07,2019-06,2019-07,99.5,100.4,-0.9,1.715956,train,train:30,train:run:016,target,31,0a9cc18afa66e794ac776939eb37b784c029bbfb36db8c55425e4f45995d9add,train,train:10,train:run:006,target,11,0a9cc18afa66e794ac776939eb37b784c029bbfb36db8c55425e4f45995d9add,unique_window_cache_lookup,True,False
train:30__train:11,30,11,2020-03,2021-02,2021-03,2018-08,2019-07,2019-08,99.5,100.7,-1.2,1.590203,train,train:30,train:run:016,target,31,0a9cc18afa66e794ac776939eb37b784c029bbfb36db8c55425e4f45995d9add,train,train:11,train:run:006,reference,10,0a9cc18afa66e794ac776939eb37b784c029bbfb36db8c55425e4f45995d9add,unique_window_cache_lookup,True,False
train:30__train:12,30,12,2020-03,2021-02,2021-03,2018-09,2019-08,2019-09,99.5,100.9,-1.4,1.272396,train,train:30,train:run:016,target,31,0a9cc18afa66e794ac776939eb37b784c029bbfb36db8c55425e4f45995d9add,train,train:12,train:run:007,target,13,0a9cc18afa66e794ac776939eb37b784c029bbfb36db8c55425e4f45995d9add,unique_window_cache_lookup,True,False
train:30__train:13,30,13,2020-03,2021-02,2021-03,2018-10,2019-09,2019-10,99.5,100.9,-1.4,0.90888,train,train:30,train:run:016,target,31,0a9cc18afa66e794ac776939eb37b784c029bbfb36db8c55425e4f45995d9add,train,train:13,train:run:007,reference,12,0a9cc18afa66e794ac776939eb37b784c029bbfb36db8c55425e4f45995d9add,unique_window_cache_lookup,True,False
train:30__train:14,30,14,2020-03,2021-02,2021-03,2018-11,2019-10,2019-11,99.5,100.4,-0.9,1.108788,train,train:30,train:run:016,target,31,0a9cc18afa66e794ac776939eb37b784c029bbfb36db8c55425e4f45995d9add,train,train:14,train:run:008,target,15,0a9cc18afa66e794ac776939eb37b784c029bbfb36db8c55425e4f45995d9add,unique_window_cache_lookup,True,False
train:30__train:15,30,15,2020-03,2021-02,2021-03,2018-12,2019-11,2019-12,99.5,100.0,-0.5,1.372941,train,train:30,train:run:016,target,31,0a9cc18afa66e794ac776939eb37b784c029bbfb36db8c55425e4f45995d9add,train,train:15,train:run:008,reference,14,0a9cc18afa66e794ac776939eb37b784c029bbfb36db8c55425e4f45995d9add,unique_window_cache_lookup,True,False
train:30__train:16,30,16,2020-03,2021-02,2021-03,2019-01,2019-12,2020-01,99.5,101.4,-1.9,1.550037,train,train:30,train:run:016,target,31,0a9cc18afa66e794ac776939eb37b784c029bbfb36db8c55425e4f45995d9add,train,train:16,train:run:009,target,17,0a9cc18afa66e794ac776939eb37b784c029bbfb36db8c55425e4f45995d9add,unique_window_cache_lookup,True,False
train:30__train:17,30,17,2020-03,2021-02,2021-03,2019-02,2020-01,2020-02,99.5,100.8,-1.3,1.4456,train,train:30,train:run:016,target,31,0a9cc18afa66e794ac776939eb37b784c029bbfb36db8c55425e4f45995d9add,train,train:17,train:run:009,reference,16,0a9cc18afa66e794ac776939eb37b784c029bbfb36db8c55425e4f45995d9add,unique_window_cache_lookup,True,False
train:30__train:18,30,18,2020-03,2021-02,2021-03,2019-03,2020-02,2020-03,99.5,98.8,0.7,0.858644,train,train:30,train:run:016,target,31,0a9cc18afa66e794ac776939eb37b784c029bbfb36db8c55425e4f45995d9add,train,train:18,train:run:010,target,19,0a9cc18afa66e794ac776939eb37b784c029bbfb36db8c55425e4f45995d9add,unique_window_cache_lookup,True,False
train:31__train:0,31,0,2020-04,2021-03,2021-04,2017-09,2018-08,2018-09,99.7,100.7,-1.0,1.39374,train,train:31,train:run:016,reference,30,0a9cc18afa66e794ac776939eb37b784c029bbfb36db8c55425e4f45995d9add,train,train:0,train:run:001,target,1,0a9cc18afa66e794ac776939eb37b784c029bbfb36db8c55425e4f45995d9add,unique_window_cache_lookup,True,False
train:31__train:1,31,1,2020-04,2021-03,2021-04,2017-10,2018-09,2018-10,99.7,100.2,-0.5,1.248435,train,train:31,train:run:016,reference,30,0a9cc18afa66e794ac776939eb37b784c029bbfb36db8c55425e4f45995d9add,train,train:1,train:run:001,reference,0,0a9cc18afa66e794ac776939eb37b784c029bbfb36db8c55425e4f45995d9add,unique_window_cache_lookup,True,False
train:31__train:2,31,2,2020-04,2021-03,2021-04,2017-11,2018-10,2018-11,99.7,99.7,0.0,1.187749,train,train:31,train:run:016,reference,30,0a9cc18afa66e794ac776939eb37b784c029bbfb36db8c55425e4f45995d9add,train,train:2,train:run:002,target,3,0a9cc18afa66e794ac776939eb37b784c029bbfb36db8c55425e4f45995d9add,unique_window_cache_lookup,True,False
train:31__train:3,31,3,2020-04,2021-03,2021-04,2017-12,2018-11,2018-12,99.7,100.0,-0.3,1.477579,train,train:31,train:run:016,reference,30,0a9cc18afa66e794ac776939eb37b784c029bbfb36db8c55425e4f45995d9add,train,train:3,train:run:002,reference,2,0a9cc18afa66e794ac776939eb37b784c029bbfb36db8c55425e4f45995d9add,unique_window_cache_lookup,True,False
train:31__train:4,31,4,2020-04,2021-03,2021-04,2018-01,2018-12,2019-01,99.7,100.5,-0.8,1.664909,train,train:31,train:run:016,reference,30,0a9cc18afa66e794ac776939eb37b784c029bbfb36db8c55425e4f45995d9add,train,train:4,train:run:003,target,5,0a9cc18afa66e794ac776939eb37b784c029bbfb36db8c55425e4f45995d9add,unique_window_cache_lookup,True,False
train:31__train:5,31,5,2020-04,2021-03,2021-04,2018-02,2019-01,2019-02,99.7,101.0,-1.3,1.625413,train,train:31,train:run:016,reference,30,0a9cc18afa66e794ac776939eb37b784c029bbfb36db8c55425e4f45995d9add,train,train:5,train:run:003,reference,4,0a9cc18afa66e794ac776939eb37b784c029bbfb36db8c55425e4f45995d9add,unique_window_cache_lookup,True,False
train:31__train:6,31,6,2020-04,2021-03,2021-04,2018-03,2019-02,2019-03,99.7,99.6,0.1,1.306167,train,train:31,train:run:016,reference,30,0a9cc18afa66e794ac776939eb37b784c029bbfb36db8c55425e4f45995d9add,train,train:6,train:run:004,target,7,0a9cc18afa66e794ac776939eb37b784c029bbfb36db8c55425e4f45995d9add,unique_window_cache_lookup,True,False
train:31__train:7,31,7,2020-04,2021-03,2021-04,2018-04,2019-03,2019-04,99.7,100.1,-0.4,0.754777,train,train:31,train:run:016,reference,30,0a9cc18afa66e794ac776939eb37b784c029bbfb36db8c55425e4f45995d9add,train,train:7,train:run:004,reference,6,0a9cc18afa66e794ac776939eb37b784c029bbfb36db8c55425e4f45995d9add,unique_window_cache_lookup,True,False
train:31__train:8,31,8,2020-04,2021-03,2021-04,2018-05,2019-04,2019-05,99.7,100.0,-0.3,0.828182,train,train:31,train:run:016,reference,30,0a9cc18afa66e794ac776939eb37b784c029bbfb36db8c55425e4f45995d9add,train,train:8,train:run:005,target,9,0a9cc18afa66e794ac776939eb37b784c029bbfb36db8c55425e4f45995d9add,unique_window_cache_lookup,True,False
train:31__train:9,31,9,2020-04,2021-03,2021-04,2018-06,2019-05,2019-06,99.7,99.9,-0.2,1.363852,train,train:31,train:run:016,reference,30,0a9cc18afa66e794ac776939eb37b784c029bbfb36db8c55425e4f45995d9add,train,train:9,train:run:005,reference,8,0a9cc18afa66e794ac776939eb37b784c029bbfb36db8c55425e4f45995d9add,unique_window_cache_lookup,True,False
train:31__train:10,31,10,2020-04,2021-03,2021-04,2018-07,2019-06,2019-07,99.7,100.4,-0.7,1.793426,train,train:31,train:run:016,reference,30,0a9cc18afa66e794ac776939eb37b784c029bbfb36db8c55425e4f45995d9add,train,train:10,train:run:006,target,11,0a9cc18afa66e794ac776939eb37b784c029bbfb36db8c55425e4f45995d9add,unique_window_cache_lookup,True,False
train:31__train:11,31,11,2020-04,2021-03,2021-04,2018-08,2019-07,2019-08,99.7,100.7,-1.0,1.747494,train,train:31,train:run:016,reference,30,0a9cc18afa66e794ac776939eb37b784c029bbfb36db8c55425e4f45995d9add,train,train:11,train:run:006,reference,10,0a9cc18afa66e794ac776939eb37b784c029bbfb36db8c55425e4f45995d9add,unique_window_cache_lookup,True,False
train:31__train:12,31,12,2020-04,2021-03,2021-04,2018-09,2019-08,2019-09,99.7,100.9,-1.2,1.542597,train,train:31,train:run:016,reference,30,0a9cc18afa66e794ac776939eb37b784c029bbfb36db8c55425e4f45995d9add,train,train:12,train:run:007,target,13,0a9cc18afa66e794ac776939eb37b784c029bbfb36db8c55425e4f45995d9add,unique_window_cache_lookup,True,False
train:31__train:13,31,13,2020-04,2021-03,2021-04,2018-10,2019-09,2019-10,99.7,100.9,-1.2,1.206739,train,train:31,train:run:016,reference,30,0a9cc18afa66e794ac776939eb37b784c029bbfb36db8c55425e4f45995d9add,train,train:13,train:run:007,reference,12,0a9cc18afa66e794ac776939eb37b784c029bbfb36db8c55425e4f45995d9add,unique_window_cache_lookup,True,False
train:31__train:14,31,14,2020-04,2021-03,2021-04,2018-11,2019-10,2019-11,99.7,100.4,-0.7,1.005967,train,train:31,train:run:016,reference,30,0a9cc18afa66e794ac776939eb37b784c029bbfb36db8c55425e4f45995d9add,train,train:14,train:run:008,target,15,0a9cc18afa66e794ac776939eb37b784c029bbfb36db8c55425e4f45995d9add,unique_window_cache_lookup,True,False
train:31__train:15,31,15,2020-04,2021-03,2021-04,2018-12,2019-11,2019-12,99.7,100.0,-0.3,1.247588,train,train:31,train:run:016,reference,30,0a9cc18afa66e794ac776939eb37b784c029bbfb36db8c55425e4f45995d9add,train,train:15,train:run:008,reference,14,0a9cc18afa66e794ac776939eb37b784c029bbfb36db8c55425e4f45995d9add,unique_window_cache_lookup,True,False
train:31__train:16,31,16,2020-04,2021-03,2021-04,2019-01,2019-12,2020-01,99.7,101.4,-1.7,1.425214,train,train:31,train:run:016,reference,30,0a9cc18afa66e794ac776939eb37b784c029bbfb36db8c55425e4f45995d9add,train,train:16,train:run:009,target,17,0a9cc18afa66e794ac776939eb37b784c029bbfb36db8c55425e4f45995d9add,unique_window_cache_lookup,True,False
train:31__train:17,31,17,2020-04,2021-03,2021-04,2019-02,2020-01,2020-02,99.7,100.8,-1.1,1.604513,train,train:31,train:run:016,reference,30,0a9cc18afa66e794ac776939eb37b784c029bbfb36db8c55425e4f45995d9add,train,train:17,train:run:009,reference,16,0a9cc18afa66e794ac776939eb37b784c029bbfb36db8c55425e4f45995d9add,unique_window_cache_lookup,True,False
train:31__train:18,31,18,2020-04,2021-03,2021-04,2019-03,2020-02,2020-03,99.7,98.8,0.9,1.355588,train,train:31,train:run:016,reference,30,0a9cc18afa66e794ac776939eb37b784c029bbfb36db8c55425e4f45995d9add,train,train:18,train:run:010,target,19,0a9cc18afa66e794ac776939eb37b784c029bbfb36db8c55425e4f45995d9add,unique_window_cache_lookup,True,False
train:31__train:19,31,19,2020-04,2021-03,2021-04,2019-04,2020-03,2020-04,99.7,99.1,0.6,0.97732,train,train:31,train:run:016,reference,30,0a9cc18afa66e794ac776939eb37b784c029bbfb36db8c55425e4f45995d9add,train,train:19,train:run:010,reference,18,0a9cc18afa66e794ac776939eb37b784c029bbfb36db8c55425e4f45995d9add,unique_window_cache_lookup,True,False
train:32__train:0,32,0,2020-05,2021-04,2021-05,2017-09,2018-08,2018-09,99.8,100.7,-0.9,1.55665,train,train:32,train:run:017,target,33,0a9cc18afa66e794ac776939eb37b784c029bbfb36db8c55425e4f45995d9add,train,train:0,train:run:001,target,1,0a9cc18afa66e794ac776939eb37b784c029bbfb36db8c55425e4f45995d9add,unique_window_cache_lookup,True,False
train:32__train:1,32,1,2020-05,2021-04,2021-05,2017-10,2018-09,2018-10,99.8,100.2,-0.4,1.369375,train,train:32,train:run:017,target,33,0a9cc18afa66e794ac776939eb37b784c029bbfb36db8c55425e4f45995d9add,train,train:1,train:run:001,reference,0,0a9cc18afa66e794ac776939eb37b784c029bbfb36db8c55425e4f45995d9add,unique_window_cache_lookup,True,False
train:32__train:2,32,2,2020-05,2021-04,2021-05,2017-11,2018-10,2018-11,99.8,99.7,0.1,1.250318,train,train:32,train:run:017,target,33,0a9cc18afa66e794ac776939eb37b784c029bbfb36db8c55425e4f45995d9add,train,train:2,train:run:002,target,3,0a9cc18afa66e794ac776939eb37b784c029bbfb36db8c55425e4f45995d9add,unique_window_cache_lookup,True,False
train:32__train:3,32,3,2020-05,2021-04,2021-05,2017-12,2018-11,2018-12,99.8,100.0,-0.2,1.171829,train,train:32,train:run:017,target,33,0a9cc18afa66e794ac776939eb37b784c029bbfb36db8c55425e4f45995d9add,train,train:3,train:run:002,reference,2,0a9cc18afa66e794ac776939eb37b784c029bbfb36db8c55425e4f45995d9add,unique_window_cache_lookup,True,False
train:32__train:4,32,4,2020-05,2021-04,2021-05,2018-01,2018-12,2019-01,99.8,100.5,-0.7,1.450866,train,train:32,train:run:017,target,33,0a9cc18afa66e794ac776939eb37b784c029bbfb36db8c55425e4f45995d9add,train,train:4,train:run:003,target,5,0a9cc18afa66e794ac776939eb37b784c029bbfb36db8c55425e4f45995d9add,unique_window_cache_lookup,True,False
train:32__train:5,32,5,2020-05,2021-04,2021-05,2018-02,2019-01,2019-02,99.8,101.0,-1.2,1.642344,train,train:32,train:run:017,target,33,0a9cc18afa66e794ac776939eb37b784c029bbfb36db8c55425e4f45995d9add,train,train:5,train:run:003,reference,4,0a9cc18afa66e794ac776939eb37b784c029bbfb36db8c55425e4f45995d9add,unique_window_cache_lookup,True,False
train:32__train:6,32,6,2020-05,2021-04,2021-05,2018-03,2019-02,2019-03,99.8,99.6,0.2,1.534765,train,train:32,train:run:017,target,33,0a9cc18afa66e794ac776939eb37b784c029bbfb36db8c55425e4f45995d9add,train,train:6,train:run:004,target,7,0a9cc18afa66e794ac776939eb37b784c029bbfb36db8c55425e4f45995d9add,unique_window_cache_lookup,True,False
train:32__train:7,32,7,2020-05,2021-04,2021-05,2018-04,2019-03,2019-04,99.8,100.1,-0.3,1.50825,train,train:32,train:run:017,target,33,0a9cc18afa66e794ac776939eb37b784c029bbfb36db8c55425e4f45995d9add,train,train:7,train:run:004,reference,6,0a9cc18afa66e794ac776939eb37b784c029bbfb36db8c55425e4f45995d9add,unique_window_cache_lookup,True,False
train:32__train:8,32,8,2020-05,2021-04,2021-05,2018-05,2019-04,2019-05,99.8,100.0,-0.2,0.785087,train,train:32,train:run:017,target,33,0a9cc18afa66e794ac776939eb37b784c029bbfb36db8c55425e4f45995d9add,train,train:8,train:run:005,target,9,0a9cc18afa66e794ac776939eb37b784c029bbfb36db8c55425e4f45995d9add,unique_window_cache_lookup,True,False
train:32__train:9,32,9,2020-05,2021-04,2021-05,2018-06,2019-05,2019-06,99.8,99.9,-0.1,0.862334,train,train:32,train:run:017,target,33,0a9cc18afa66e794ac776939eb37b784c029bbfb36db8c55425e4f45995d9add,train,train:9,train:run:005,reference,8,0a9cc18afa66e794ac776939eb37b784c029bbfb36db8c55425e4f45995d9add,unique_window_cache_lookup,True,False
train:32__train:10,32,10,2020-05,2021-04,2021-05,2018-07,2019-06,2019-07,99.8,100.4,-0.6,1.409733,train,train:32,train:run:017,target,33,0a9cc18afa66e794ac776939eb37b784c029bbfb36db8c55425e4f45995d9add,train,train:10,train:run:006,target,11,0a9cc18afa66e794ac776939eb37b784c029bbfb36db8c55425e4f45995d9add,unique_window_cache_lookup,True,False
train:32__train:11,32,11,2020-05,2021-04,2021-05,2018-08,2019-07,2019-08,99.8,100.7,-0.9,1.822805,train,train:32,train:run:017,target,33,0a9cc18afa66e794ac776939eb37b784c029bbfb36db8c55425e4f45995d9add,train,train:11,train:run:006,reference,10,0a9cc18afa66e794ac776939eb37b784c029bbfb36db8c55425e4f45995d9add,unique_window_cache_lookup,True,False
train:32__train:12,32,12,2020-05,2021-04,2021-05,2018-09,2019-08,2019-09,99.8,100.9,-1.1,1.719309,train,train:32,train:run:017,target,33,0a9cc18afa66e794ac776939eb37b784c029bbfb36db8c55425e4f45995d9add,train,train:12,train:run:007,target,13,0a9cc18afa66e794ac776939eb37b784c029bbfb36db8c55425e4f45995d9add,unique_window_cache_lookup,True,False
train:32__train:13,32,13,2020-05,2021-04,2021-05,2018-10,2019-09,2019-10,99.8,100.9,-1.1,1.501983,train,train:32,train:run:017,target,33,0a9cc18afa66e794ac776939eb37b784c029bbfb36db8c55425e4f45995d9add,train,train:13,train:run:007,reference,12,0a9cc18afa66e794ac776939eb37b784c029bbfb36db8c55425e4f45995d9add,unique_window_cache_lookup,True,False
train:32__train:14,32,14,2020-05,2021-04,2021-05,2018-11,2019-10,2019-11,99.8,100.4,-0.6,1.277486,train,train:32,train:run:017,target,33,0a9cc18afa66e794ac776939eb37b784c029bbfb36db8c55425e4f45995d9add,train,train:14,train:run:008,target,15,0a9cc18afa66e794ac776939eb37b784c029bbfb36db8c55425e4f45995d9add,unique_window_cache_lookup,True,False
train:32__train:15,32,15,2020-05,2021-04,2021-05,2018-12,2019-11,2019-12,99.8,100.0,-0.2,1.119008,train,train:32,train:run:017,target,33,0a9cc18afa66e794ac776939eb37b784c029bbfb36db8c55425e4f45995d9add,train,train:15,train:run:008,reference,14,0a9cc18afa66e794ac776939eb37b784c029bbfb36db8c55425e4f45995d9add,unique_window_cache_lookup,True,False
train:32__train:16,32,16,2020-05,2021-04,2021-05,2019-01,2019-12,2020-01,99.8,101.4,-1.6,1.289893,train,train:32,train:run:017,target,33,0a9cc18afa66e794ac776939eb37b784c029bbfb36db8c55425e4f45995d9add,train,train:16,train:run:009,target,17,0a9cc18afa66e794ac776939eb37b784c029bbfb36db8c55425e4f45995d9add,unique_window_cache_lookup,True,False
train:32__train:17,32,17,2020-05,2021-04,2021-05,2019-02,2020-01,2020-02,99.8,100.8,-1.0,1.475117,train,train:32,train:run:017,target,33,0a9cc18afa66e794ac776939eb37b784c029bbfb36db8c55425e4f45995d9add,train,train:17,train:run:009,reference,16,0a9cc18afa66e794ac776939eb37b784c029bbfb36db8c55425e4f45995d9add,unique_window_cache_lookup,True,False
train:32__train:18,32,18,2020-05,2021-04,2021-05,2019-03,2020-02,2020-03,99.8,98.8,1.0,1.551859,train,train:32,train:run:017,target,33,0a9cc18afa66e794ac776939eb37b784c029bbfb36db8c55425e4f45995d9add,train,train:18,train:run:010,target,19,0a9cc18afa66e794ac776939eb37b784c029bbfb36db8c55425e4f45995d9add,unique_window_cache_lookup,True,False
train:32__train:19,32,19,2020-05,2021-04,2021-05,2019-04,2020-03,2020-04,99.8,99.1,0.7,1.396534,train,train:32,train:run:017,target,33,0a9cc18afa66e794ac776939eb37b784c029bbfb36db8c55425e4f45995d9add,train,train:19,train:run:010,reference,18,0a9cc18afa66e794ac776939eb37b784c029bbfb36db8c55425e4f45995d9add,unique_window_cache_lookup,True,False
train:32__train:20,32,20,2020-05,2021-04,2021-05,2019-05,2020-04,2020-05,99.8,99.2,0.6,0.948659,train,train:32,train:run:017,target,33,0a9cc18afa66e794ac776939eb37b784c029bbfb36db8c55425e4f45995d9add,train,train:20,train:run:011,target,21,0a9cc18afa66e794ac776939eb37b784c029bbfb36db8c55425e4f45995d9add,unique_window_cache_lookup,True,False
train:33__train:0,33,0,2020-06,2021-05,2021-06,2017-09,2018-08,2018-09,99.6,100.7,-1.1,1.846843,train,train:33,train:run:017,reference,32,0a9cc18afa66e794ac776939eb37b784c029bbfb36db8c55425e4f45995d9add,train,train:0,train:run:001,target,1,0a9cc18afa66e794ac776939eb37b784c029bbfb36db8c55425e4f45995d9add,unique_window_cache_lookup,True,False
train:33__train:1,33,1,2020-06,2021-05,2021-06,2017-10,2018-09,2018-10,99.6,100.2,-0.6,1.544022,train,train:33,train:run:017,reference,32,0a9cc18afa66e794ac776939eb37b784c029bbfb36db8c55425e4f45995d9add,train,train:1,train:run:001,reference,0,0a9cc18afa66e794ac776939eb37b784c029bbfb36db8c55425e4f45995d9add,unique_window_cache_lookup,True,False
train:33__train:2,33,2,2020-06,2021-05,2021-06,2017-11,2018-10,2018-11,99.6,99.7,-0.1,1.382856,train,train:33,train:run:017,reference,32,0a9cc18afa66e794ac776939eb37b784c029bbfb36db8c55425e4f45995d9add,train,train:2,train:run:002,target,3,0a9cc18afa66e794ac776939eb37b784c029bbfb36db8c55425e4f45995d9add,unique_window_cache_lookup,True,False
train:33__train:3,33,3,2020-06,2021-05,2021-06,2017-12,2018-11,2018-12,99.6,100.0,-0.4,1.240912,train,train:33,train:run:017,reference,32,0a9cc18afa66e794ac776939eb37b784c029bbfb36db8c55425e4f45995d9add,train,train:3,train:run:002,reference,2,0a9cc18afa66e794ac776939eb37b784c029bbfb36db8c55425e4f45995d9add,unique_window_cache_lookup,True,False
train:33__train:4,33,4,2020-06,2021-05,2021-06,2018-01,2018-12,2019-01,99.6,100.5,-0.9,1.098103,train,train:33,train:run:017,reference,32,0a9cc18afa66e794ac776939eb37b784c029bbfb36db8c55425e4f45995d9add,train,train:4,train:run:003,target,5,0a9cc18afa66e794ac776939eb37b784c029bbfb36db8c55425e4f45995d9add,unique_window_cache_lookup,True,False
train:33__train:5,33,5,2020-06,2021-05,2021-06,2018-02,2019-01,2019-02,99.6,101.0,-1.4,1.394248,train,train:33,train:run:017,reference,32,0a9cc18afa66e794ac776939eb37b784c029bbfb36db8c55425e4f45995d9add,train,train:5,train:run:003,reference,4,0a9cc18afa66e794ac776939eb37b784c029bbfb36db8c55425e4f45995d9add,unique_window_cache_lookup,True,False
train:33__train:6,33,6,2020-06,2021-05,2021-06,2018-03,2019-02,2019-03,99.6,99.6,0.0,1.546629,train,train:33,train:run:017,reference,32,0a9cc18afa66e794ac776939eb37b784c029bbfb36db8c55425e4f45995d9add,train,train:6,train:run:004,target,7,0a9cc18afa66e794ac776939eb37b784c029bbfb36db8c55425e4f45995d9add,unique_window_cache_lookup,True,False
train:33__train:7,33,7,2020-06,2021-05,2021-06,2018-04,2019-03,2019-04,99.6,100.1,-0.5,1.793854,train,train:33,train:run:017,reference,32,0a9cc18afa66e794ac776939eb37b784c029bbfb36db8c55425e4f45995d9add,train,train:7,train:run:004,reference,6,0a9cc18afa66e794ac776939eb37b784c029bbfb36db8c55425e4f45995d9add,unique_window_cache_lookup,True,False
train:33__train:8,33,8,2020-06,2021-05,2021-06,2018-05,2019-04,2019-05,99.6,100.0,-0.4,1.603445,train,train:33,train:run:017,reference,32,0a9cc18afa66e794ac776939eb37b784c029bbfb36db8c55425e4f45995d9add,train,train:8,train:run:005,target,9,0a9cc18afa66e794ac776939eb37b784c029bbfb36db8c55425e4f45995d9add,unique_window_cache_lookup,True,False
train:33__train:9,33,9,2020-06,2021-05,2021-06,2018-06,2019-05,2019-06,99.6,99.9,-0.3,0.814857,train,train:33,train:run:017,reference,32,0a9cc18afa66e794ac776939eb37b784c029bbfb36db8c55425e4f45995d9add,train,train:9,train:run:005,reference,8,0a9cc18afa66e794ac776939eb37b784c029bbfb36db8c55425e4f45995d9add,unique_window_cache_lookup,True,False
train:33__train:10,33,10,2020-06,2021-05,2021-06,2018-07,2019-06,2019-07,99.6,100.4,-0.8,0.872023,train,train:33,train:run:017,reference,32,0a9cc18afa66e794ac776939eb37b784c029bbfb36db8c55425e4f45995d9add,train,train:10,train:run:006,target,11,0a9cc18afa66e794ac776939eb37b784c029bbfb36db8c55425e4f45995d9add,unique_window_cache_lookup,True,False
train:33__train:11,33,11,2020-06,2021-05,2021-06,2018-08,2019-07,2019-08,99.6,100.7,-1.1,1.405715,train,train:33,train:run:017,reference,32,0a9cc18afa66e794ac776939eb37b784c029bbfb36db8c55425e4f45995d9add,train,train:11,train:run:006,reference,10,0a9cc18afa66e794ac776939eb37b784c029bbfb36db8c55425e4f45995d9add,unique_window_cache_lookup,True,False
train:33__train:12,33,12,2020-06,2021-05,2021-06,2018-09,2019-08,2019-09,99.6,100.9,-1.3,1.801726,train,train:33,train:run:017,reference,32,0a9cc18afa66e794ac776939eb37b784c029bbfb36db8c55425e4f45995d9add,train,train:12,train:run:007,target,13,0a9cc18afa66e794ac776939eb37b784c029bbfb36db8c55425e4f45995d9add,unique_window_cache_lookup,True,False
train:33__train:13,33,13,2020-06,2021-05,2021-06,2018-10,2019-09,2019-10,99.6,100.9,-1.3,1.686942,train,train:33,train:run:017,reference,32,0a9cc18afa66e794ac776939eb37b784c029bbfb36db8c55425e4f45995d9add,train,train:13,train:run:007,reference,12,0a9cc18afa66e794ac776939eb37b784c029bbfb36db8c55425e4f45995d9add,unique_window_cache_lookup,True,False
train:33__train:14,33,14,2020-06,2021-05,2021-06,2018-11,2019-10,2019-11,99.6,100.4,-0.8,1.563367,train,train:33,train:run:017,reference,32,0a9cc18afa66e794ac776939eb37b784c029bbfb36db8c55425e4f45995d9add,train,train:14,train:run:008,target,15,0a9cc18afa66e794ac776939eb37b784c029bbfb36db8c55425e4f45995d9add,unique_window_cache_lookup,True,False
train:33__train:15,33,15,2020-06,2021-05,2021-06,2018-12,2019-11,2019-12,99.6,100.0,-0.4,1.416907,train,train:33,train:run:017,reference,32,0a9cc18afa66e794ac776939eb37b784c029bbfb36db8c55425e4f45995d9add,train,train:15,train:run:008,reference,14,0a9cc18afa66e794ac776939eb37b784c029bbfb36db8c55425e4f45995d9add,unique_window_cache_lookup,True,False
train:33__train:16,33,16,2020-06,2021-05,2021-06,2019-01,2019-12,2020-01,99.6,101.4,-1.8,1.156136,train,train:33,train:run:017,reference,32,0a9cc18afa66e794ac776939eb37b784c029bbfb36db8c55425e4f45995d9add,train,train:16,train:run:009,target,17,0a9cc18afa66e794ac776939eb37b784c029bbfb36db8c55425e4f45995d9add,unique_window_cache_lookup,True,False
train:33__train:17,33,17,2020-06,2021-05,2021-06,2019-02,2020-01,2020-02,99.6,100.8,-1.2,1.350376,train,train:33,train:run:017,reference,32,0a9cc18afa66e794ac776939eb37b784c029bbfb36db8c55425e4f45995d9add,train,train:17,train:run:009,reference,16,0a9cc18afa66e794ac776939eb37b784c029bbfb36db8c55425e4f45995d9add,unique_window_cache_lookup,True,False
train:33__train:18,33,18,2020-06,2021-05,2021-06,2019-03,2020-02,2020-03,99.6,98.8,0.8,1.392621,train,train:33,train:run:017,reference,32,0a9cc18afa66e794ac776939eb37b784c029bbfb36db8c55425e4f45995d9add,train,train:18,train:run:010,target,19,0a9cc18afa66e794ac776939eb37b784c029bbfb36db8c55425e4f45995d9add,unique_window_cache_lookup,True,False
train:33__train:19,33,19,2020-06,2021-05,2021-06,2019-04,2020-03,2020-04,99.6,99.1,0.5,1.573682,train,train:33,train:run:017,reference,32,0a9cc18afa66e794ac776939eb37b784c029bbfb36db8c55425e4f45995d9add,train,train:19,train:run:010,reference,18,0a9cc18afa66e794ac776939eb37b784c029bbfb36db8c55425e4f45995d9add,unique_window_cache_lookup,True,False
train:33__train:20,33,20,2020-06,2021-05,2021-06,2019-05,2020-04,2020-05,99.6,99.2,0.4,1.369112,train,train:33,train:run:017,reference,32,0a9cc18afa66e794ac776939eb37b784c029bbfb36db8c55425e4f45995d9add,train,train:20,train:run:011,target,21,0a9cc18afa66e794ac776939eb37b784c029bbfb36db8c55425e4f45995d9add,unique_window_cache_lookup,True,False
train:33__train:21,33,21,2020-06,2021-05,2021-06,2019-06,2020-05,2020-06,99.6,99.9,-0.3,0.908534,train,train:33,train:run:017,reference,32,0a9cc18afa66e794ac776939eb37b784c029bbfb36db8c55425e4f45995d9add,train,train:21,train:run:011,reference,20,0a9cc18afa66e794ac776939eb37b784c029bbfb36db8c55425e4f45995d9add,unique_window_cache_lookup,True,False
train:34__train:0,34,0,2020-07,2021-06,2021-07,2017-09,2018-08,2018-09,100.3,100.7,-0.4,1.589058,train,train:34,train:run:018,target,35,0a9cc18afa66e794ac776939eb37b784c029bbfb36db8c55425e4f45995d9add,train,train:0,train:run:001,target,1,0a9cc18afa66e794ac776939eb37b784c029bbfb36db8c55425e4f45995d9add,unique_window_cache_lookup,True,False
train:34__train:1,34,1,2020-07,2021-06,2021-07,2017-10,2018-09,2018-10,100.3,100.2,0.1,1.855993,train,train:34,train:run:018,target,35,0a9cc18afa66e794ac776939eb37b784c029bbfb36db8c55425e4f45995d9add,train,train:1,train:run:001,reference,0,0a9cc18afa66e794ac776939eb37b784c029bbfb36db8c55425e4f45995d9add,unique_window_cache_lookup,True,False
train:34__train:2,34,2,2020-07,2021-06,2021-07,2017-11,2018-10,2018-11,100.3,99.7,0.6,1.544089,train,train:34,train:run:018,target,35,0a9cc18afa66e794ac776939eb37b784c029bbfb36db8c55425e4f45995d9add,train,train:2,train:run:002,target,3,0a9cc18afa66e794ac776939eb37b784c029bbfb36db8c55425e4f45995d9add,unique_window_cache_lookup,True,False
train:34__train:3,34,3,2020-07,2021-06,2021-07,2017-12,2018-11,2018-12,100.3,100.0,0.3,1.342304,train,train:34,train:run:018,target,35,0a9cc18afa66e794ac776939eb37b784c029bbfb36db8c55425e4f45995d9add,train,train:3,train:run:002,reference,2,0a9cc18afa66e794ac776939eb37b784c029bbfb36db8c55425e4f45995d9add,unique_window_cache_lookup,True,False
train:34__train:4,34,4,2020-07,2021-06,2021-07,2018-01,2018-12,2019-01,100.3,100.5,-0.2,1.222256,train,train:34,train:run:018,target,35,0a9cc18afa66e794ac776939eb37b784c029bbfb36db8c55425e4f45995d9add,train,train:4,train:run:003,target,5,0a9cc18afa66e794ac776939eb37b784c029bbfb36db8c55425e4f45995d9add,unique_window_cache_lookup,True,False
train:34__train:5,34,5,2020-07,2021-06,2021-07,2018-02,2019-01,2019-02,100.3,101.0,-0.7,1.127844,train,train:34,train:run:018,target,35,0a9cc18afa66e794ac776939eb37b784c029bbfb36db8c55425e4f45995d9add,train,train:5,train:run:003,reference,4,0a9cc18afa66e794ac776939eb37b784c029bbfb36db8c55425e4f45995d9add,unique_window_cache_lookup,True,False
train:34__train:6,34,6,2020-07,2021-06,2021-07,2018-03,2019-02,2019-03,100.3,99.6,0.7,1.438822,train,train:34,train:run:018,target,35,0a9cc18afa66e794ac776939eb37b784c029bbfb36db8c55425e4f45995d9add,train,train:6,train:run:004,target,7,0a9cc18afa66e794ac776939eb37b784c029bbfb36db8c55425e4f45995d9add,unique_window_cache_lookup,True,False
train:34__train:7,34,7,2020-07,2021-06,2021-07,2018-04,2019-03,2019-04,100.3,100.1,0.2,1.568144,train,train:34,train:run:018,target,35,0a9cc18afa66e794ac776939eb37b784c029bbfb36db8c55425e4f45995d9add,train,train:7,train:run:004,reference,6,0a9cc18afa66e794ac776939eb37b784c029bbfb36db8c55425e4f45995d9add,unique_window_cache_lookup,True,False
train:34__train:8,34,8,2020-07,2021-06,2021-07,2018-05,2019-04,2019-05,100.3,100.0,0.3,1.80081,train,train:34,train:run:018,target,35,0a9cc18afa66e794ac776939eb37b784c029bbfb36db8c55425e4f45995d9add,train,train:8,train:run:005,target,9,0a9cc18afa66e794ac776939eb37b784c029bbfb36db8c55425e4f45995d9add,unique_window_cache_lookup,True,False
train:34__train:9,34,9,2020-07,2021-06,2021-07,2018-06,2019-05,2019-06,100.3,99.9,0.4,1.597287,train,train:34,train:run:018,target,35,0a9cc18afa66e794ac776939eb37b784c029bbfb36db8c55425e4f45995d9add,train,train:9,train:run:005,reference,8,0a9cc18afa66e794ac776939eb37b784c029bbfb36db8c55425e4f45995d9add,unique_window_cache_lookup,True,False
train:34__train:10,34,10,2020-07,2021-06,2021-07,2018-07,2019-06,2019-07,100.3,100.4,-0.1,0.795825,train,train:34,train:run:018,target,35,0a9cc18afa66e794ac776939eb37b784c029bbfb36db8c55425e4f45995d9add,train,train:10,train:run:006,target,11,0a9cc18afa66e794ac776939eb37b784c029bbfb36db8c55425e4f45995d9add,unique_window_cache_lookup,True,False
train:34__train:11,34,11,2020-07,2021-06,2021-07,2018-08,2019-07,2019-08,100.3,100.7,-0.4,0.930207,train,train:34,train:run:018,target,35,0a9cc18afa66e794ac776939eb37b784c029bbfb36db8c55425e4f45995d9add,train,train:11,train:run:006,reference,10,0a9cc18afa66e794ac776939eb37b784c029bbfb36db8c55425e4f45995d9add,unique_window_cache_lookup,True,False
train:34__train:12,34,12,2020-07,2021-06,2021-07,2018-09,2019-08,2019-09,100.3,100.9,-0.6,1.443922,train,train:34,train:run:018,target,35,0a9cc18afa66e794ac776939eb37b784c029bbfb36db8c55425e4f45995d9add,train,train:12,train:run:007,target,13,0a9cc18afa66e794ac776939eb37b784c029bbfb36db8c55425e4f45995d9add,unique_window_cache_lookup,True,False
train:34__train:13,34,13,2020-07,2021-06,2021-07,2018-10,2019-09,2019-10,100.3,100.9,-0.6,1.821902,train,train:34,train:run:018,target,35,0a9cc18afa66e794ac776939eb37b784c029bbfb36db8c55425e4f45995d9add,train,train:13,train:run:007,reference,12,0a9cc18afa66e794ac776939eb37b784c029bbfb36db8c55425e4f45995d9add,unique_window_cache_lookup,True,False
train:34__train:14,34,14,2020-07,2021-06,2021-07,2018-11,2019-10,2019-11,100.3,100.4,-0.1,1.727368,train,train:34,train:run:018,target,35,0a9cc18afa66e794ac776939eb37b784c029bbfb36db8c55425e4f45995d9add,train,train:14,train:run:008,target,15,0a9cc18afa66e794ac776939eb37b784c029bbfb36db8c55425e4f45995d9add,unique_window_cache_lookup,True,False
train:34__train:15,34,15,2020-07,2021-06,2021-07,2018-12,2019-11,2019-12,100.3,100.0,0.3,1.609163,train,train:34,train:run:018,target,35,0a9cc18afa66e794ac776939eb37b784c029bbfb36db8c55425e4f45995d9add,train,train:15,train:run:008,reference,14,0a9cc18afa66e794ac776939eb37b784c029bbfb36db8c55425e4f45995d9add,unique_window_cache_lookup,True,False
train:34__train:16,34,16,2020-07,2021-06,2021-07,2019-01,2019-12,2020-01,100.3,101.4,-1.1,1.387921,train,train:34,train:run:018,target,35,0a9cc18afa66e794ac776939eb37b784c029bbfb36db8c55425e4f45995d9add,train,train:16,train:run:009,target,17,0a9cc18afa66e794ac776939eb37b784c029bbfb36db8c55425e4f45995d9add,unique_window_cache_lookup,True,False
train:34__train:17,34,17,2020-07,2021-06,2021-07,2019-02,2020-01,2020-02,100.3,100.8,-0.5,1.329088,train,train:34,train:run:018,target,35,0a9cc18afa66e794ac776939eb37b784c029bbfb36db8c55425e4f45995d9add,train,train:17,train:run:009,reference,16,0a9cc18afa66e794ac776939eb37b784c029bbfb36db8c55425e4f45995d9add,unique_window_cache_lookup,True,False
train:34__train:18,34,18,2020-07,2021-06,2021-07,2019-03,2020-02,2020-03,100.3,98.8,1.5,1.366399,train,train:34,train:run:018,target,35,0a9cc18afa66e794ac776939eb37b784c029bbfb36db8c55425e4f45995d9add,train,train:18,train:run:010,target,19,0a9cc18afa66e794ac776939eb37b784c029bbfb36db8c55425e4f45995d9add,unique_window_cache_lookup,True,False
train:34__train:19,34,19,2020-07,2021-06,2021-07,2019-04,2020-03,2020-04,100.3,99.1,1.2,1.277759,train,train:34,train:run:018,target,35,0a9cc18afa66e794ac776939eb37b784c029bbfb36db8c55425e4f45995d9add,train,train:19,train:run:010,reference,18,0a9cc18afa66e794ac776939eb37b784c029bbfb36db8c55425e4f45995d9add,unique_window_cache_lookup,True,False
train:34__train:20,34,20,2020-07,2021-06,2021-07,2019-05,2020-04,2020-05,100.3,99.2,1.1,1.467307,train,train:34,train:run:018,target,35,0a9cc18afa66e794ac776939eb37b784c029bbfb36db8c55425e4f45995d9add,train,train:20,train:run:011,target,21,0a9cc18afa66e794ac776939eb37b784c029bbfb36db8c55425e4f45995d9add,unique_window_cache_lookup,True,False
train:34__train:21,34,21,2020-07,2021-06,2021-07,2019-06,2020-05,2020-06,100.3,99.9,0.4,1.30064,train,train:34,train:run:018,target,35,0a9cc18afa66e794ac776939eb37b784c029bbfb36db8c55425e4f45995d9add,train,train:21,train:run:011,reference,20,0a9cc18afa66e794ac776939eb37b784c029bbfb36db8c55425e4f45995d9add,unique_window_cache_lookup,True,False
train:34__train:22,34,22,2020-07,2021-06,2021-07,2019-07,2020-06,2020-07,100.3,100.6,-0.3,0.90968,train,train:34,train:run:018,target,35,0a9cc18afa66e794ac776939eb37b784c029bbfb36db8c55425e4f45995d9add,train,train:22,train:run:012,target,23,0a9cc18afa66e794ac776939eb37b784c029bbfb36db8c55425e4f45995d9add,unique_window_cache_lookup,True,False
train:35__train:0,35,0,2020-08,2021-07,2021-08,2017-09,2018-08,2018-09,100.1,100.7,-0.6,1.155699,train,train:35,train:run:018,reference,34,0a9cc18afa66e794ac776939eb37b784c029bbfb36db8c55425e4f45995d9add,train,train:0,train:run:001,target,1,0a9cc18afa66e794ac776939eb37b784c029bbfb36db8c55425e4f45995d9add,unique_window_cache_lookup,True,False
train:35__train:1,35,1,2020-08,2021-07,2021-08,2017-10,2018-09,2018-10,100.1,100.2,-0.1,1.600667,train,train:35,train:run:018,reference,34,0a9cc18afa66e794ac776939eb37b784c029bbfb36db8c55425e4f45995d9add,train,train:1,train:run:001,reference,0,0a9cc18afa66e794ac776939eb37b784c029bbfb36db8c55425e4f45995d9add,unique_window_cache_lookup,True,False
train:35__train:2,35,2,2020-08,2021-07,2021-08,2017-11,2018-10,2018-11,100.1,99.7,0.4,1.862173,train,train:35,train:run:018,reference,34,0a9cc18afa66e794ac776939eb37b784c029bbfb36db8c55425e4f45995d9add,train,train:2,train:run:002,target,3,0a9cc18afa66e794ac776939eb37b784c029bbfb36db8c55425e4f45995d9add,unique_window_cache_lookup,True,False
train:35__train:3,35,3,2020-08,2021-07,2021-08,2017-12,2018-11,2018-12,100.1,100.0,0.1,1.546531,train,train:35,train:run:018,reference,34,0a9cc18afa66e794ac776939eb37b784c029bbfb36db8c55425e4f45995d9add,train,train:3,train:run:002,reference,2,0a9cc18afa66e794ac776939eb37b784c029bbfb36db8c55425e4f45995d9add,unique_window_cache_lookup,True,False
train:35__train:4,35,4,2020-08,2021-07,2021-08,2018-01,2018-12,2019-01,100.1,100.5,-0.4,1.361921,train,train:35,train:run:018,reference,34,0a9cc18afa66e794ac776939eb37b784c029bbfb36db8c55425e4f45995d9add,train,train:4,train:run:003,target,5,0a9cc18afa66e794ac776939eb37b784c029bbfb36db8c55425e4f45995d9add,unique_window_cache_lookup,True,False
train:35__train:5,35,5,2020-08,2021-07,2021-08,2018-02,2019-01,2019-02,100.1,101.0,-0.9,1.249596,train,train:35,train:run:018,reference,34,0a9cc18afa66e794ac776939eb37b784c029bbfb36db8c55425e4f45995d9add,train,train:5,train:run:003,reference,4,0a9cc18afa66e794ac776939eb37b784c029bbfb36db8c55425e4f45995d9add,unique_window_cache_lookup,True,False
train:35__train:6,35,6,2020-08,2021-07,2021-08,2018-03,2019-02,2019-03,100.1,99.6,0.5,1.194273,train,train:35,train:run:018,reference,34,0a9cc18afa66e794ac776939eb37b784c029bbfb36db8c55425e4f45995d9add,train,train:6,train:run:004,target,7,0a9cc18afa66e794ac776939eb37b784c029bbfb36db8c55425e4f45995d9add,unique_window_cache_lookup,True,False
train:35__train:7,35,7,2020-08,2021-07,2021-08,2018-04,2019-03,2019-04,100.1,100.1,0.0,1.30176,train,train:35,train:run:018,reference,34,0a9cc18afa66e794ac776939eb37b784c029bbfb36db8c55425e4f45995d9add,train,train:7,train:run:004,reference,6,0a9cc18afa66e794ac776939eb37b784c029bbfb36db8c55425e4f45995d9add,unique_window_cache_lookup,True,False
train:35__train:8,35,8,2020-08,2021-07,2021-08,2018-05,2019-04,2019-05,100.1,100.0,0.1,1.532599,train,train:35,train:run:018,reference,34,0a9cc18afa66e794ac776939eb37b784c029bbfb36db8c55425e4f45995d9add,train,train:8,train:run:005,target,9,0a9cc18afa66e794ac776939eb37b784c029bbfb36db8c55425e4f45995d9add,unique_window_cache_lookup,True,False
train:35__train:9,35,9,2020-08,2021-07,2021-08,2018-06,2019-05,2019-06,100.1,99.9,0.2,1.786437,train,train:35,train:run:018,reference,34,0a9cc18afa66e794ac776939eb37b784c029bbfb36db8c55425e4f45995d9add,train,train:9,train:run:005,reference,8,0a9cc18afa66e794ac776939eb37b784c029bbfb36db8c55425e4f45995d9add,unique_window_cache_lookup,True,False
train:35__train:10,35,10,2020-08,2021-07,2021-08,2018-07,2019-06,2019-07,100.1,100.4,-0.3,1.578675,train,train:35,train:run:018,reference,34,0a9cc18afa66e794ac776939eb37b784c029bbfb36db8c55425e4f45995d9add,train,train:10,train:run:006,target,11,0a9cc18afa66e794ac776939eb37b784c029bbfb36db8c55425e4f45995d9add,unique_window_cache_lookup,True,False
train:35__train:11,35,11,2020-08,2021-07,2021-08,2018-08,2019-07,2019-08,100.1,100.7,-0.6,0.770723,train,train:35,train:run:018,reference,34,0a9cc18afa66e794ac776939eb37b784c029bbfb36db8c55425e4f45995d9add,train,train:11,train:run:006,reference,10,0a9cc18afa66e794ac776939eb37b784c029bbfb36db8c55425e4f45995d9add,unique_window_cache_lookup,True,False
train:35__train:12,35,12,2020-08,2021-07,2021-08,2018-09,2019-08,2019-09,100.1,100.9,-0.8,0.968257,train,train:35,train:run:018,reference,34,0a9cc18afa66e794ac776939eb37b784c029bbfb36db8c55425e4f45995d9add,train,train:12,train:run:007,target,13,0a9cc18afa66e794ac776939eb37b784c029bbfb36db8c55425e4f45995d9add,unique_window_cache_lookup,True,False
train:35__train:13,35,13,2020-08,2021-07,2021-08,2018-10,2019-09,2019-10,100.1,100.9,-0.8,1.468162,train,train:35,train:run:018,reference,34,0a9cc18afa66e794ac776939eb37b784c029bbfb36db8c55425e4f45995d9add,train,train:13,train:run:007,reference,12,0a9cc18afa66e794ac776939eb37b784c029bbfb36db8c55425e4f45995d9add,unique_window_cache_lookup,True,False
train:35__train:14,35,14,2020-08,2021-07,2021-08,2018-11,2019-10,2019-11,100.1,100.4,-0.3,1.772786,train,train:35,train:run:018,reference,34,0a9cc18afa66e794ac776939eb37b784c029bbfb36db8c55425e4f45995d9add,train,train:14,train:run:008,target,15,0a9cc18afa66e794ac776939eb37b784c029bbfb36db8c55425e4f45995d9add,unique_window_cache_lookup,True,False
train:35__train:15,35,15,2020-08,2021-07,2021-08,2018-12,2019-11,2019-12,100.1,100.0,0.1,1.68711,train,train:35,train:run:018,reference,34,0a9cc18afa66e794ac776939eb37b784c029bbfb36db8c55425e4f45995d9add,train,train:15,train:run:008,reference,14,0a9cc18afa66e794ac776939eb37b784c029bbfb36db8c55425e4f45995d9add,unique_window_cache_lookup,True,False
train:35__train:16,35,16,2020-08,2021-07,2021-08,2019-01,2019-12,2020-01,100.1,101.4,-1.3,1.589372,train,train:35,train:run:018,reference,34,0a9cc18afa66e794ac776939eb37b784c029bbfb36db8c55425e4f45995d9add,train,train:16,train:run:009,target,17,0a9cc18afa66e794ac776939eb37b784c029bbfb36db8c55425e4f45995d9add,unique_window_cache_lookup,True,False
train:35__train:17,35,17,2020-08,2021-07,2021-08,2019-02,2020-01,2020-02,100.1,100.8,-0.7,1.353903,train,train:35,train:run:018,reference,34,0a9cc18afa66e794ac776939eb37b784c029bbfb36db8c55425e4f45995d9add,train,train:17,train:run:009,reference,16,0a9cc18afa66e794ac776939eb37b784c029bbfb36db8c55425e4f45995d9add,unique_window_cache_lookup,True,False
train:35__train:18,35,18,2020-08,2021-07,2021-08,2019-03,2020-02,2020-03,100.1,98.8,1.3,1.374865,train,train:35,train:run:018,reference,34,0a9cc18afa66e794ac776939eb37b784c029bbfb36db8c55425e4f45995d9add,train,train:18,train:run:010,target,19,0a9cc18afa66e794ac776939eb37b784c029bbfb36db8c55425e4f45995d9add,unique_window_cache_lookup,True,False
train:35__train:19,35,19,2020-08,2021-07,2021-08,2019-04,2020-03,2020-04,100.1,99.1,1.0,1.36288,train,train:35,train:run:018,reference,34,0a9cc18afa66e794ac776939eb37b784c029bbfb36db8c55425e4f45995d9add,train,train:19,train:run:010,reference,18,0a9cc18afa66e794ac776939eb37b784c029bbfb36db8c55425e4f45995d9add,unique_window_cache_lookup,True,False
train:35__train:20,35,20,2020-08,2021-07,2021-08,2019-05,2020-04,2020-05,100.1,99.2,0.9,1.316043,train,train:35,train:run:018,reference,34,0a9cc18afa66e794ac776939eb37b784c029bbfb36db8c55425e4f45995d9add,train,train:20,train:run:011,target,21,0a9cc18afa66e794ac776939eb37b784c029bbfb36db8c55425e4f45995d9add,unique_window_cache_lookup,True,False
train:35__train:21,35,21,2020-08,2021-07,2021-08,2019-06,2020-05,2020-06,100.1,99.9,0.2,1.479151,train,train:35,train:run:018,reference,34,0a9cc18afa66e794ac776939eb37b784c029bbfb36db8c55425e4f45995d9add,train,train:21,train:run:011,reference,20,0a9cc18afa66e794ac776939eb37b784c029bbfb36db8c55425e4f45995d9add,unique_window_cache_lookup,True,False
train:35__train:22,35,22,2020-08,2021-07,2021-08,2019-07,2020-06,2020-07,100.1,100.6,-0.5,1.281432,train,train:35,train:run:018,reference,34,0a9cc18afa66e794ac776939eb37b784c029bbfb36db8c55425e4f45995d9add,train,train:22,train:run:012,target,23,0a9cc18afa66e794ac776939eb37b784c029bbfb36db8c55425e4f45995d9add,unique_window_cache_lookup,True,False
train:35__train:23,35,23,2020-08,2021-07,2021-08,2019-08,2020-07,2020-08,100.1,100.4,-0.3,0.894975,train,train:35,train:run:018,reference,34,0a9cc18afa66e794ac776939eb37b784c029bbfb36db8c55425e4f45995d9add,train,train:23,train:run:012,reference,22,0a9cc18afa66e794ac776939eb37b784c029bbfb36db8c55425e4f45995d9add,unique_window_cache_lookup,True,False
train:36__train:0,36,0,2020-09,2021-08,2021-09,2017-09,2018-08,2018-09,100.0,100.7,-0.7,0.757078,train,train:36,train:run:019,target,37,0a9cc18afa66e794ac776939eb37b784c029bbfb36db8c55425e4f45995d9add,train,train:0,train:run:001,target,1,0a9cc18afa66e794ac776939eb37b784c029bbfb36db8c55425e4f45995d9add,unique_window_cache_lookup,True,False
train:36__train:1,36,1,2020-09,2021-08,2021-09,2017-10,2018-09,2018-10,100.0,100.2,-0.2,1.179006,train,train:36,train:run:019,target,37,0a9cc18afa66e794ac776939eb37b784c029bbfb36db8c55425e4f45995d9add,train,train:1,train:run:001,reference,0,0a9cc18afa66e794ac776939eb37b784c029bbfb36db8c55425e4f45995d9add,unique_window_cache_lookup,True,False
train:36__train:2,36,2,2020-09,2021-08,2021-09,2017-11,2018-10,2018-11,100.0,99.7,0.3,1.598148,train,train:36,train:run:019,target,37,0a9cc18afa66e794ac776939eb37b784c029bbfb36db8c55425e4f45995d9add,train,train:2,train:run:002,target,3,0a9cc18afa66e794ac776939eb37b784c029bbfb36db8c55425e4f45995d9add,unique_window_cache_lookup,True,False
train:36__train:3,36,3,2020-09,2021-08,2021-09,2017-12,2018-11,2018-12,100.0,100.0,0.0,1.852339,train,train:36,train:run:019,target,37,0a9cc18afa66e794ac776939eb37b784c029bbfb36db8c55425e4f45995d9add,train,train:3,train:run:002,reference,2,0a9cc18afa66e794ac776939eb37b784c029bbfb36db8c55425e4f45995d9add,unique_window_cache_lookup,True,False
train:36__train:4,36,4,2020-09,2021-08,2021-09,2018-01,2018-12,2019-01,100.0,100.5,-0.5,1.558601,train,train:36,train:run:019,target,37,0a9cc18afa66e794ac776939eb37b784c029bbfb36db8c55425e4f45995d9add,train,train:4,train:run:003,target,5,0a9cc18afa66e794ac776939eb37b784c029bbfb36db8c55425e4f45995d9add,unique_window_cache_lookup,True,False
train:36__train:5,36,5,2020-09,2021-08,2021-09,2018-02,2019-01,2019-02,100.0,101.0,-1.0,1.390185,train,train:36,train:run:019,target,37,0a9cc18afa66e794ac776939eb37b784c029bbfb36db8c55425e4f45995d9add,train,train:5,train:run:003,reference,4,0a9cc18afa66e794ac776939eb37b784c029bbfb36db8c55425e4f45995d9add,unique_window_cache_lookup,True,False
train:36__train:6,36,6,2020-09,2021-08,2021-09,2018-03,2019-02,2019-03,100.0,99.6,0.4,1.315915,train,train:36,train:run:019,target,37,0a9cc18afa66e794ac776939eb37b784c029bbfb36db8c55425e4f45995d9add,train,train:6,train:run:004,target,7,0a9cc18afa66e794ac776939eb37b784c029bbfb36db8c55425e4f45995d9add,unique_window_cache_lookup,True,False
train:36__train:7,36,7,2020-09,2021-08,2021-09,2018-04,2019-03,2019-04,100.0,100.1,-0.1,0.981174,train,train:36,train:run:019,target,37,0a9cc18afa66e794ac776939eb37b784c029bbfb36db8c55425e4f45995d9add,train,train:7,train:run:004,reference,6,0a9cc18afa66e794ac776939eb37b784c029bbfb36db8c55425e4f45995d9add,unique_window_cache_lookup,True,False
train:36__train:8,36,8,2020-09,2021-08,2021-09,2018-05,2019-04,2019-05,100.0,100.0,0.0,1.25501,train,train:36,train:run:019,target,37,0a9cc18afa66e794ac776939eb37b784c029bbfb36db8c55425e4f45995d9add,train,train:8,train:run:005,target,9,0a9cc18afa66e794ac776939eb37b784c029bbfb36db8c55425e4f45995d9add,unique_window_cache_lookup,True,False
train:36__train:9,36,9,2020-09,2021-08,2021-09,2018-06,2019-05,2019-06,100.0,99.9,0.1,1.502638,train,train:36,train:run:019,target,37,0a9cc18afa66e794ac776939eb37b784c029bbfb36db8c55425e4f45995d9add,train,train:9,train:run:005,reference,8,0a9cc18afa66e794ac776939eb37b784c029bbfb36db8c55425e4f45995d9add,unique_window_cache_lookup,True,False
train:36__train:10,36,10,2020-09,2021-08,2021-09,2018-07,2019-06,2019-07,100.0,100.4,-0.4,1.770319,train,train:36,train:run:019,target,37,0a9cc18afa66e794ac776939eb37b784c029bbfb36db8c55425e4f45995d9add,train,train:10,train:run:006,target,11,0a9cc18afa66e794ac776939eb37b784c029bbfb36db8c55425e4f45995d9add,unique_window_cache_lookup,True,False
train:36__train:11,36,11,2020-09,2021-08,2021-09,2018-08,2019-07,2019-08,100.0,100.7,-0.7,1.585177,train,train:36,train:run:019,target,37,0a9cc18afa66e794ac776939eb37b784c029bbfb36db8c55425e4f45995d9add,train,train:11,train:run:006,reference,10,0a9cc18afa66e794ac776939eb37b784c029bbfb36db8c55425e4f45995d9add,unique_window_cache_lookup,True,False
train:36__train:12,36,12,2020-09,2021-08,2021-09,2018-09,2019-08,2019-09,100.0,100.9,-0.9,0.825474,train,train:36,train:run:019,target,37,0a9cc18afa66e794ac776939eb37b784c029bbfb36db8c55425e4f45995d9add,train,train:12,train:run:007,target,13,0a9cc18afa66e794ac776939eb37b784c029bbfb36db8c55425e4f45995d9add,unique_window_cache_lookup,True,False
train:36__train:13,36,13,2020-09,2021-08,2021-09,2018-10,2019-09,2019-10,100.0,100.9,-0.9,1.035643,train,train:36,train:run:019,target,37,0a9cc18afa66e794ac776939eb37b784c029bbfb36db8c55425e4f45995d9add,train,train:13,train:run:007,reference,12,0a9cc18afa66e794ac776939eb37b784c029bbfb36db8c55425e4f45995d9add,unique_window_cache_lookup,True,False
train:36__train:14,36,14,2020-09,2021-08,2021-09,2018-11,2019-10,2019-11,100.0,100.4,-0.4,1.452891,train,train:36,train:run:019,target,37,0a9cc18afa66e794ac776939eb37b784c029bbfb36db8c55425e4f45995d9add,train,train:14,train:run:008,target,15,0a9cc18afa66e794ac776939eb37b784c029bbfb36db8c55425e4f45995d9add,unique_window_cache_lookup,True,False
train:36__train:15,36,15,2020-09,2021-08,2021-09,2018-12,2019-11,2019-12,100.0,100.0,0.0,1.759372,train,train:36,train:run:019,target,37,0a9cc18afa66e794ac776939eb37b784c029bbfb36db8c55425e4f45995d9add,train,train:15,train:run:008,reference,14,0a9cc18afa66e794ac776939eb37b784c029bbfb36db8c55425e4f45995d9add,unique_window_cache_lookup,True,False
train:36__train:16,36,16,2020-09,2021-08,2021-09,2019-01,2019-12,2020-01,100.0,101.4,-1.4,1.666395,train,train:36,train:run:019,target,37,0a9cc18afa66e794ac776939eb37b784c029bbfb36db8c55425e4f45995d9add,train,train:16,train:run:009,target,17,0a9cc18afa66e794ac776939eb37b784c029bbfb36db8c55425e4f45995d9add,unique_window_cache_lookup,True,False
train:36__train:17,36,17,2020-09,2021-08,2021-09,2019-02,2020-01,2020-02,100.0,100.8,-0.8,1.563291,train,train:36,train:run:019,target,37,0a9cc18afa66e794ac776939eb37b784c029bbfb36db8c55425e4f45995d9add,train,train:17,train:run:009,reference,16,0a9cc18afa66e794ac776939eb37b784c029bbfb36db8c55425e4f45995d9add,unique_window_cache_lookup,True,False
train:36__train:18,36,18,2020-09,2021-08,2021-09,2019-03,2020-02,2020-03,100.0,98.8,1.2,1.394007,train,train:36,train:run:019,target,37,0a9cc18afa66e794ac776939eb37b784c029bbfb36db8c55425e4f45995d9add,train,train:18,train:run:010,target,19,0a9cc18afa66e794ac776939eb37b784c029bbfb36db8c55425e4f45995d9add,unique_window_cache_lookup,True,False
train:36__train:19,36,19,2020-09,2021-08,2021-09,2019-04,2020-03,2020-04,100.0,99.1,0.9,1.343025,train,train:36,train:run:019,target,37,0a9cc18afa66e794ac776939eb37b784c029bbfb36db8c55425e4f45995d9add,train,train:19,train:run:010,reference,18,0a9cc18afa66e794ac776939eb37b784c029bbfb36db8c55425e4f45995d9add,unique_window_cache_lookup,True,False
train:36__train:20,36,20,2020-09,2021-08,2021-09,2019-05,2020-04,2020-05,100.0,99.2,0.8,1.363606,train,train:36,train:run:019,target,37,0a9cc18afa66e794ac776939eb37b784c029bbfb36db8c55425e4f45995d9add,train,train:20,train:run:011,target,21,0a9cc18afa66e794ac776939eb37b784c029bbfb36db8c55425e4f45995d9add,unique_window_cache_lookup,True,False
train:36__train:21,36,21,2020-09,2021-08,2021-09,2019-06,2020-05,2020-06,100.0,99.9,0.1,1.314668,train,train:36,train:run:019,target,37,0a9cc18afa66e794ac776939eb37b784c029bbfb36db8c55425e4f45995d9add,train,train:21,train:run:011,reference,20,0a9cc18afa66e794ac776939eb37b784c029bbfb36db8c55425e4f45995d9add,unique_window_cache_lookup,True,False
train:36__train:22,36,22,2020-09,2021-08,2021-09,2019-07,2020-06,2020-07,100.0,100.6,-0.6,1.466924,train,train:36,train:run:019,target,37,0a9cc18afa66e794ac776939eb37b784c029bbfb36db8c55425e4f45995d9add,train,train:22,train:run:012,target,23,0a9cc18afa66e794ac776939eb37b784c029bbfb36db8c55425e4f45995d9add,unique_window_cache_lookup,True,False
train:36__train:23,36,23,2020-09,2021-08,2021-09,2019-08,2020-07,2020-08,100.0,100.4,-0.4,1.287723,train,train:36,train:run:019,target,37,0a9cc18afa66e794ac776939eb37b784c029bbfb36db8c55425e4f45995d9add,train,train:23,train:run:012,reference,22,0a9cc18afa66e794ac776939eb37b784c029bbfb36db8c55425e4f45995d9add,unique_window_cache_lookup,True,False
train:36__train:24,36,24,2020-09,2021-08,2021-09,2019-09,2020-08,2020-09,100.0,100.2,-0.2,0.910679,train,train:36,train:run:019,target,37,0a9cc18afa66e794ac776939eb37b784c029bbfb36db8c55425e4f45995d9add,train,train:24,train:run:013,target,25,0a9cc18afa66e794ac776939eb37b784c029bbfb36db8c55425e4f45995d9add,unique_window_cache_lookup,True,False
train:37__train:0,37,0,2020-10,2021-09,2021-10,2017-09,2018-08,2018-09,100.7,100.7,0.0,1.363634,train,train:37,train:run:019,reference,36,0a9cc18afa66e794ac776939eb37b784c029bbfb36db8c55425e4f45995d9add,train,train:0,train:run:001,target,1,0a9cc18afa66e794ac776939eb37b784c029bbfb36db8c55425e4f45995d9add,unique_window_cache_lookup,True,False
train:37__train:1,37,1,2020-10,2021-09,2021-10,2017-10,2018-09,2018-10,100.7,100.2,0.5,0.801143,train,train:37,train:run:019,reference,36,0a9cc18afa66e794ac776939eb37b784c029bbfb36db8c55425e4f45995d9add,train,train:1,train:run:001,reference,0,0a9cc18afa66e794ac776939eb37b784c029bbfb36db8c55425e4f45995d9add,unique_window_cache_lookup,True,False
train:37__train:2,37,2,2020-10,2021-09,2021-10,2017-11,2018-10,2018-11,100.7,99.7,1.0,1.173849,train,train:37,train:run:019,reference,36,0a9cc18afa66e794ac776939eb37b784c029bbfb36db8c55425e4f45995d9add,train,train:2,train:run:002,target,3,0a9cc18afa66e794ac776939eb37b784c029bbfb36db8c55425e4f45995d9add,unique_window_cache_lookup,True,False
train:37__train:3,37,3,2020-10,2021-09,2021-10,2017-12,2018-11,2018-12,100.7,100.0,0.7,1.58523,train,train:37,train:run:019,reference,36,0a9cc18afa66e794ac776939eb37b784c029bbfb36db8c55425e4f45995d9add,train,train:3,train:run:002,reference,2,0a9cc18afa66e794ac776939eb37b784c029bbfb36db8c55425e4f45995d9add,unique_window_cache_lookup,True,False
train:37__train:4,37,4,2020-10,2021-09,2021-10,2018-01,2018-12,2019-01,100.7,100.5,0.2,1.855869,train,train:37,train:run:019,reference,36,0a9cc18afa66e794ac776939eb37b784c029bbfb36db8c55425e4f45995d9add,train,train:4,train:run:003,target,5,0a9cc18afa66e794ac776939eb37b784c029bbfb36db8c55425e4f45995d9add,unique_window_cache_lookup,True,False
train:37__train:5,37,5,2020-10,2021-09,2021-10,2018-02,2019-01,2019-02,100.7,101.0,-0.3,1.576807,train,train:37,train:run:019,reference,36,0a9cc18afa66e794ac776939eb37b784c029bbfb36db8c55425e4f45995d9add,train,train:5,train:run:003,reference,4,0a9cc18afa66e794ac776939eb37b784c029bbfb36db8c55425e4f45995d9add,unique_window_cache_lookup,True,False
train:37__train:6,37,6,2020-10,2021-09,2021-10,2018-03,2019-02,2019-03,100.7,99.6,1.1,1.433787,train,train:37,train:run:019,reference,36,0a9cc18afa66e794ac776939eb37b784c029bbfb36db8c55425e4f45995d9add,train,train:6,train:run:004,target,7,0a9cc18afa66e794ac776939eb37b784c029bbfb36db8c55425e4f45995d9add,unique_window_cache_lookup,True,False
train:37__train:7,37,7,2020-10,2021-09,2021-10,2018-04,2019-03,2019-04,100.7,100.1,0.6,1.22206,train,train:37,train:run:019,reference,36,0a9cc18afa66e794ac776939eb37b784c029bbfb36db8c55425e4f45995d9add,train,train:7,train:run:004,reference,6,0a9cc18afa66e794ac776939eb37b784c029bbfb36db8c55425e4f45995d9add,unique_window_cache_lookup,True,False
train:37__train:8,37,8,2020-10,2021-09,2021-10,2018-05,2019-04,2019-05,100.7,100.0,0.7,0.932881,train,train:37,train:run:019,reference,36,0a9cc18afa66e794ac776939eb37b784c029bbfb36db8c55425e4f45995d9add,train,train:8,train:run:005,target,9,0a9cc18afa66e794ac776939eb37b784c029bbfb36db8c55425e4f45995d9add,unique_window_cache_lookup,True,False
train:37__train:9,37,9,2020-10,2021-09,2021-10,2018-06,2019-05,2019-06,100.7,99.9,0.8,1.224152,train,train:37,train:run:019,reference,36,0a9cc18afa66e794ac776939eb37b784c029bbfb36db8c55425e4f45995d9add,train,train:9,train:run:005,reference,8,0a9cc18afa66e794ac776939eb37b784c029bbfb36db8c55425e4f45995d9add,unique_window_cache_lookup,True,False
train:37__train:10,37,10,2020-10,2021-09,2021-10,2018-07,2019-06,2019-07,100.7,100.4,0.3,1.485097,train,train:37,train:run:019,reference,36,0a9cc18afa66e794ac776939eb37b784c029bbfb36db8c55425e4f45995d9add,train,train:10,train:run:006,target,11,0a9cc18afa66e794ac776939eb37b784c029bbfb36db8c55425e4f45995d9add,unique_window_cache_lookup,True,False
train:37__train:11,37,11,2020-10,2021-09,2021-10,2018-08,2019-07,2019-08,100.7,100.7,0.0,1.773917,train,train:37,train:run:019,reference,36,0a9cc18afa66e794ac776939eb37b784c029bbfb36db8c55425e4f45995d9add,train,train:11,train:run:006,reference,10,0a9cc18afa66e794ac776939eb37b784c029bbfb36db8c55425e4f45995d9add,unique_window_cache_lookup,True,False
train:37__train:12,37,12,2020-10,2021-09,2021-10,2018-09,2019-08,2019-09,100.7,100.9,-0.2,1.609688,train,train:37,train:run:019,reference,36,0a9cc18afa66e794ac776939eb37b784c029bbfb36db8c55425e4f45995d9add,train,train:12,train:run:007,target,13,0a9cc18afa66e794ac776939eb37b784c029bbfb36db8c55425e4f45995d9add,unique_window_cache_lookup,True,False
train:37__train:13,37,13,2020-10,2021-09,2021-10,2018-10,2019-09,2019-10,100.7,100.9,-0.2,0.90585,train,train:37,train:run:019,reference,36,0a9cc18afa66e794ac776939eb37b784c029bbfb36db8c55425e4f45995d9add,train,train:13,train:run:007,reference,12,0a9cc18afa66e794ac776939eb37b784c029bbfb36db8c55425e4f45995d9add,unique_window_cache_lookup,True,False
train:37__train:14,37,14,2020-10,2021-09,2021-10,2018-11,2019-10,2019-11,100.7,100.4,0.3,1.071285,train,train:37,train:run:019,reference,36,0a9cc18afa66e794ac776939eb37b784c029bbfb36db8c55425e4f45995d9add,train,train:14,train:run:008,target,15,0a9cc18afa66e794ac776939eb37b784c029bbfb36db8c55425e4f45995d9add,unique_window_cache_lookup,True,False
train:37__train:15,37,15,2020-10,2021-09,2021-10,2018-12,2019-11,2019-12,100.7,100.0,0.7,1.429754,train,train:37,train:run:019,reference,36,0a9cc18afa66e794ac776939eb37b784c029bbfb36db8c55425e4f45995d9add,train,train:15,train:run:008,reference,14,0a9cc18afa66e794ac776939eb37b784c029bbfb36db8c55425e4f45995d9add,unique_window_cache_lookup,True,False
train:37__train:16,37,16,2020-10,2021-09,2021-10,2019-01,2019-12,2020-01,100.7,101.4,-0.7,1.744291,train,train:37,train:run:019,reference,36,0a9cc18afa66e794ac776939eb37b784c029bbfb36db8c55425e4f45995d9add,train,train:16,train:run:009,target,17,0a9cc18afa66e794ac776939eb37b784c029bbfb36db8c55425e4f45995d9add,unique_window_cache_lookup,True,False
train:37__train:17,37,17,2020-10,2021-09,2021-10,2019-02,2020-01,2020-02,100.7,100.8,-0.1,1.639342,train,train:37,train:run:019,reference,36,0a9cc18afa66e794ac776939eb37b784c029bbfb36db8c55425e4f45995d9add,train,train:17,train:run:009,reference,16,0a9cc18afa66e794ac776939eb37b784c029bbfb36db8c55425e4f45995d9add,unique_window_cache_lookup,True,False
train:37__train:18,37,18,2020-10,2021-09,2021-10,2019-03,2020-02,2020-03,100.7,98.8,1.9,1.590436,train,train:37,train:run:019,reference,36,0a9cc18afa66e794ac776939eb37b784c029bbfb36db8c55425e4f45995d9add,train,train:18,train:run:010,target,19,0a9cc18afa66e794ac776939eb37b784c029bbfb36db8c55425e4f45995d9add,unique_window_cache_lookup,True,False
train:37__train:19,37,19,2020-10,2021-09,2021-10,2019-04,2020-03,2020-04,100.7,99.1,1.6,1.361841,train,train:37,train:run:019,reference,36,0a9cc18afa66e794ac776939eb37b784c029bbfb36db8c55425e4f45995d9add,train,train:19,train:run:010,reference,18,0a9cc18afa66e794ac776939eb37b784c029bbfb36db8c55425e4f45995d9add,unique_window_cache_lookup,True,False
train:37__train:20,37,20,2020-10,2021-09,2021-10,2019-05,2020-04,2020-05,100.7,99.2,1.5,1.336837,train,train:37,train:run:019,reference,36,0a9cc18afa66e794ac776939eb37b784c029bbfb36db8c55425e4f45995d9add,train,train:20,train:run:011,target,21,0a9cc18afa66e794ac776939eb37b784c029bbfb36db8c55425e4f45995d9add,unique_window_cache_lookup,True,False
train:37__train:21,37,21,2020-10,2021-09,2021-10,2019-06,2020-05,2020-06,100.7,99.9,0.8,1.354226,train,train:37,train:run:019,reference,36,0a9cc18afa66e794ac776939eb37b784c029bbfb36db8c55425e4f45995d9add,train,train:21,train:run:011,reference,20,0a9cc18afa66e794ac776939eb37b784c029bbfb36db8c55425e4f45995d9add,unique_window_cache_lookup,True,False
train:37__train:22,37,22,2020-10,2021-09,2021-10,2019-07,2020-06,2020-07,100.7,100.6,0.1,1.304141,train,train:37,train:run:019,reference,36,0a9cc18afa66e794ac776939eb37b784c029bbfb36db8c55425e4f45995d9add,train,train:22,train:run:012,target,23,0a9cc18afa66e794ac776939eb37b784c029bbfb36db8c55425e4f45995d9add,unique_window_cache_lookup,True,False
train:37__train:23,37,23,2020-10,2021-09,2021-10,2019-08,2020-07,2020-08,100.7,100.4,0.3,1.473261,train,train:37,train:run:019,reference,36,0a9cc18afa66e794ac776939eb37b784c029bbfb36db8c55425e4f45995d9add,train,train:23,train:run:012,reference,22,0a9cc18afa66e794ac776939eb37b784c029bbfb36db8c55425e4f45995d9add,unique_window_cache_lookup,True,False
train:37__train:24,37,24,2020-10,2021-09,2021-10,2019-09,2020-08,2020-09,100.7,100.2,0.5,1.299571,train,train:37,train:run:019,reference,36,0a9cc18afa66e794ac776939eb37b784c029bbfb36db8c55425e4f45995d9add,train,train:24,train:run:013,target,25,0a9cc18afa66e794ac776939eb37b784c029bbfb36db8c55425e4f45995d9add,unique_window_cache_lookup,True,False
train:37__train:25,37,25,2020-10,2021-09,2021-10,2019-10,2020-09,2020-10,100.7,99.7,1.0,0.912108,train,train:37,train:run:019,reference,36,0a9cc18afa66e794ac776939eb37b784c029bbfb36db8c55425e4f45995d9add,train,train:25,train:run:013,reference,24,0a9cc18afa66e794ac776939eb37b784c029bbfb36db8c55425e4f45995d9add,unique_window_cache_lookup,True,False
train:38__train:0,38,0,2020-11,2021-10,2021-11,2017-09,2018-08,2018-09,100.4,100.7,-0.3,1.462119,train,train:38,train:run:020,target,39,0a9cc18afa66e794ac776939eb37b784c029bbfb36db8c55425e4f45995d9add,train,train:0,train:run:001,target,1,0a9cc18afa66e794ac776939eb37b784c029bbfb36db8c55425e4f45995d9add,unique_window_cache_lookup,True,False
train:38__train:1,38,1,2020-11,2021-10,2021-11,2017-10,2018-09,2018-10,100.4,100.2,0.2,1.270762,train,train:38,train:run:020,target,39,0a9cc18afa66e794ac776939eb37b784c029bbfb36db8c55425e4f45995d9add,train,train:1,train:run:001,reference,0,0a9cc18afa66e794ac776939eb37b784c029bbfb36db8c55425e4f45995d9add,unique_window_cache_lookup,True,False
train:38__train:2,38,2,2020-11,2021-10,2021-11,2017-11,2018-10,2018-11,100.4,99.7,0.7,0.844951,train,train:38,train:run:020,target,39,0a9cc18afa66e794ac776939eb37b784c029bbfb36db8c55425e4f45995d9add,train,train:2,train:run:002,target,3,0a9cc18afa66e794ac776939eb37b784c029bbfb36db8c55425e4f45995d9add,unique_window_cache_lookup,True,False
train:38__train:3,38,3,2020-11,2021-10,2021-11,2017-12,2018-11,2018-12,100.4,100.0,0.4,1.275906,train,train:38,train:run:020,target,39,0a9cc18afa66e794ac776939eb37b784c029bbfb36db8c55425e4f45995d9add,train,train:3,train:run:002,reference,2,0a9cc18afa66e794ac776939eb37b784c029bbfb36db8c55425e4f45995d9add,unique_window_cache_lookup,True,False
train:38__train:4,38,4,2020-11,2021-10,2021-11,2018-01,2018-12,2019-01,100.4,100.5,-0.1,1.587402,train,train:38,train:run:020,target,39,0a9cc18afa66e794ac776939eb37b784c029bbfb36db8c55425e4f45995d9add,train,train:4,train:run:003,target,5,0a9cc18afa66e794ac776939eb37b784c029bbfb36db8c55425e4f45995d9add,unique_window_cache_lookup,True,False
train:38__train:5,38,5,2020-11,2021-10,2021-11,2018-02,2019-01,2019-02,100.4,101.0,-0.6,1.783034,train,train:38,train:run:020,target,39,0a9cc18afa66e794ac776939eb37b784c029bbfb36db8c55425e4f45995d9add,train,train:5,train:run:003,reference,4,0a9cc18afa66e794ac776939eb37b784c029bbfb36db8c55425e4f45995d9add,unique_window_cache_lookup,True,False
train:38__train:6,38,6,2020-11,2021-10,2021-11,2018-03,2019-02,2019-03,100.4,99.6,0.8,1.389831,train,train:38,train:run:020,target,39,0a9cc18afa66e794ac776939eb37b784c029bbfb36db8c55425e4f45995d9add,train,train:6,train:run:004,target,7,0a9cc18afa66e794ac776939eb37b784c029bbfb36db8c55425e4f45995d9add,unique_window_cache_lookup,True,False
train:38__train:7,38,7,2020-11,2021-10,2021-11,2018-04,2019-03,2019-04,100.4,100.1,0.3,1.634424,train,train:38,train:run:020,target,39,0a9cc18afa66e794ac776939eb37b784c029bbfb36db8c55425e4f45995d9add,train,train:7,train:run:004,reference,6,0a9cc18afa66e794ac776939eb37b784c029bbfb36db8c55425e4f45995d9add,unique_window_cache_lookup,True,False
train:38__train:8,38,8,2020-11,2021-10,2021-11,2018-05,2019-04,2019-05,100.4,100.0,0.4,1.287179,train,train:38,train:run:020,target,39,0a9cc18afa66e794ac776939eb37b784c029bbfb36db8c55425e4f45995d9add,train,train:8,train:run:005,target,9,0a9cc18afa66e794ac776939eb37b784c029bbfb36db8c55425e4f45995d9add,unique_window_cache_lookup,True,False
train:38__train:9,38,9,2020-11,2021-10,2021-11,2018-06,2019-05,2019-06,100.4,99.9,0.5,1.05467,train,train:38,train:run:020,target,39,0a9cc18afa66e794ac776939eb37b784c029bbfb36db8c55425e4f45995d9add,train,train:9,train:run:005,reference,8,0a9cc18afa66e794ac776939eb37b784c029bbfb36db8c55425e4f45995d9add,unique_window_cache_lookup,True,False
train:38__train:10,38,10,2020-11,2021-10,2021-11,2018-07,2019-06,2019-07,100.4,100.4,0.0,1.332337,train,train:38,train:run:020,target,39,0a9cc18afa66e794ac776939eb37b784c029bbfb36db8c55425e4f45995d9add,train,train:10,train:run:006,target,11,0a9cc18afa66e794ac776939eb37b784c029bbfb36db8c55425e4f45995d9add,unique_window_cache_lookup,True,False
train:38__train:11,38,11,2020-11,2021-10,2021-11,2018-08,2019-07,2019-08,100.4,100.7,-0.3,1.446205,train,train:38,train:run:020,target,39,0a9cc18afa66e794ac776939eb37b784c029bbfb36db8c55425e4f45995d9add,train,train:11,train:run:006,reference,10,0a9cc18afa66e794ac776939eb37b784c029bbfb36db8c55425e4f45995d9add,unique_window_cache_lookup,True,False
train:38__train:12,38,12,2020-11,2021-10,2021-11,2018-09,2019-08,2019-09,100.4,100.9,-0.5,1.653691,train,train:38,train:run:020,target,39,0a9cc18afa66e794ac776939eb37b784c029bbfb36db8c55425e4f45995d9add,train,train:12,train:run:007,target,13,0a9cc18afa66e794ac776939eb37b784c029bbfb36db8c55425e4f45995d9add,unique_window_cache_lookup,True,False
train:38__train:13,38,13,2020-11,2021-10,2021-11,2018-10,2019-09,2019-10,100.4,100.9,-0.5,1.45061,train,train:38,train:run:020,target,39,0a9cc18afa66e794ac776939eb37b784c029bbfb36db8c55425e4f45995d9add,train,train:13,train:run:007,reference,12,0a9cc18afa66e794ac776939eb37b784c029bbfb36db8c55425e4f45995d9add,unique_window_cache_lookup,True,False
train:38__train:14,38,14,2020-11,2021-10,2021-11,2018-11,2019-10,2019-11,100.4,100.4,0.0,0.839656,train,train:38,train:run:020,target,39,0a9cc18afa66e794ac776939eb37b784c029bbfb36db8c55425e4f45995d9add,train,train:14,train:run:008,target,15,0a9cc18afa66e794ac776939eb37b784c029bbfb36db8c55425e4f45995d9add,unique_window_cache_lookup,True,False
train:38__train:15,38,15,2020-11,2021-10,2021-11,2018-12,2019-11,2019-12,100.4,100.0,0.4,1.123093,train,train:38,train:run:020,target,39,0a9cc18afa66e794ac776939eb37b784c029bbfb36db8c55425e4f45995d9add,train,train:15,train:run:008,reference,14,0a9cc18afa66e794ac776939eb37b784c029bbfb36db8c55425e4f45995d9add,unique_window_cache_lookup,True,False
train:38__train:16,38,16,2020-11,2021-10,2021-11,2019-01,2019-12,2020-01,100.4,101.4,-1.0,1.522145,train,train:38,train:run:020,target,39,0a9cc18afa66e794ac776939eb37b784c029bbfb36db8c55425e4f45995d9add,train,train:16,train:run:009,target,17,0a9cc18afa66e794ac776939eb37b784c029bbfb36db8c55425e4f45995d9add,unique_window_cache_lookup,True,False
train:38__train:17,38,17,2020-11,2021-10,2021-11,2019-02,2020-01,2020-02,100.4,100.8,-0.4,1.556787,train,train:38,train:run:020,target,39,0a9cc18afa66e794ac776939eb37b784c029bbfb36db8c55425e4f45995d9add,train,train:17,train:run:009,reference,16,0a9cc18afa66e794ac776939eb37b784c029bbfb36db8c55425e4f45995d9add,unique_window_cache_lookup,True,False
train:38__train:18,38,18,2020-11,2021-10,2021-11,2019-03,2020-02,2020-03,100.4,98.8,1.6,1.547787,train,train:38,train:run:020,target,39,0a9cc18afa66e794ac776939eb37b784c029bbfb36db8c55425e4f45995d9add,train,train:18,train:run:010,target,19,0a9cc18afa66e794ac776939eb37b784c029bbfb36db8c55425e4f45995d9add,unique_window_cache_lookup,True,False
train:38__train:19,38,19,2020-11,2021-10,2021-11,2019-04,2020-03,2020-04,100.4,99.1,1.3,1.746425,train,train:38,train:run:020,target,39,0a9cc18afa66e794ac776939eb37b784c029bbfb36db8c55425e4f45995d9add,train,train:19,train:run:010,reference,18,0a9cc18afa66e794ac776939eb37b784c029bbfb36db8c55425e4f45995d9add,unique_window_cache_lookup,True,False
train:38__train:20,38,20,2020-11,2021-10,2021-11,2019-05,2020-04,2020-05,100.4,99.2,1.2,1.500319,train,train:38,train:run:020,target,39,0a9cc18afa66e794ac776939eb37b784c029bbfb36db8c55425e4f45995d9add,train,train:20,train:run:011,target,21,0a9cc18afa66e794ac776939eb37b784c029bbfb36db8c55425e4f45995d9add,unique_window_cache_lookup,True,False
train:38__train:21,38,21,2020-11,2021-10,2021-11,2019-06,2020-05,2020-06,100.4,99.9,0.5,1.454688,train,train:38,train:run:020,target,39,0a9cc18afa66e794ac776939eb37b784c029bbfb36db8c55425e4f45995d9add,train,train:21,train:run:011,reference,20,0a9cc18afa66e794ac776939eb37b784c029bbfb36db8c55425e4f45995d9add,unique_window_cache_lookup,True,False
train:38__train:22,38,22,2020-11,2021-10,2021-11,2019-07,2020-06,2020-07,100.4,100.6,-0.2,1.40275,train,train:38,train:run:020,target,39,0a9cc18afa66e794ac776939eb37b784c029bbfb36db8c55425e4f45995d9add,train,train:22,train:run:012,target,23,0a9cc18afa66e794ac776939eb37b784c029bbfb36db8c55425e4f45995d9add,unique_window_cache_lookup,True,False
train:38__train:23,38,23,2020-11,2021-10,2021-11,2019-08,2020-07,2020-08,100.4,100.4,0.0,1.260485,train,train:38,train:run:020,target,39,0a9cc18afa66e794ac776939eb37b784c029bbfb36db8c55425e4f45995d9add,train,train:23,train:run:012,reference,22,0a9cc18afa66e794ac776939eb37b784c029bbfb36db8c55425e4f45995d9add,unique_window_cache_lookup,True,False
train:38__train:24,38,24,2020-11,2021-10,2021-11,2019-09,2020-08,2020-09,100.4,100.2,0.2,1.428802,train,train:38,train:run:020,target,39,0a9cc18afa66e794ac776939eb37b784c029bbfb36db8c55425e4f45995d9add,train,train:24,train:run:013,target,25,0a9cc18afa66e794ac776939eb37b784c029bbfb36db8c55425e4f45995d9add,unique_window_cache_lookup,True,False
train:38__train:25,38,25,2020-11,2021-10,2021-11,2019-10,2020-09,2020-10,100.4,99.7,0.7,1.250725,train,train:38,train:run:020,target,39,0a9cc18afa66e794ac776939eb37b784c029bbfb36db8c55425e4f45995d9add,train,train:25,train:run:013,reference,24,0a9cc18afa66e794ac776939eb37b784c029bbfb36db8c55425e4f45995d9add,unique_window_cache_lookup,True,False
train:38__train:26,38,26,2020-11,2021-10,2021-11,2019-11,2020-10,2020-11,100.4,99.4,1.0,0.89946,train,train:38,train:run:020,target,39,0a9cc18afa66e794ac776939eb37b784c029bbfb36db8c55425e4f45995d9add,train,train:26,train:run:014,target,27,0a9cc18afa66e794ac776939eb37b784c029bbfb36db8c55425e4f45995d9add,unique_window_cache_lookup,True,False
train:39__train:0,39,0,2020-12,2021-11,2021-12,2017-09,2018-08,2018-09,99.7,100.7,-1.0,1.342148,train,train:39,train:run:020,reference,38,0a9cc18afa66e794ac776939eb37b784c029bbfb36db8c55425e4f45995d9add,train,train:0,train:run:001,target,1,0a9cc18afa66e794ac776939eb37b784c029bbfb36db8c55425e4f45995d9add,unique_window_cache_lookup,True,False
train:39__train:1,39,1,2020-12,2021-11,2021-12,2017-10,2018-09,2018-10,99.7,100.2,-0.5,1.385111,train,train:39,train:run:020,reference,38,0a9cc18afa66e794ac776939eb37b784c029bbfb36db8c55425e4f45995d9add,train,train:1,train:run:001,reference,0,0a9cc18afa66e794ac776939eb37b784c029bbfb36db8c55425e4f45995d9add,unique_window_cache_lookup,True,False
train:39__train:2,39,2,2020-12,2021-11,2021-12,2017-11,2018-10,2018-11,99.7,99.7,0.0,1.274186,train,train:39,train:run:020,reference,38,0a9cc18afa66e794ac776939eb37b784c029bbfb36db8c55425e4f45995d9add,train,train:2,train:run:002,target,3,0a9cc18afa66e794ac776939eb37b784c029bbfb36db8c55425e4f45995d9add,unique_window_cache_lookup,True,False
train:39__train:3,39,3,2020-12,2021-11,2021-12,2017-12,2018-11,2018-12,99.7,100.0,-0.3,0.888473,train,train:39,train:run:020,reference,38,0a9cc18afa66e794ac776939eb37b784c029bbfb36db8c55425e4f45995d9add,train,train:3,train:run:002,reference,2,0a9cc18afa66e794ac776939eb37b784c029bbfb36db8c55425e4f45995d9add,unique_window_cache_lookup,True,False
train:39__train:4,39,4,2020-12,2021-11,2021-12,2018-01,2018-12,2019-01,99.7,100.5,-0.8,1.246626,train,train:39,train:run:020,reference,38,0a9cc18afa66e794ac776939eb37b784c029bbfb36db8c55425e4f45995d9add,train,train:4,train:run:003,target,5,0a9cc18afa66e794ac776939eb37b784c029bbfb36db8c55425e4f45995d9add,unique_window_cache_lookup,True,False
train:39__train:5,39,5,2020-12,2021-11,2021-12,2018-02,2019-01,2019-02,99.7,101.0,-1.3,1.519387,train,train:39,train:run:020,reference,38,0a9cc18afa66e794ac776939eb37b784c029bbfb36db8c55425e4f45995d9add,train,train:5,train:run:003,reference,4,0a9cc18afa66e794ac776939eb37b784c029bbfb36db8c55425e4f45995d9add,unique_window_cache_lookup,True,False
train:39__train:6,39,6,2020-12,2021-11,2021-12,2018-03,2019-02,2019-03,99.7,99.6,0.1,1.641699,train,train:39,train:run:020,reference,38,0a9cc18afa66e794ac776939eb37b784c029bbfb36db8c55425e4f45995d9add,train,train:6,train:run:004,target,7,0a9cc18afa66e794ac776939eb37b784c029bbfb36db8c55425e4f45995d9add,unique_window_cache_lookup,True,False
train:39__train:7,39,7,2020-12,2021-11,2021-12,2018-04,2019-03,2019-04,99.7,100.1,-0.4,1.668801,train,train:39,train:run:020,reference,38,0a9cc18afa66e794ac776939eb37b784c029bbfb36db8c55425e4f45995d9add,train,train:7,train:run:004,reference,6,0a9cc18afa66e794ac776939eb37b784c029bbfb36db8c55425e4f45995d9add,unique_window_cache_lookup,True,False
train:39__train:8,39,8,2020-12,2021-11,2021-12,2018-05,2019-04,2019-05,99.7,100.0,-0.3,1.740364,train,train:39,train:run:020,reference,38,0a9cc18afa66e794ac776939eb37b784c029bbfb36db8c55425e4f45995d9add,train,train:8,train:run:005,target,9,0a9cc18afa66e794ac776939eb37b784c029bbfb36db8c55425e4f45995d9add,unique_window_cache_lookup,True,False
train:39__train:9,39,9,2020-12,2021-11,2021-12,2018-06,2019-05,2019-06,99.7,99.9,-0.2,1.389611,train,train:39,train:run:020,reference,38,0a9cc18afa66e794ac776939eb37b784c029bbfb36db8c55425e4f45995d9add,train,train:9,train:run:005,reference,8,0a9cc18afa66e794ac776939eb37b784c029bbfb36db8c55425e4f45995d9add,unique_window_cache_lookup,True,False
train:39__train:10,39,10,2020-12,2021-11,2021-12,2018-07,2019-06,2019-07,99.7,100.4,-0.7,1.144632,train,train:39,train:run:020,reference,38,0a9cc18afa66e794ac776939eb37b784c029bbfb36db8c55425e4f45995d9add,train,train:10,train:run:006,target,11,0a9cc18afa66e794ac776939eb37b784c029bbfb36db8c55425e4f45995d9add,unique_window_cache_lookup,True,False
train:39__train:11,39,11,2020-12,2021-11,2021-12,2018-08,2019-07,2019-08,99.7,100.7,-1.0,1.293938,train,train:39,train:run:020,reference,38,0a9cc18afa66e794ac776939eb37b784c029bbfb36db8c55425e4f45995d9add,train,train:11,train:run:006,reference,10,0a9cc18afa66e794ac776939eb37b784c029bbfb36db8c55425e4f45995d9add,unique_window_cache_lookup,True,False
train:39__train:12,39,12,2020-12,2021-11,2021-12,2018-09,2019-08,2019-09,99.7,100.9,-1.2,1.303837,train,train:39,train:run:020,reference,38,0a9cc18afa66e794ac776939eb37b784c029bbfb36db8c55425e4f45995d9add,train,train:12,train:run:007,target,13,0a9cc18afa66e794ac776939eb37b784c029bbfb36db8c55425e4f45995d9add,unique_window_cache_lookup,True,False
train:39__train:13,39,13,2020-12,2021-11,2021-12,2018-10,2019-09,2019-10,99.7,100.9,-1.2,1.532965,train,train:39,train:run:020,reference,38,0a9cc18afa66e794ac776939eb37b784c029bbfb36db8c55425e4f45995d9add,train,train:13,train:run:007,reference,12,0a9cc18afa66e794ac776939eb37b784c029bbfb36db8c55425e4f45995d9add,unique_window_cache_lookup,True,False
train:39__train:14,39,14,2020-12,2021-11,2021-12,2018-11,2019-10,2019-11,99.7,100.4,-0.7,1.42747,train,train:39,train:run:020,reference,38,0a9cc18afa66e794ac776939eb37b784c029bbfb36db8c55425e4f45995d9add,train,train:14,train:run:008,target,15,0a9cc18afa66e794ac776939eb37b784c029bbfb36db8c55425e4f45995d9add,unique_window_cache_lookup,True,False
train:39__train:15,39,15,2020-12,2021-11,2021-12,2018-12,2019-11,2019-12,99.7,100.0,-0.3,0.920023,train,train:39,train:run:020,reference,38,0a9cc18afa66e794ac776939eb37b784c029bbfb36db8c55425e4f45995d9add,train,train:15,train:run:008,reference,14,0a9cc18afa66e794ac776939eb37b784c029bbfb36db8c55425e4f45995d9add,unique_window_cache_lookup,True,False
train:39__train:16,39,16,2020-12,2021-11,2021-12,2019-01,2019-12,2020-01,99.7,101.4,-1.7,1.221787,train,train:39,train:run:020,reference,38,0a9cc18afa66e794ac776939eb37b784c029bbfb36db8c55425e4f45995d9add,train,train:16,train:run:009,target,17,0a9cc18afa66e794ac776939eb37b784c029bbfb36db8c55425e4f45995d9add,unique_window_cache_lookup,True,False
train:39__train:17,39,17,2020-12,2021-11,2021-12,2019-02,2020-01,2020-02,99.7,100.8,-1.1,1.440509,train,train:39,train:run:020,reference,38,0a9cc18afa66e794ac776939eb37b784c029bbfb36db8c55425e4f45995d9add,train,train:17,train:run:009,reference,16,0a9cc18afa66e794ac776939eb37b784c029bbfb36db8c55425e4f45995d9add,unique_window_cache_lookup,True,False
train:39__train:18,39,18,2020-12,2021-11,2021-12,2019-03,2020-02,2020-03,99.7,98.8,0.9,1.453439,train,train:39,train:run:020,reference,38,0a9cc18afa66e794ac776939eb37b784c029bbfb36db8c55425e4f45995d9add,train,train:18,train:run:010,target,19,0a9cc18afa66e794ac776939eb37b784c029bbfb36db8c55425e4f45995d9add,unique_window_cache_lookup,True,False
train:39__train:19,39,19,2020-12,2021-11,2021-12,2019-04,2020-03,2020-04,99.7,99.1,0.6,1.69763,train,train:39,train:run:020,reference,38,0a9cc18afa66e794ac776939eb37b784c029bbfb36db8c55425e4f45995d9add,train,train:19,train:run:010,reference,18,0a9cc18afa66e794ac776939eb37b784c029bbfb36db8c55425e4f45995d9add,unique_window_cache_lookup,True,False
train:39__train:20,39,20,2020-12,2021-11,2021-12,2019-05,2020-04,2020-05,99.7,99.2,0.5,1.798026,train,train:39,train:run:020,reference,38,0a9cc18afa66e794ac776939eb37b784c029bbfb36db8c55425e4f45995d9add,train,train:20,train:run:011,target,21,0a9cc18afa66e794ac776939eb37b784c029bbfb36db8c55425e4f45995d9add,unique_window_cache_lookup,True,False
train:39__train:21,39,21,2020-12,2021-11,2021-12,2019-06,2020-05,2020-06,99.7,99.9,-0.2,1.565411,train,train:39,train:run:020,reference,38,0a9cc18afa66e794ac776939eb37b784c029bbfb36db8c55425e4f45995d9add,train,train:21,train:run:011,reference,20,0a9cc18afa66e794ac776939eb37b784c029bbfb36db8c55425e4f45995d9add,unique_window_cache_lookup,True,False
train:39__train:22,39,22,2020-12,2021-11,2021-12,2019-07,2020-06,2020-07,99.7,100.6,-0.9,1.505258,train,train:39,train:run:020,reference,38,0a9cc18afa66e794ac776939eb37b784c029bbfb36db8c55425e4f45995d9add,train,train:22,train:run:012,target,23,0a9cc18afa66e794ac776939eb37b784c029bbfb36db8c55425e4f45995d9add,unique_window_cache_lookup,True,False
train:39__train:23,39,23,2020-12,2021-11,2021-12,2019-08,2020-07,2020-08,99.7,100.4,-0.7,1.364331,train,train:39,train:run:020,reference,38,0a9cc18afa66e794ac776939eb37b784c029bbfb36db8c55425e4f45995d9add,train,train:23,train:run:012,reference,22,0a9cc18afa66e794ac776939eb37b784c029bbfb36db8c55425e4f45995d9add,unique_window_cache_lookup,True,False
train:39__train:24,39,24,2020-12,2021-11,2021-12,2019-09,2020-08,2020-09,99.7,100.2,-0.5,1.164642,train,train:39,train:run:020,reference,38,0a9cc18afa66e794ac776939eb37b784c029bbfb36db8c55425e4f45995d9add,train,train:24,train:run:013,target,25,0a9cc18afa66e794ac776939eb37b784c029bbfb36db8c55425e4f45995d9add,unique_window_cache_lookup,True,False
train:39__train:25,39,25,2020-12,2021-11,2021-12,2019-10,2020-09,2020-10,99.7,99.7,0.0,1.335481,train,train:39,train:run:020,reference,38,0a9cc18afa66e794ac776939eb37b784c029bbfb36db8c55425e4f45995d9add,train,train:25,train:run:013,reference,24,0a9cc18afa66e794ac776939eb37b784c029bbfb36db8c55425e4f45995d9add,unique_window_cache_lookup,True,False
train:39__train:26,39,26,2020-12,2021-11,2021-12,2019-11,2020-10,2020-11,99.7,99.4,0.3,1.118865,train,train:39,train:run:020,reference,38,0a9cc18afa66e794ac776939eb37b784c029bbfb36db8c55425e4f45995d9add,train,train:26,train:run:014,target,27,0a9cc18afa66e794ac776939eb37b784c029bbfb36db8c55425e4f45995d9add,unique_window_cache_lookup,True,False
train:39__train:27,39,27,2020-12,2021-11,2021-12,2019-12,2020-11,2020-12,99.7,100.7,-1.0,0.801553,train,train:39,train:run:020,reference,38,0a9cc18afa66e794ac776939eb37b784c029bbfb36db8c55425e4f45995d9add,train,train:27,train:run:014,reference,26,0a9cc18afa66e794ac776939eb37b784c029bbfb36db8c55425e4f45995d9add,unique_window_cache_lookup,True,False
train:40__train:0,40,0,2021-01,2021-12,2022-01,2017-09,2018-08,2018-09,100.4,100.7,-0.3,1.605047,train,train:40,train:run:021,target,41,0a9cc18afa66e794ac776939eb37b784c029bbfb36db8c55425e4f45995d9add,train,train:0,train:run:001,target,1,0a9cc18afa66e794ac776939eb37b784c029bbfb36db8c55425e4f45995d9add,unique_window_cache_lookup,True,False
train:40__train:1,40,1,2021-01,2021-12,2022-01,2017-10,2018-09,2018-10,100.4,100.2,0.2,1.436179,train,train:40,train:run:021,target,41,0a9cc18afa66e794ac776939eb37b784c029bbfb36db8c55425e4f45995d9add,train,train:1,train:run:001,reference,0,0a9cc18afa66e794ac776939eb37b784c029bbfb36db8c55425e4f45995d9add,unique_window_cache_lookup,True,False
train:40__train:2,40,2,2021-01,2021-12,2022-01,2017-11,2018-10,2018-11,100.4,99.7,0.7,1.373045,train,train:40,train:run:021,target,41,0a9cc18afa66e794ac776939eb37b784c029bbfb36db8c55425e4f45995d9add,train,train:2,train:run:002,target,3,0a9cc18afa66e794ac776939eb37b784c029bbfb36db8c55425e4f45995d9add,unique_window_cache_lookup,True,False
train:40__train:3,40,3,2021-01,2021-12,2022-01,2017-12,2018-11,2018-12,100.4,100.0,0.4,1.193885,train,train:40,train:run:021,target,41,0a9cc18afa66e794ac776939eb37b784c029bbfb36db8c55425e4f45995d9add,train,train:3,train:run:002,reference,2,0a9cc18afa66e794ac776939eb37b784c029bbfb36db8c55425e4f45995d9add,unique_window_cache_lookup,True,False
train:40__train:4,40,4,2021-01,2021-12,2022-01,2018-01,2018-12,2019-01,100.4,100.5,-0.1,0.878128,train,train:40,train:run:021,target,41,0a9cc18afa66e794ac776939eb37b784c029bbfb36db8c55425e4f45995d9add,train,train:4,train:run:003,target,5,0a9cc18afa66e794ac776939eb37b784c029bbfb36db8c55425e4f45995d9add,unique_window_cache_lookup,True,False
train:40__train:5,40,5,2021-01,2021-12,2022-01,2018-02,2019-01,2019-02,100.4,101.0,-0.6,1.341016,train,train:40,train:run:021,target,41,0a9cc18afa66e794ac776939eb37b784c029bbfb36db8c55425e4f45995d9add,train,train:5,train:run:003,reference,4,0a9cc18afa66e794ac776939eb37b784c029bbfb36db8c55425e4f45995d9add,unique_window_cache_lookup,True,False
train:40__train:6,40,6,2021-01,2021-12,2022-01,2018-03,2019-02,2019-03,100.4,99.6,0.8,1.724436,train,train:40,train:run:021,target,41,0a9cc18afa66e794ac776939eb37b784c029bbfb36db8c55425e4f45995d9add,train,train:6,train:run:004,target,7,0a9cc18afa66e794ac776939eb37b784c029bbfb36db8c55425e4f45995d9add,unique_window_cache_lookup,True,False
train:40__train:7,40,7,2021-01,2021-12,2022-01,2018-04,2019-03,2019-04,100.4,100.1,0.3,1.453396,train,train:40,train:run:021,target,41,0a9cc18afa66e794ac776939eb37b784c029bbfb36db8c55425e4f45995d9add,train,train:7,train:run:004,reference,6,0a9cc18afa66e794ac776939eb37b784c029bbfb36db8c55425e4f45995d9add,unique_window_cache_lookup,True,False
train:40__train:8,40,8,2021-01,2021-12,2022-01,2018-05,2019-04,2019-05,100.4,100.0,0.4,1.613953,train,train:40,train:run:021,target,41,0a9cc18afa66e794ac776939eb37b784c029bbfb36db8c55425e4f45995d9add,train,train:8,train:run:005,target,9,0a9cc18afa66e794ac776939eb37b784c029bbfb36db8c55425e4f45995d9add,unique_window_cache_lookup,True,False
train:40__train:9,40,9,2021-01,2021-12,2022-01,2018-06,2019-05,2019-06,100.4,99.9,0.5,1.67119,train,train:40,train:run:021,target,41,0a9cc18afa66e794ac776939eb37b784c029bbfb36db8c55425e4f45995d9add,train,train:9,train:run:005,reference,8,0a9cc18afa66e794ac776939eb37b784c029bbfb36db8c55425e4f45995d9add,unique_window_cache_lookup,True,False
train:40__train:10,40,10,2021-01,2021-12,2022-01,2018-07,2019-06,2019-07,100.4,100.4,0.0,1.282645,train,train:40,train:run:021,target,41,0a9cc18afa66e794ac776939eb37b784c029bbfb36db8c55425e4f45995d9add,train,train:10,train:run:006,target,11,0a9cc18afa66e794ac776939eb37b784c029bbfb36db8c55425e4f45995d9add,unique_window_cache_lookup,True,False
train:40__train:11,40,11,2021-01,2021-12,2022-01,2018-08,2019-07,2019-08,100.4,100.7,-0.3,1.185273,train,train:40,train:run:021,target,41,0a9cc18afa66e794ac776939eb37b784c029bbfb36db8c55425e4f45995d9add,train,train:11,train:run:006,reference,10,0a9cc18afa66e794ac776939eb37b784c029bbfb36db8c55425e4f45995d9add,unique_window_cache_lookup,True,False
train:40__train:12,40,12,2021-01,2021-12,2022-01,2018-09,2019-08,2019-09,100.4,100.9,-0.5,1.440652,train,train:40,train:run:021,target,41,0a9cc18afa66e794ac776939eb37b784c029bbfb36db8c55425e4f45995d9add,train,train:12,train:run:007,target,13,0a9cc18afa66e794ac776939eb37b784c029bbfb36db8c55425e4f45995d9add,unique_window_cache_lookup,True,False
train:40__train:13,40,13,2021-01,2021-12,2022-01,2018-10,2019-09,2019-10,100.4,100.9,-0.5,1.471528,train,train:40,train:run:021,target,41,0a9cc18afa66e794ac776939eb37b784c029bbfb36db8c55425e4f45995d9add,train,train:13,train:run:007,reference,12,0a9cc18afa66e794ac776939eb37b784c029bbfb36db8c55425e4f45995d9add,unique_window_cache_lookup,True,False
train:40__train:14,40,14,2021-01,2021-12,2022-01,2018-11,2019-10,2019-11,100.4,100.4,0.0,1.585611,train,train:40,train:run:021,target,41,0a9cc18afa66e794ac776939eb37b784c029bbfb36db8c55425e4f45995d9add,train,train:14,train:run:008,target,15,0a9cc18afa66e794ac776939eb37b784c029bbfb36db8c55425e4f45995d9add,unique_window_cache_lookup,True,False
train:40__train:15,40,15,2021-01,2021-12,2022-01,2018-12,2019-11,2019-12,100.4,100.0,0.4,1.333542,train,train:40,train:run:021,target,41,0a9cc18afa66e794ac776939eb37b784c029bbfb36db8c55425e4f45995d9add,train,train:15,train:run:008,reference,14,0a9cc18afa66e794ac776939eb37b784c029bbfb36db8c55425e4f45995d9add,unique_window_cache_lookup,True,False
train:40__train:16,40,16,2021-01,2021-12,2022-01,2019-01,2019-12,2020-01,100.4,101.4,-1.0,0.723288,train,train:40,train:run:021,target,41,0a9cc18afa66e794ac776939eb37b784c029bbfb36db8c55425e4f45995d9add,train,train:16,train:run:009,target,17,0a9cc18afa66e794ac776939eb37b784c029bbfb36db8c55425e4f45995d9add,unique_window_cache_lookup,True,False
train:40__train:17,40,17,2021-01,2021-12,2022-01,2019-02,2020-01,2020-02,100.4,100.8,-0.4,1.38657,train,train:40,train:run:021,target,41,0a9cc18afa66e794ac776939eb37b784c029bbfb36db8c55425e4f45995d9add,train,train:17,train:run:009,reference,16,0a9cc18afa66e794ac776939eb37b784c029bbfb36db8c55425e4f45995d9add,unique_window_cache_lookup,True,False
train:40__train:18,40,18,2021-01,2021-12,2022-01,2019-03,2020-02,2020-03,100.4,98.8,1.6,1.55495,train,train:40,train:run:021,target,41,0a9cc18afa66e794ac776939eb37b784c029bbfb36db8c55425e4f45995d9add,train,train:18,train:run:010,target,19,0a9cc18afa66e794ac776939eb37b784c029bbfb36db8c55425e4f45995d9add,unique_window_cache_lookup,True,False
train:40__train:19,40,19,2021-01,2021-12,2022-01,2019-04,2020-03,2020-04,100.4,99.1,1.3,1.200364,train,train:40,train:run:021,target,41,0a9cc18afa66e794ac776939eb37b784c029bbfb36db8c55425e4f45995d9add,train,train:19,train:run:010,reference,18,0a9cc18afa66e794ac776939eb37b784c029bbfb36db8c55425e4f45995d9add,unique_window_cache_lookup,True,False
train:40__train:20,40,20,2021-01,2021-12,2022-01,2019-05,2020-04,2020-05,100.4,99.2,1.2,1.567224,train,train:40,train:run:021,target,41,0a9cc18afa66e794ac776939eb37b784c029bbfb36db8c55425e4f45995d9add,train,train:20,train:run:011,target,21,0a9cc18afa66e794ac776939eb37b784c029bbfb36db8c55425e4f45995d9add,unique_window_cache_lookup,True,False
train:40__train:21,40,21,2021-01,2021-12,2022-01,2019-06,2020-05,2020-06,100.4,99.9,0.5,1.698292,train,train:40,train:run:021,target,41,0a9cc18afa66e794ac776939eb37b784c029bbfb36db8c55425e4f45995d9add,train,train:21,train:run:011,reference,20,0a9cc18afa66e794ac776939eb37b784c029bbfb36db8c55425e4f45995d9add,unique_window_cache_lookup,True,False
train:40__train:22,40,22,2021-01,2021-12,2022-01,2019-07,2020-06,2020-07,100.4,100.6,-0.2,1.522039,train,train:40,train:run:021,target,41,0a9cc18afa66e794ac776939eb37b784c029bbfb36db8c55425e4f45995d9add,train,train:22,train:run:012,target,23,0a9cc18afa66e794ac776939eb37b784c029bbfb36db8c55425e4f45995d9add,unique_window_cache_lookup,True,False
train:40__train:23,40,23,2021-01,2021-12,2022-01,2019-08,2020-07,2020-08,100.4,100.4,0.0,1.546916,train,train:40,train:run:021,target,41,0a9cc18afa66e794ac776939eb37b784c029bbfb36db8c55425e4f45995d9add,train,train:23,train:run:012,reference,22,0a9cc18afa66e794ac776939eb37b784c029bbfb36db8c55425e4f45995d9add,unique_window_cache_lookup,True,False
train:40__train:24,40,24,2021-01,2021-12,2022-01,2019-09,2020-08,2020-09,100.4,100.2,0.2,1.420711,train,train:40,train:run:021,target,41,0a9cc18afa66e794ac776939eb37b784c029bbfb36db8c55425e4f45995d9add,train,train:24,train:run:013,target,25,0a9cc18afa66e794ac776939eb37b784c029bbfb36db8c55425e4f45995d9add,unique_window_cache_lookup,True,False
train:40__train:25,40,25,2021-01,2021-12,2022-01,2019-10,2020-09,2020-10,100.4,99.7,0.7,1.231357,train,train:40,train:run:021,target,41,0a9cc18afa66e794ac776939eb37b784c029bbfb36db8c55425e4f45995d9add,train,train:25,train:run:013,reference,24,0a9cc18afa66e794ac776939eb37b784c029bbfb36db8c55425e4f45995d9add,unique_window_cache_lookup,True,False
train:40__train:26,40,26,2021-01,2021-12,2022-01,2019-11,2020-10,2020-11,100.4,99.4,1.0,1.378335,train,train:40,train:run:021,target,41,0a9cc18afa66e794ac776939eb37b784c029bbfb36db8c55425e4f45995d9add,train,train:26,train:run:014,target,27,0a9cc18afa66e794ac776939eb37b784c029bbfb36db8c55425e4f45995d9add,unique_window_cache_lookup,True,False
train:40__train:27,40,27,2021-01,2021-12,2022-01,2019-12,2020-11,2020-12,100.4,100.7,-0.3,1.105952,train,train:40,train:run:021,target,41,0a9cc18afa66e794ac776939eb37b784c029bbfb36db8c55425e4f45995d9add,train,train:27,train:run:014,reference,26,0a9cc18afa66e794ac776939eb37b784c029bbfb36db8c55425e4f45995d9add,unique_window_cache_lookup,True,False
train:40__train:28,40,28,2021-01,2021-12,2022-01,2020-01,2020-12,2021-01,100.4,101.0,-0.6,0.910323,train,train:40,train:run:021,target,41,0a9cc18afa66e794ac776939eb37b784c029bbfb36db8c55425e4f45995d9add,train,train:28,train:run:015,target,29,0a9cc18afa66e794ac776939eb37b784c029bbfb36db8c55425e4f45995d9add,unique_window_cache_lookup,True,False
train:41__train:0,41,0,2021-02,2022-01,2022-02,2017-09,2018-08,2018-09,100.6,100.7,-0.1,1.395051,train,train:41,train:run:021,reference,40,0a9cc18afa66e794ac776939eb37b784c029bbfb36db8c55425e4f45995d9add,train,train:0,train:run:001,target,1,0a9cc18afa66e794ac776939eb37b784c029bbfb36db8c55425e4f45995d9add,unique_window_cache_lookup,True,False
train:41__train:1,41,1,2021-02,2022-01,2022-02,2017-10,2018-09,2018-10,100.6,100.2,0.4,1.661969,train,train:41,train:run:021,reference,40,0a9cc18afa66e794ac776939eb37b784c029bbfb36db8c55425e4f45995d9add,train,train:1,train:run:001,reference,0,0a9cc18afa66e794ac776939eb37b784c029bbfb36db8c55425e4f45995d9add,unique_window_cache_lookup,True,False
train:41__train:2,41,2,2021-02,2022-01,2022-02,2017-11,2018-10,2018-11,100.6,99.7,0.9,1.416873,train,train:41,train:run:021,reference,40,0a9cc18afa66e794ac776939eb37b784c029bbfb36db8c55425e4f45995d9add,train,train:2,train:run:002,target,3,0a9cc18afa66e794ac776939eb37b784c029bbfb36db8c55425e4f45995d9add,unique_window_cache_lookup,True,False
train:41__train:3,41,3,2021-02,2022-01,2022-02,2017-12,2018-11,2018-12,100.6,100.0,0.6,1.361336,train,train:41,train:run:021,reference,40,0a9cc18afa66e794ac776939eb37b784c029bbfb36db8c55425e4f45995d9add,train,train:3,train:run:002,reference,2,0a9cc18afa66e794ac776939eb37b784c029bbfb36db8c55425e4f45995d9add,unique_window_cache_lookup,True,False
train:41__train:4,41,4,2021-02,2022-01,2022-02,2018-01,2018-12,2019-01,100.6,100.5,0.1,1.204222,train,train:41,train:run:021,reference,40,0a9cc18afa66e794ac776939eb37b784c029bbfb36db8c55425e4f45995d9add,train,train:4,train:run:003,target,5,0a9cc18afa66e794ac776939eb37b784c029bbfb36db8c55425e4f45995d9add,unique_window_cache_lookup,True,False
train:41__train:5,41,5,2021-02,2022-01,2022-02,2018-02,2019-01,2019-02,100.6,101.0,-0.4,0.870783,train,train:41,train:run:021,reference,40,0a9cc18afa66e794ac776939eb37b784c029bbfb36db8c55425e4f45995d9add,train,train:5,train:run:003,reference,4,0a9cc18afa66e794ac776939eb37b784c029bbfb36db8c55425e4f45995d9add,unique_window_cache_lookup,True,False
train:41__train:6,41,6,2021-02,2022-01,2022-02,2018-03,2019-02,2019-03,100.6,99.6,1.0,1.515357,train,train:41,train:run:021,reference,40,0a9cc18afa66e794ac776939eb37b784c029bbfb36db8c55425e4f45995d9add,train,train:6,train:run:004,target,7,0a9cc18afa66e794ac776939eb37b784c029bbfb36db8c55425e4f45995d9add,unique_window_cache_lookup,True,False
train:41__train:7,41,7,2021-02,2022-01,2022-02,2018-04,2019-03,2019-04,100.6,100.1,0.5,1.578623,train,train:41,train:run:021,reference,40,0a9cc18afa66e794ac776939eb37b784c029bbfb36db8c55425e4f45995d9add,train,train:7,train:run:004,reference,6,0a9cc18afa66e794ac776939eb37b784c029bbfb36db8c55425e4f45995d9add,unique_window_cache_lookup,True,False
train:41__train:8,41,8,2021-02,2022-01,2022-02,2018-05,2019-04,2019-05,100.6,100.0,0.6,1.343841,train,train:41,train:run:021,reference,40,0a9cc18afa66e794ac776939eb37b784c029bbfb36db8c55425e4f45995d9add,train,train:8,train:run:005,target,9,0a9cc18afa66e794ac776939eb37b784c029bbfb36db8c55425e4f45995d9add,unique_window_cache_lookup,True,False
train:41__train:9,41,9,2021-02,2022-01,2022-02,2018-06,2019-05,2019-06,100.6,99.9,0.7,1.55369,train,train:41,train:run:021,reference,40,0a9cc18afa66e794ac776939eb37b784c029bbfb36db8c55425e4f45995d9add,train,train:9,train:run:005,reference,8,0a9cc18afa66e794ac776939eb37b784c029bbfb36db8c55425e4f45995d9add,unique_window_cache_lookup,True,False
train:41__train:10,41,10,2021-02,2022-01,2022-02,2018-07,2019-06,2019-07,100.6,100.4,0.2,1.653713,train,train:41,train:run:021,reference,40,0a9cc18afa66e794ac776939eb37b784c029bbfb36db8c55425e4f45995d9add,train,train:10,train:run:006,target,11,0a9cc18afa66e794ac776939eb37b784c029bbfb36db8c55425e4f45995d9add,unique_window_cache_lookup,True,False
train:41__train:11,41,11,2021-02,2022-01,2022-02,2018-08,2019-07,2019-08,100.6,100.7,-0.1,1.263074,train,train:41,train:run:021,reference,40,0a9cc18afa66e794ac776939eb37b784c029bbfb36db8c55425e4f45995d9add,train,train:11,train:run:006,reference,10,0a9cc18afa66e794ac776939eb37b784c029bbfb36db8c55425e4f45995d9add,unique_window_cache_lookup,True,False
train:41__train:12,41,12,2021-02,2022-01,2022-02,2018-09,2019-08,2019-09,100.6,100.9,-0.3,1.258995,train,train:41,train:run:021,reference,40,0a9cc18afa66e794ac776939eb37b784c029bbfb36db8c55425e4f45995d9add,train,train:12,train:run:007,target,13,0a9cc18afa66e794ac776939eb37b784c029bbfb36db8c55425e4f45995d9add,unique_window_cache_lookup,True,False
train:41__train:13,41,13,2021-02,2022-01,2022-02,2018-10,2019-09,2019-10,100.6,100.9,-0.3,1.514283,train,train:41,train:run:021,reference,40,0a9cc18afa66e794ac776939eb37b784c029bbfb36db8c55425e4f45995d9add,train,train:13,train:run:007,reference,12,0a9cc18afa66e794ac776939eb37b784c029bbfb36db8c55425e4f45995d9add,unique_window_cache_lookup,True,False
train:41__train:14,41,14,2021-02,2022-01,2022-02,2018-11,2019-10,2019-11,100.6,100.4,0.2,1.393819,train,train:41,train:run:021,reference,40,0a9cc18afa66e794ac776939eb37b784c029bbfb36db8c55425e4f45995d9add,train,train:14,train:run:008,target,15,0a9cc18afa66e794ac776939eb37b784c029bbfb36db8c55425e4f45995d9add,unique_window_cache_lookup,True,False
train:41__train:15,41,15,2021-02,2022-01,2022-02,2018-12,2019-11,2019-12,100.6,100.0,0.6,1.439446,train,train:41,train:run:021,reference,40,0a9cc18afa66e794ac776939eb37b784c029bbfb36db8c55425e4f45995d9add,train,train:15,train:run:008,reference,14,0a9cc18afa66e794ac776939eb37b784c029bbfb36db8c55425e4f45995d9add,unique_window_cache_lookup,True,False
train:41__train:16,41,16,2021-02,2022-01,2022-02,2019-01,2019-12,2020-01,100.6,101.4,-0.8,1.233752,train,train:41,train:run:021,reference,40,0a9cc18afa66e794ac776939eb37b784c029bbfb36db8c55425e4f45995d9add,train,train:16,train:run:009,target,17,0a9cc18afa66e794ac776939eb37b784c029bbfb36db8c55425e4f45995d9add,unique_window_cache_lookup,True,False
train:41__train:17,41,17,2021-02,2022-01,2022-02,2019-02,2020-01,2020-02,100.6,100.8,-0.2,0.603908,train,train:41,train:run:021,reference,40,0a9cc18afa66e794ac776939eb37b784c029bbfb36db8c55425e4f45995d9add,train,train:17,train:run:009,reference,16,0a9cc18afa66e794ac776939eb37b784c029bbfb36db8c55425e4f45995d9add,unique_window_cache_lookup,True,False
train:41__train:18,41,18,2021-02,2022-01,2022-02,2019-03,2020-02,2020-03,100.6,98.8,1.8,1.498229,train,train:41,train:run:021,reference,40,0a9cc18afa66e794ac776939eb37b784c029bbfb36db8c55425e4f45995d9add,train,train:18,train:run:010,target,19,0a9cc18afa66e794ac776939eb37b784c029bbfb36db8c55425e4f45995d9add,unique_window_cache_lookup,True,False
train:41__train:19,41,19,2021-02,2022-01,2022-02,2019-04,2020-03,2020-04,100.6,99.1,1.5,1.495312,train,train:41,train:run:021,reference,40,0a9cc18afa66e794ac776939eb37b784c029bbfb36db8c55425e4f45995d9add,train,train:19,train:run:010,reference,18,0a9cc18afa66e794ac776939eb37b784c029bbfb36db8c55425e4f45995d9add,unique_window_cache_lookup,True,False
train:41__train:20,41,20,2021-02,2022-01,2022-02,2019-05,2020-04,2020-05,100.6,99.2,1.4,1.233816,train,train:41,train:run:021,reference,40,0a9cc18afa66e794ac776939eb37b784c029bbfb36db8c55425e4f45995d9add,train,train:20,train:run:011,target,21,0a9cc18afa66e794ac776939eb37b784c029bbfb36db8c55425e4f45995d9add,unique_window_cache_lookup,True,False
train:41__train:21,41,21,2021-02,2022-01,2022-02,2019-06,2020-05,2020-06,100.6,99.9,0.7,1.598472,train,train:41,train:run:021,reference,40,0a9cc18afa66e794ac776939eb37b784c029bbfb36db8c55425e4f45995d9add,train,train:21,train:run:011,reference,20,0a9cc18afa66e794ac776939eb37b784c029bbfb36db8c55425e4f45995d9add,unique_window_cache_lookup,True,False
train:41__train:22,41,22,2021-02,2022-01,2022-02,2019-07,2020-06,2020-07,100.6,100.6,0.0,1.715929,train,train:41,train:run:021,reference,40,0a9cc18afa66e794ac776939eb37b784c029bbfb36db8c55425e4f45995d9add,train,train:22,train:run:012,target,23,0a9cc18afa66e794ac776939eb37b784c029bbfb36db8c55425e4f45995d9add,unique_window_cache_lookup,True,False
train:41__train:23,41,23,2021-02,2022-01,2022-02,2019-08,2020-07,2020-08,100.6,100.4,0.2,1.548253,train,train:41,train:run:021,reference,40,0a9cc18afa66e794ac776939eb37b784c029bbfb36db8c55425e4f45995d9add,train,train:23,train:run:012,reference,22,0a9cc18afa66e794ac776939eb37b784c029bbfb36db8c55425e4f45995d9add,unique_window_cache_lookup,True,False
train:41__train:24,41,24,2021-02,2022-01,2022-02,2019-09,2020-08,2020-09,100.6,100.2,0.4,1.637062,train,train:41,train:run:021,reference,40,0a9cc18afa66e794ac776939eb37b784c029bbfb36db8c55425e4f45995d9add,train,train:24,train:run:013,target,25,0a9cc18afa66e794ac776939eb37b784c029bbfb36db8c55425e4f45995d9add,unique_window_cache_lookup,True,False
train:41__train:25,41,25,2021-02,2022-01,2022-02,2019-10,2020-09,2020-10,100.6,99.7,0.9,1.546488,train,train:41,train:run:021,reference,40,0a9cc18afa66e794ac776939eb37b784c029bbfb36db8c55425e4f45995d9add,train,train:25,train:run:013,reference,24,0a9cc18afa66e794ac776939eb37b784c029bbfb36db8c55425e4f45995d9add,unique_window_cache_lookup,True,False
train:41__train:26,41,26,2021-02,2022-01,2022-02,2019-11,2020-10,2020-11,100.6,99.4,1.2,1.381325,train,train:41,train:run:021,reference,40,0a9cc18afa66e794ac776939eb37b784c029bbfb36db8c55425e4f45995d9add,train,train:26,train:run:014,target,27,0a9cc18afa66e794ac776939eb37b784c029bbfb36db8c55425e4f45995d9add,unique_window_cache_lookup,True,False
train:41__train:27,41,27,2021-02,2022-01,2022-02,2019-12,2020-11,2020-12,100.6,100.7,-0.1,1.483337,train,train:41,train:run:021,reference,40,0a9cc18afa66e794ac776939eb37b784c029bbfb36db8c55425e4f45995d9add,train,train:27,train:run:014,reference,26,0a9cc18afa66e794ac776939eb37b784c029bbfb36db8c55425e4f45995d9add,unique_window_cache_lookup,True,False
train:41__train:28,41,28,2021-02,2022-01,2022-02,2020-01,2020-12,2021-01,100.6,101.0,-0.4,1.000164,train,train:41,train:run:021,reference,40,0a9cc18afa66e794ac776939eb37b784c029bbfb36db8c55425e4f45995d9add,train,train:28,train:run:015,target,29,0a9cc18afa66e794ac776939eb37b784c029bbfb36db8c55425e4f45995d9add,unique_window_cache_lookup,True,False
train:41__train:29,41,29,2021-02,2022-01,2022-02,2020-02,2021-01,2021-02,100.6,100.6,0.0,1.042833,train,train:41,train:run:021,reference,40,0a9cc18afa66e794ac776939eb37b784c029bbfb36db8c55425e4f45995d9add,train,train:29,train:run:015,reference,28,0a9cc18afa66e794ac776939eb37b784c029bbfb36db8c55425e4f45995d9add,unique_window_cache_lookup,True,False
train:42__train:0,42,0,2021-03,2022-02,2022-03,2017-09,2018-08,2018-09,100.0,100.7,-0.7,1.383982,train,train:42,train:run:022,target,43,0a9cc18afa66e794ac776939eb37b784c029bbfb36db8c55425e4f45995d9add,train,train:0,train:run:001,target,1,0a9cc18afa66e794ac776939eb37b784c029bbfb36db8c55425e4f45995d9add,unique_window_cache_lookup,True,False
train:42__train:1,42,1,2021-03,2022-02,2022-03,2017-10,2018-09,2018-10,100.0,100.2,-0.2,1.366428,train,train:42,train:run:022,target,43,0a9cc18afa66e794ac776939eb37b784c029bbfb36db8c55425e4f45995d9add,train,train:1,train:run:001,reference,0,0a9cc18afa66e794ac776939eb37b784c029bbfb36db8c55425e4f45995d9add,unique_window_cache_lookup,True,False
train:42__train:2,42,2,2021-03,2022-02,2022-03,2017-11,2018-10,2018-11,100.0,99.7,0.3,1.65012,train,train:42,train:run:022,target,43,0a9cc18afa66e794ac776939eb37b784c029bbfb36db8c55425e4f45995d9add,train,train:2,train:run:002,target,3,0a9cc18afa66e794ac776939eb37b784c029bbfb36db8c55425e4f45995d9add,unique_window_cache_lookup,True,False
train:42__train:3,42,3,2021-03,2022-02,2022-03,2017-12,2018-11,2018-12,100.0,100.0,0.0,1.457652,train,train:42,train:run:022,target,43,0a9cc18afa66e794ac776939eb37b784c029bbfb36db8c55425e4f45995d9add,train,train:3,train:run:002,reference,2,0a9cc18afa66e794ac776939eb37b784c029bbfb36db8c55425e4f45995d9add,unique_window_cache_lookup,True,False
train:42__train:4,42,4,2021-03,2022-02,2022-03,2018-01,2018-12,2019-01,100.0,100.5,-0.5,1.403807,train,train:42,train:run:022,target,43,0a9cc18afa66e794ac776939eb37b784c029bbfb36db8c55425e4f45995d9add,train,train:4,train:run:003,target,5,0a9cc18afa66e794ac776939eb37b784c029bbfb36db8c55425e4f45995d9add,unique_window_cache_lookup,True,False
train:42__train:5,42,5,2021-03,2022-02,2022-03,2018-02,2019-01,2019-02,100.0,101.0,-1.0,1.218216,train,train:42,train:run:022,target,43,0a9cc18afa66e794ac776939eb37b784c029bbfb36db8c55425e4f45995d9add,train,train:5,train:run:003,reference,4,0a9cc18afa66e794ac776939eb37b784c029bbfb36db8c55425e4f45995d9add,unique_window_cache_lookup,True,False
train:42__train:6,42,6,2021-03,2022-02,2022-03,2018-03,2019-02,2019-03,100.0,99.6,0.4,0.880786,train,train:42,train:run:022,target,43,0a9cc18afa66e794ac776939eb37b784c029bbfb36db8c55425e4f45995d9add,train,train:6,train:run:004,target,7,0a9cc18afa66e794ac776939eb37b784c029bbfb36db8c55425e4f45995d9add,unique_window_cache_lookup,True,False
train:42__train:7,42,7,2021-03,2022-02,2022-03,2018-04,2019-03,2019-04,100.0,100.1,-0.1,1.416501,train,train:42,train:run:022,target,43,0a9cc18afa66e794ac776939eb37b784c029bbfb36db8c55425e4f45995d9add,train,train:7,train:run:004,reference,6,0a9cc18afa66e794ac776939eb37b784c029bbfb36db8c55425e4f45995d9add,unique_window_cache_lookup,True,False
train:42__train:8,42,8,2021-03,2022-02,2022-03,2018-05,2019-04,2019-05,100.0,100.0,0.0,1.532327,train,train:42,train:run:022,target,43,0a9cc18afa66e794ac776939eb37b784c029bbfb36db8c55425e4f45995d9add,train,train:8,train:run:005,target,9,0a9cc18afa66e794ac776939eb37b784c029bbfb36db8c55425e4f45995d9add,unique_window_cache_lookup,True,False
train:42__train:9,42,9,2021-03,2022-02,2022-03,2018-06,2019-05,2019-06,100.0,99.9,0.1,1.299821,train,train:42,train:run:022,target,43,0a9cc18afa66e794ac776939eb37b784c029bbfb36db8c55425e4f45995d9add,train,train:9,train:run:005,reference,8,0a9cc18afa66e794ac776939eb37b784c029bbfb36db8c55425e4f45995d9add,unique_window_cache_lookup,True,False
train:42__train:10,42,10,2021-03,2022-02,2022-03,2018-07,2019-06,2019-07,100.0,100.4,-0.4,1.55369,train,train:42,train:run:022,target,43,0a9cc18afa66e794ac776939eb37b784c029bbfb36db8c55425e4f45995d9add,train,train:10,train:run:006,target,11,0a9cc18afa66e794ac776939eb37b784c029bbfb36db8c55425e4f45995d9add,unique_window_cache_lookup,True,False
train:42__train:11,42,11,2021-03,2022-02,2022-03,2018-08,2019-07,2019-08,100.0,100.7,-0.7,1.635711,train,train:42,train:run:022,target,43,0a9cc18afa66e794ac776939eb37b784c029bbfb36db8c55425e4f45995d9add,train,train:11,train:run:006,reference,10,0a9cc18afa66e794ac776939eb37b784c029bbfb36db8c55425e4f45995d9add,unique_window_cache_lookup,True,False
train:42__train:12,42,12,2021-03,2022-02,2022-03,2018-09,2019-08,2019-09,100.0,100.9,-0.9,1.263074,train,train:42,train:run:022,target,43,0a9cc18afa66e794ac776939eb37b784c029bbfb36db8c55425e4f45995d9add,train,train:12,train:run:007,target,13,0a9cc18afa66e794ac776939eb37b784c029bbfb36db8c55425e4f45995d9add,unique_window_cache_lookup,True,False
train:42__train:13,42,13,2021-03,2022-02,2022-03,2018-10,2019-09,2019-10,100.0,100.9,-0.9,1.225485,train,train:42,train:run:022,target,43,0a9cc18afa66e794ac776939eb37b784c029bbfb36db8c55425e4f45995d9add,train,train:13,train:run:007,reference,12,0a9cc18afa66e794ac776939eb37b784c029bbfb36db8c55425e4f45995d9add,unique_window_cache_lookup,True,False
train:42__train:14,42,14,2021-03,2022-02,2022-03,2018-11,2019-10,2019-11,100.0,100.4,-0.4,1.390572,train,train:42,train:run:022,target,43,0a9cc18afa66e794ac776939eb37b784c029bbfb36db8c55425e4f45995d9add,train,train:14,train:run:008,target,15,0a9cc18afa66e794ac776939eb37b784c029bbfb36db8c55425e4f45995d9add,unique_window_cache_lookup,True,False
train:42__train:15,42,15,2021-03,2022-02,2022-03,2018-12,2019-11,2019-12,100.0,100.0,0.0,1.25349,train,train:42,train:run:022,target,43,0a9cc18afa66e794ac776939eb37b784c029bbfb36db8c55425e4f45995d9add,train,train:15,train:run:008,reference,14,0a9cc18afa66e794ac776939eb37b784c029bbfb36db8c55425e4f45995d9add,unique_window_cache_lookup,True,False
train:42__train:16,42,16,2021-03,2022-02,2022-03,2019-01,2019-12,2020-01,100.0,101.4,-1.4,1.439446,train,train:42,train:run:022,target,43,0a9cc18afa66e794ac776939eb37b784c029bbfb36db8c55425e4f45995d9add,train,train:16,train:run:009,target,17,0a9cc18afa66e794ac776939eb37b784c029bbfb36db8c55425e4f45995d9add,unique_window_cache_lookup,True,False
train:42__train:17,42,17,2021-03,2022-02,2022-03,2019-02,2020-01,2020-02,100.0,100.8,-0.8,1.099222,train,train:42,train:run:022,target,43,0a9cc18afa66e794ac776939eb37b784c029bbfb36db8c55425e4f45995d9add,train,train:17,train:run:009,reference,16,0a9cc18afa66e794ac776939eb37b784c029bbfb36db8c55425e4f45995d9add,unique_window_cache_lookup,True,False
train:42__train:18,42,18,2021-03,2022-02,2022-03,2019-03,2020-02,2020-03,100.0,98.8,1.2,0.636622,train,train:42,train:run:022,target,43,0a9cc18afa66e794ac776939eb37b784c029bbfb36db8c55425e4f45995d9add,train,train:18,train:run:010,target,19,0a9cc18afa66e794ac776939eb37b784c029bbfb36db8c55425e4f45995d9add,unique_window_cache_lookup,True,False
train:42__train:19,42,19,2021-03,2022-02,2022-03,2019-04,2020-03,2020-04,100.0,99.1,0.9,1.572933,train,train:42,train:run:022,target,43,0a9cc18afa66e794ac776939eb37b784c029bbfb36db8c55425e4f45995d9add,train,train:19,train:run:010,reference,18,0a9cc18afa66e794ac776939eb37b784c029bbfb36db8c55425e4f45995d9add,unique_window_cache_lookup,True,False
train:42__train:20,42,20,2021-03,2022-02,2022-03,2019-05,2020-04,2020-05,100.0,99.2,0.8,1.586971,train,train:42,train:run:022,target,43,0a9cc18afa66e794ac776939eb37b784c029bbfb36db8c55425e4f45995d9add,train,train:20,train:run:011,target,21,0a9cc18afa66e794ac776939eb37b784c029bbfb36db8c55425e4f45995d9add,unique_window_cache_lookup,True,False
train:42__train:21,42,21,2021-03,2022-02,2022-03,2019-06,2020-05,2020-06,100.0,99.9,0.1,1.33691,train,train:42,train:run:022,target,43,0a9cc18afa66e794ac776939eb37b784c029bbfb36db8c55425e4f45995d9add,train,train:21,train:run:011,reference,20,0a9cc18afa66e794ac776939eb37b784c029bbfb36db8c55425e4f45995d9add,unique_window_cache_lookup,True,False
train:42__train:22,42,22,2021-03,2022-02,2022-03,2019-07,2020-06,2020-07,100.0,100.6,-0.6,1.598472,train,train:42,train:run:022,target,43,0a9cc18afa66e794ac776939eb37b784c029bbfb36db8c55425e4f45995d9add,train,train:22,train:run:012,target,23,0a9cc18afa66e794ac776939eb37b784c029bbfb36db8c55425e4f45995d9add,unique_window_cache_lookup,True,False
train:42__train:23,42,23,2021-03,2022-02,2022-03,2019-08,2020-07,2020-08,100.0,100.4,-0.4,1.697066,train,train:42,train:run:022,target,43,0a9cc18afa66e794ac776939eb37b784c029bbfb36db8c55425e4f45995d9add,train,train:23,train:run:012,reference,22,0a9cc18afa66e794ac776939eb37b784c029bbfb36db8c55425e4f45995d9add,unique_window_cache_lookup,True,False
train:42__train:24,42,24,2021-03,2022-02,2022-03,2019-09,2020-08,2020-09,100.0,100.2,-0.2,1.57784,train,train:42,train:run:022,target,43,0a9cc18afa66e794ac776939eb37b784c029bbfb36db8c55425e4f45995d9add,train,train:24,train:run:013,target,25,0a9cc18afa66e794ac776939eb37b784c029bbfb36db8c55425e4f45995d9add,unique_window_cache_lookup,True,False
train:42__train:25,42,25,2021-03,2022-02,2022-03,2019-10,2020-09,2020-10,100.0,99.7,0.3,1.707902,train,train:42,train:run:022,target,43,0a9cc18afa66e794ac776939eb37b784c029bbfb36db8c55425e4f45995d9add,train,train:25,train:run:013,reference,24,0a9cc18afa66e794ac776939eb37b784c029bbfb36db8c55425e4f45995d9add,unique_window_cache_lookup,True,False
train:42__train:26,42,26,2021-03,2022-02,2022-03,2019-11,2020-10,2020-11,100.0,99.4,0.6,1.668079,train,train:42,train:run:022,target,43,0a9cc18afa66e794ac776939eb37b784c029bbfb36db8c55425e4f45995d9add,train,train:26,train:run:014,target,27,0a9cc18afa66e794ac776939eb37b784c029bbfb36db8c55425e4f45995d9add,unique_window_cache_lookup,True,False
train:42__train:27,42,27,2021-03,2022-02,2022-03,2019-12,2020-11,2020-12,100.0,100.7,-0.7,1.489167,train,train:42,train:run:022,target,43,0a9cc18afa66e794ac776939eb37b784c029bbfb36db8c55425e4f45995d9add,train,train:27,train:run:014,reference,26,0a9cc18afa66e794ac776939eb37b784c029bbfb36db8c55425e4f45995d9add,unique_window_cache_lookup,True,False
train:42__train:28,42,28,2021-03,2022-02,2022-03,2020-01,2020-12,2021-01,100.0,101.0,-1.0,1.408958,train,train:42,train:run:022,target,43,0a9cc18afa66e794ac776939eb37b784c029bbfb36db8c55425e4f45995d9add,train,train:28,train:run:015,target,29,0a9cc18afa66e794ac776939eb37b784c029bbfb36db8c55425e4f45995d9add,unique_window_cache_lookup,True,False
train:42__train:29,42,29,2021-03,2022-02,2022-03,2020-02,2021-01,2021-02,100.0,100.6,-0.6,1.025456,train,train:42,train:run:022,target,43,0a9cc18afa66e794ac776939eb37b784c029bbfb36db8c55425e4f45995d9add,train,train:29,train:run:015,reference,28,0a9cc18afa66e794ac776939eb37b784c029bbfb36db8c55425e4f45995d9add,unique_window_cache_lookup,True,False
train:42__train:30,42,30,2021-03,2022-02,2022-03,2020-03,2021-02,2021-03,100.0,99.5,0.5,1.063131,train,train:42,train:run:022,target,43,0a9cc18afa66e794ac776939eb37b784c029bbfb36db8c55425e4f45995d9add,train,train:30,train:run:016,target,31,0a9cc18afa66e794ac776939eb37b784c029bbfb36db8c55425e4f45995d9add,unique_window_cache_lookup,True,False
train:43__train:0,43,0,2021-04,2022-03,2022-04,2017-09,2018-08,2018-09,100.4,100.7,-0.3,1.662377,train,train:43,train:run:022,reference,42,0a9cc18afa66e794ac776939eb37b784c029bbfb36db8c55425e4f45995d9add,train,train:0,train:run:001,target,1,0a9cc18afa66e794ac776939eb37b784c029bbfb36db8c55425e4f45995d9add,unique_window_cache_lookup,True,False
train:43__train:1,43,1,2021-04,2022-03,2022-04,2017-10,2018-09,2018-10,100.4,100.2,0.2,1.3384,train,train:43,train:run:022,reference,42,0a9cc18afa66e794ac776939eb37b784c029bbfb36db8c55425e4f45995d9add,train,train:1,train:run:001,reference,0,0a9cc18afa66e794ac776939eb37b784c029bbfb36db8c55425e4f45995d9add,unique_window_cache_lookup,True,False
train:43__train:2,43,2,2021-04,2022-03,2022-04,2017-11,2018-10,2018-11,100.4,99.7,0.7,1.378421,train,train:43,train:run:022,reference,42,0a9cc18afa66e794ac776939eb37b784c029bbfb36db8c55425e4f45995d9add,train,train:2,train:run:002,target,3,0a9cc18afa66e794ac776939eb37b784c029bbfb36db8c55425e4f45995d9add,unique_window_cache_lookup,True,False
train:43__train:3,43,3,2021-04,2022-03,2022-04,2017-12,2018-11,2018-12,100.4,100.0,0.4,1.683465,train,train:43,train:run:022,reference,42,0a9cc18afa66e794ac776939eb37b784c029bbfb36db8c55425e4f45995d9add,train,train:3,train:run:002,reference,2,0a9cc18afa66e794ac776939eb37b784c029bbfb36db8c55425e4f45995d9add,unique_window_cache_lookup,True,False
train:43__train:4,43,4,2021-04,2022-03,2022-04,2018-01,2018-12,2019-01,100.4,100.5,-0.1,1.435557,train,train:43,train:run:022,reference,42,0a9cc18afa66e794ac776939eb37b784c029bbfb36db8c55425e4f45995d9add,train,train:4,train:run:003,target,5,0a9cc18afa66e794ac776939eb37b784c029bbfb36db8c55425e4f45995d9add,unique_window_cache_lookup,True,False
train:43__train:5,43,5,2021-04,2022-03,2022-04,2018-02,2019-01,2019-02,100.4,101.0,-0.6,1.331926,train,train:43,train:run:022,reference,42,0a9cc18afa66e794ac776939eb37b784c029bbfb36db8c55425e4f45995d9add,train,train:5,train:run:003,reference,4,0a9cc18afa66e794ac776939eb37b784c029bbfb36db8c55425e4f45995d9add,unique_window_cache_lookup,True,False
train:43__train:6,43,6,2021-04,2022-03,2022-04,2018-03,2019-02,2019-03,100.4,99.6,0.8,0.961233,train,train:43,train:run:022,reference,42,0a9cc18afa66e794ac776939eb37b784c029bbfb36db8c55425e4f45995d9add,train,train:6,train:run:004,target,7,0a9cc18afa66e794ac776939eb37b784c029bbfb36db8c55425e4f45995d9add,unique_window_cache_lookup,True,False
train:43__train:7,43,7,2021-04,2022-03,2022-04,2018-04,2019-03,2019-04,100.4,100.1,0.3,1.026087,train,train:43,train:run:022,reference,42,0a9cc18afa66e794ac776939eb37b784c029bbfb36db8c55425e4f45995d9add,train,train:7,train:run:004,reference,6,0a9cc18afa66e794ac776939eb37b784c029bbfb36db8c55425e4f45995d9add,unique_window_cache_lookup,True,False
train:43__train:8,43,8,2021-04,2022-03,2022-04,2018-05,2019-04,2019-05,100.4,100.0,0.4,1.502114,train,train:43,train:run:022,reference,42,0a9cc18afa66e794ac776939eb37b784c029bbfb36db8c55425e4f45995d9add,train,train:8,train:run:005,target,9,0a9cc18afa66e794ac776939eb37b784c029bbfb36db8c55425e4f45995d9add,unique_window_cache_lookup,True,False
train:43__train:9,43,9,2021-04,2022-03,2022-04,2018-06,2019-05,2019-06,100.4,99.9,0.5,1.629533,train,train:43,train:run:022,reference,42,0a9cc18afa66e794ac776939eb37b784c029bbfb36db8c55425e4f45995d9add,train,train:9,train:run:005,reference,8,0a9cc18afa66e794ac776939eb37b784c029bbfb36db8c55425e4f45995d9add,unique_window_cache_lookup,True,False
train:43__train:10,43,10,2021-04,2022-03,2022-04,2018-07,2019-06,2019-07,100.4,100.4,0.0,1.357422,train,train:43,train:run:022,reference,42,0a9cc18afa66e794ac776939eb37b784c029bbfb36db8c55425e4f45995d9add,train,train:10,train:run:006,target,11,0a9cc18afa66e794ac776939eb37b784c029bbfb36db8c55425e4f45995d9add,unique_window_cache_lookup,True,False
train:43__train:11,43,11,2021-04,2022-03,2022-04,2018-08,2019-07,2019-08,100.4,100.7,-0.3,1.557193,train,train:43,train:run:022,reference,42,0a9cc18afa66e794ac776939eb37b784c029bbfb36db8c55425e4f45995d9add,train,train:11,train:run:006,reference,10,0a9cc18afa66e794ac776939eb37b784c029bbfb36db8c55425e4f45995d9add,unique_window_cache_lookup,True,False
train:43__train:12,43,12,2021-04,2022-03,2022-04,2018-09,2019-08,2019-09,100.4,100.9,-0.5,1.575357,train,train:43,train:run:022,reference,42,0a9cc18afa66e794ac776939eb37b784c029bbfb36db8c55425e4f45995d9add,train,train:12,train:run:007,target,13,0a9cc18afa66e794ac776939eb37b784c029bbfb36db8c55425e4f45995d9add,unique_window_cache_lookup,True,False
train:43__train:13,43,13,2021-04,2022-03,2022-04,2018-10,2019-09,2019-10,100.4,100.9,-0.5,1.160285,train,train:43,train:run:022,reference,42,0a9cc18afa66e794ac776939eb37b784c029bbfb36db8c55425e4f45995d9add,train,train:13,train:run:007,reference,12,0a9cc18afa66e794ac776939eb37b784c029bbfb36db8c55425e4f45995d9add,unique_window_cache_lookup,True,False
train:43__train:14,43,14,2021-04,2022-03,2022-04,2018-11,2019-10,2019-11,100.4,100.4,0.0,1.261243,train,train:43,train:run:022,reference,42,0a9cc18afa66e794ac776939eb37b784c029bbfb36db8c55425e4f45995d9add,train,train:14,train:run:008,target,15,0a9cc18afa66e794ac776939eb37b784c029bbfb36db8c55425e4f45995d9add,unique_window_cache_lookup,True,False
train:43__train:15,43,15,2021-04,2022-03,2022-04,2018-12,2019-11,2019-12,100.4,100.0,0.4,1.527445,train,train:43,train:run:022,reference,42,0a9cc18afa66e794ac776939eb37b784c029bbfb36db8c55425e4f45995d9add,train,train:15,train:run:008,reference,14,0a9cc18afa66e794ac776939eb37b784c029bbfb36db8c55425e4f45995d9add,unique_window_cache_lookup,True,False
train:43__train:16,43,16,2021-04,2022-03,2022-04,2019-01,2019-12,2020-01,100.4,101.4,-1.0,1.313332,train,train:43,train:run:022,reference,42,0a9cc18afa66e794ac776939eb37b784c029bbfb36db8c55425e4f45995d9add,train,train:16,train:run:009,target,17,0a9cc18afa66e794ac776939eb37b784c029bbfb36db8c55425e4f45995d9add,unique_window_cache_lookup,True,False
train:43__train:17,43,17,2021-04,2022-03,2022-04,2019-02,2020-01,2020-02,100.4,100.8,-0.4,1.447195,train,train:43,train:run:022,reference,42,0a9cc18afa66e794ac776939eb37b784c029bbfb36db8c55425e4f45995d9add,train,train:17,train:run:009,reference,16,0a9cc18afa66e794ac776939eb37b784c029bbfb36db8c55425e4f45995d9add,unique_window_cache_lookup,True,False
train:43__train:18,43,18,2021-04,2022-03,2022-04,2019-03,2020-02,2020-03,100.4,98.8,1.6,0.903866,train,train:43,train:run:022,reference,42,0a9cc18afa66e794ac776939eb37b784c029bbfb36db8c55425e4f45995d9add,train,train:18,train:run:010,target,19,0a9cc18afa66e794ac776939eb37b784c029bbfb36db8c55425e4f45995d9add,unique_window_cache_lookup,True,False
train:43__train:19,43,19,2021-04,2022-03,2022-04,2019-04,2020-03,2020-04,100.4,99.1,1.3,0.924843,train,train:43,train:run:022,reference,42,0a9cc18afa66e794ac776939eb37b784c029bbfb36db8c55425e4f45995d9add,train,train:19,train:run:010,reference,18,0a9cc18afa66e794ac776939eb37b784c029bbfb36db8c55425e4f45995d9add,unique_window_cache_lookup,True,False
train:43__train:20,43,20,2021-04,2022-03,2022-04,2019-05,2020-04,2020-05,100.4,99.2,1.2,1.573295,train,train:43,train:run:022,reference,42,0a9cc18afa66e794ac776939eb37b784c029bbfb36db8c55425e4f45995d9add,train,train:20,train:run:011,target,21,0a9cc18afa66e794ac776939eb37b784c029bbfb36db8c55425e4f45995d9add,unique_window_cache_lookup,True,False
train:43__train:21,43,21,2021-04,2022-03,2022-04,2019-06,2020-05,2020-06,100.4,99.9,0.5,1.600849,train,train:43,train:run:022,reference,42,0a9cc18afa66e794ac776939eb37b784c029bbfb36db8c55425e4f45995d9add,train,train:21,train:run:011,reference,20,0a9cc18afa66e794ac776939eb37b784c029bbfb36db8c55425e4f45995d9add,unique_window_cache_lookup,True,False
train:43__train:22,43,22,2021-04,2022-03,2022-04,2019-07,2020-06,2020-07,100.4,100.6,-0.2,1.362701,train,train:43,train:run:022,reference,42,0a9cc18afa66e794ac776939eb37b784c029bbfb36db8c55425e4f45995d9add,train,train:22,train:run:012,target,23,0a9cc18afa66e794ac776939eb37b784c029bbfb36db8c55425e4f45995d9add,unique_window_cache_lookup,True,False
train:43__train:23,43,23,2021-04,2022-03,2022-04,2019-08,2020-07,2020-08,100.4,100.4,0.0,1.601682,train,train:43,train:run:022,reference,42,0a9cc18afa66e794ac776939eb37b784c029bbfb36db8c55425e4f45995d9add,train,train:23,train:run:012,reference,22,0a9cc18afa66e794ac776939eb37b784c029bbfb36db8c55425e4f45995d9add,unique_window_cache_lookup,True,False
train:43__train:24,43,24,2021-04,2022-03,2022-04,2019-09,2020-08,2020-09,100.4,100.2,0.2,1.680589,train,train:43,train:run:022,reference,42,0a9cc18afa66e794ac776939eb37b784c029bbfb36db8c55425e4f45995d9add,train,train:24,train:run:013,target,25,0a9cc18afa66e794ac776939eb37b784c029bbfb36db8c55425e4f45995d9add,unique_window_cache_lookup,True,False
train:43__train:25,43,25,2021-04,2022-03,2022-04,2019-10,2020-09,2020-10,100.4,99.7,0.7,1.515344,train,train:43,train:run:022,reference,42,0a9cc18afa66e794ac776939eb37b784c029bbfb36db8c55425e4f45995d9add,train,train:25,train:run:013,reference,24,0a9cc18afa66e794ac776939eb37b784c029bbfb36db8c55425e4f45995d9add,unique_window_cache_lookup,True,False
train:43__train:26,43,26,2021-04,2022-03,2022-04,2019-11,2020-10,2020-11,100.4,99.4,1.0,1.650241,train,train:43,train:run:022,reference,42,0a9cc18afa66e794ac776939eb37b784c029bbfb36db8c55425e4f45995d9add,train,train:26,train:run:014,target,27,0a9cc18afa66e794ac776939eb37b784c029bbfb36db8c55425e4f45995d9add,unique_window_cache_lookup,True,False
train:43__train:27,43,27,2021-04,2022-03,2022-04,2019-12,2020-11,2020-12,100.4,100.7,-0.3,1.63352,train,train:43,train:run:022,reference,42,0a9cc18afa66e794ac776939eb37b784c029bbfb36db8c55425e4f45995d9add,train,train:27,train:run:014,reference,26,0a9cc18afa66e794ac776939eb37b784c029bbfb36db8c55425e4f45995d9add,unique_window_cache_lookup,True,False
train:43__train:28,43,28,2021-04,2022-03,2022-04,2020-01,2020-12,2021-01,100.4,101.0,-0.6,1.505219,train,train:43,train:run:022,reference,42,0a9cc18afa66e794ac776939eb37b784c029bbfb36db8c55425e4f45995d9add,train,train:28,train:run:015,target,29,0a9cc18afa66e794ac776939eb37b784c029bbfb36db8c55425e4f45995d9add,unique_window_cache_lookup,True,False
train:43__train:29,43,29,2021-04,2022-03,2022-04,2020-02,2021-01,2021-02,100.4,100.6,-0.2,1.222827,train,train:43,train:run:022,reference,42,0a9cc18afa66e794ac776939eb37b784c029bbfb36db8c55425e4f45995d9add,train,train:29,train:run:015,reference,28,0a9cc18afa66e794ac776939eb37b784c029bbfb36db8c55425e4f45995d9add,unique_window_cache_lookup,True,False
train:43__train:30,43,30,2021-04,2022-03,2022-04,2020-03,2021-02,2021-03,100.4,99.5,0.9,0.795414,train,train:43,train:run:022,reference,42,0a9cc18afa66e794ac776939eb37b784c029bbfb36db8c55425e4f45995d9add,train,train:30,train:run:016,target,31,0a9cc18afa66e794ac776939eb37b784c029bbfb36db8c55425e4f45995d9add,unique_window_cache_lookup,True,False
train:43__train:31,43,31,2021-04,2022-03,2022-04,2020-04,2021-03,2021-04,100.4,99.7,0.7,1.192747,train,train:43,train:run:022,reference,42,0a9cc18afa66e794ac776939eb37b784c029bbfb36db8c55425e4f45995d9add,train,train:31,train:run:016,reference,30,0a9cc18afa66e794ac776939eb37b784c029bbfb36db8c55425e4f45995d9add,unique_window_cache_lookup,True,False
train:44__train:0,44,0,2021-05,2022-04,2022-05,2017-09,2018-08,2018-09,99.8,100.7,-0.9,1.369582,train,train:44,train:run:023,target,44,0a9cc18afa66e794ac776939eb37b784c029bbfb36db8c55425e4f45995d9add,train,train:0,train:run:001,target,1,0a9cc18afa66e794ac776939eb37b784c029bbfb36db8c55425e4f45995d9add,unique_window_cache_lookup,True,False
train:44__train:1,44,1,2021-05,2022-04,2022-05,2017-10,2018-09,2018-10,99.8,100.2,-0.4,1.594057,train,train:44,train:run:023,target,44,0a9cc18afa66e794ac776939eb37b784c029bbfb36db8c55425e4f45995d9add,train,train:1,train:run:001,reference,0,0a9cc18afa66e794ac776939eb37b784c029bbfb36db8c55425e4f45995d9add,unique_window_cache_lookup,True,False
train:44__train:2,44,2,2021-05,2022-04,2022-05,2017-11,2018-10,2018-11,99.8,99.7,0.1,1.348152,train,train:44,train:run:023,target,44,0a9cc18afa66e794ac776939eb37b784c029bbfb36db8c55425e4f45995d9add,train,train:2,train:run:002,target,3,0a9cc18afa66e794ac776939eb37b784c029bbfb36db8c55425e4f45995d9add,unique_window_cache_lookup,True,False
train:44__train:3,44,3,2021-05,2022-04,2022-05,2017-12,2018-11,2018-12,99.8,100.0,-0.2,1.440908,train,train:44,train:run:023,target,44,0a9cc18afa66e794ac776939eb37b784c029bbfb36db8c55425e4f45995d9add,train,train:3,train:run:002,reference,2,0a9cc18afa66e794ac776939eb37b784c029bbfb36db8c55425e4f45995d9add,unique_window_cache_lookup,True,False
train:44__train:4,44,4,2021-05,2022-04,2022-05,2018-01,2018-12,2019-01,99.8,100.5,-0.7,1.689527,train,train:44,train:run:023,target,44,0a9cc18afa66e794ac776939eb37b784c029bbfb36db8c55425e4f45995d9add,train,train:4,train:run:003,target,5,0a9cc18afa66e794ac776939eb37b784c029bbfb36db8c55425e4f45995d9add,unique_window_cache_lookup,True,False
train:44__train:5,44,5,2021-05,2022-04,2022-05,2018-02,2019-01,2019-02,99.8,101.0,-1.2,1.347154,train,train:44,train:run:023,target,44,0a9cc18afa66e794ac776939eb37b784c029bbfb36db8c55425e4f45995d9add,train,train:5,train:run:003,reference,4,0a9cc18afa66e794ac776939eb37b784c029bbfb36db8c55425e4f45995d9add,unique_window_cache_lookup,True,False
train:44__train:6,44,6,2021-05,2022-04,2022-05,2018-03,2019-02,2019-03,99.8,99.6,0.2,1.061674,train,train:44,train:run:023,target,44,0a9cc18afa66e794ac776939eb37b784c029bbfb36db8c55425e4f45995d9add,train,train:6,train:run:004,target,7,0a9cc18afa66e794ac776939eb37b784c029bbfb36db8c55425e4f45995d9add,unique_window_cache_lookup,True,False
train:44__train:7,44,7,2021-05,2022-04,2022-05,2018-04,2019-03,2019-04,99.8,100.1,-0.3,1.174679,train,train:44,train:run:023,target,44,0a9cc18afa66e794ac776939eb37b784c029bbfb36db8c55425e4f45995d9add,train,train:7,train:run:004,reference,6,0a9cc18afa66e794ac776939eb37b784c029bbfb36db8c55425e4f45995d9add,unique_window_cache_lookup,True,False
train:44__train:8,44,8,2021-05,2022-04,2022-05,2018-05,2019-04,2019-05,99.8,100.0,-0.2,1.099243,train,train:44,train:run:023,target,44,0a9cc18afa66e794ac776939eb37b784c029bbfb36db8c55425e4f45995d9add,train,train:8,train:run:005,target,9,0a9cc18afa66e794ac776939eb37b784c029bbfb36db8c55425e4f45995d9add,unique_window_cache_lookup,True,False
train:44__train:9,44,9,2021-05,2022-04,2022-05,2018-06,2019-05,2019-06,99.8,99.9,-0.1,1.600407,train,train:44,train:run:023,target,44,0a9cc18afa66e794ac776939eb37b784c029bbfb36db8c55425e4f45995d9add,train,train:9,train:run:005,reference,8,0a9cc18afa66e794ac776939eb37b784c029bbfb36db8c55425e4f45995d9add,unique_window_cache_lookup,True,False
train:44__train:10,44,10,2021-05,2022-04,2022-05,2018-07,2019-06,2019-07,99.8,100.4,-0.6,1.719131,train,train:44,train:run:023,target,44,0a9cc18afa66e794ac776939eb37b784c029bbfb36db8c55425e4f45995d9add,train,train:10,train:run:006,target,11,0a9cc18afa66e794ac776939eb37b784c029bbfb36db8c55425e4f45995d9add,unique_window_cache_lookup,True,False
train:44__train:11,44,11,2021-05,2022-04,2022-05,2018-08,2019-07,2019-08,99.8,100.7,-0.9,1.32164,train,train:44,train:run:023,target,44,0a9cc18afa66e794ac776939eb37b784c029bbfb36db8c55425e4f45995d9add,train,train:11,train:run:006,reference,10,0a9cc18afa66e794ac776939eb37b784c029bbfb36db8c55425e4f45995d9add,unique_window_cache_lookup,True,False
train:44__train:12,44,12,2021-05,2022-04,2022-05,2018-09,2019-08,2019-09,99.8,100.9,-1.1,1.433667,train,train:44,train:run:023,target,44,0a9cc18afa66e794ac776939eb37b784c029bbfb36db8c55425e4f45995d9add,train,train:12,train:run:007,target,13,0a9cc18afa66e794ac776939eb37b784c029bbfb36db8c55425e4f45995d9add,unique_window_cache_lookup,True,False
train:44__train:13,44,13,2021-05,2022-04,2022-05,2018-10,2019-09,2019-10,99.8,100.9,-1.1,1.434003,train,train:44,train:run:023,target,44,0a9cc18afa66e794ac776939eb37b784c029bbfb36db8c55425e4f45995d9add,train,train:13,train:run:007,reference,12,0a9cc18afa66e794ac776939eb37b784c029bbfb36db8c55425e4f45995d9add,unique_window_cache_lookup,True,False
train:44__train:14,44,14,2021-05,2022-04,2022-05,2018-11,2019-10,2019-11,99.8,100.4,-0.6,1.111203,train,train:44,train:run:023,target,44,0a9cc18afa66e794ac776939eb37b784c029bbfb36db8c55425e4f45995d9add,train,train:14,train:run:008,target,15,0a9cc18afa66e794ac776939eb37b784c029bbfb36db8c55425e4f45995d9add,unique_window_cache_lookup,True,False
train:44__train:15,44,15,2021-05,2022-04,2022-05,2018-12,2019-11,2019-12,99.8,100.0,-0.2,1.354182,train,train:44,train:run:023,target,44,0a9cc18afa66e794ac776939eb37b784c029bbfb36db8c55425e4f45995d9add,train,train:15,train:run:008,reference,14,0a9cc18afa66e794ac776939eb37b784c029bbfb36db8c55425e4f45995d9add,unique_window_cache_lookup,True,False
train:44__train:16,44,16,2021-05,2022-04,2022-05,2019-01,2019-12,2020-01,99.8,101.4,-1.6,1.624291,train,train:44,train:run:023,target,44,0a9cc18afa66e794ac776939eb37b784c029bbfb36db8c55425e4f45995d9add,train,train:16,train:run:009,target,17,0a9cc18afa66e794ac776939eb37b784c029bbfb36db8c55425e4f45995d9add,unique_window_cache_lookup,True,False
train:44__train:17,44,17,2021-05,2022-04,2022-05,2019-02,2020-01,2020-02,99.8,100.8,-1.0,1.21403,train,train:44,train:run:023,target,44,0a9cc18afa66e794ac776939eb37b784c029bbfb36db8c55425e4f45995d9add,train,train:17,train:run:009,reference,16,0a9cc18afa66e794ac776939eb37b784c029bbfb36db8c55425e4f45995d9add,unique_window_cache_lookup,True,False
train:44__train:18,44,18,2021-05,2022-04,2022-05,2019-03,2020-02,2020-03,99.8,98.8,1.0,1.329026,train,train:44,train:run:023,target,44,0a9cc18afa66e794ac776939eb37b784c029bbfb36db8c55425e4f45995d9add,train,train:18,train:run:010,target,19,0a9cc18afa66e794ac776939eb37b784c029bbfb36db8c55425e4f45995d9add,unique_window_cache_lookup,True,False
train:44__train:19,44,19,2021-05,2022-04,2022-05,2019-04,2020-03,2020-04,99.8,99.1,0.7,1.271115,train,train:44,train:run:023,target,44,0a9cc18afa66e794ac776939eb37b784c029bbfb36db8c55425e4f45995d9add,train,train:19,train:run:010,reference,18,0a9cc18afa66e794ac776939eb37b784c029bbfb36db8c55425e4f45995d9add,unique_window_cache_lookup,True,False
train:44__train:20,44,20,2021-05,2022-04,2022-05,2019-05,2020-04,2020-05,99.8,99.2,0.6,1.107647,train,train:44,train:run:023,target,44,0a9cc18afa66e794ac776939eb37b784c029bbfb36db8c55425e4f45995d9add,train,train:20,train:run:011,target,21,0a9cc18afa66e794ac776939eb37b784c029bbfb36db8c55425e4f45995d9add,unique_window_cache_lookup,True,False
train:44__train:21,44,21,2021-05,2022-04,2022-05,2019-06,2020-05,2020-06,99.8,99.9,-0.1,1.642181,train,train:44,train:run:023,target,44,0a9cc18afa66e794ac776939eb37b784c029bbfb36db8c55425e4f45995d9add,train,train:21,train:run:011,reference,20,0a9cc18afa66e794ac776939eb37b784c029bbfb36db8c55425e4f45995d9add,unique_window_cache_lookup,True,False
train:44__train:22,44,22,2021-05,2022-04,2022-05,2019-07,2020-06,2020-07,99.8,100.6,-0.8,1.649763,train,train:44,train:run:023,target,44,0a9cc18afa66e794ac776939eb37b784c029bbfb36db8c55425e4f45995d9add,train,train:22,train:run:012,target,23,0a9cc18afa66e794ac776939eb37b784c029bbfb36db8c55425e4f45995d9add,unique_window_cache_lookup,True,False
train:44__train:23,44,23,2021-05,2022-04,2022-05,2019-08,2020-07,2020-08,99.8,100.4,-0.6,1.319059,train,train:44,train:run:023,target,44,0a9cc18afa66e794ac776939eb37b784c029bbfb36db8c55425e4f45995d9add,train,train:23,train:run:012,reference,22,0a9cc18afa66e794ac776939eb37b784c029bbfb36db8c55425e4f45995d9add,unique_window_cache_lookup,True,False
train:44__train:24,44,24,2021-05,2022-04,2022-05,2019-09,2020-08,2020-09,99.8,100.2,-0.4,1.559856,train,train:44,train:run:023,target,44,0a9cc18afa66e794ac776939eb37b784c029bbfb36db8c55425e4f45995d9add,train,train:24,train:run:013,target,25,0a9cc18afa66e794ac776939eb37b784c029bbfb36db8c55425e4f45995d9add,unique_window_cache_lookup,True,False
train:44__train:25,44,25,2021-05,2022-04,2022-05,2019-10,2020-09,2020-10,99.8,99.7,0.1,1.637094,train,train:44,train:run:023,target,44,0a9cc18afa66e794ac776939eb37b784c029bbfb36db8c55425e4f45995d9add,train,train:25,train:run:013,reference,24,0a9cc18afa66e794ac776939eb37b784c029bbfb36db8c55425e4f45995d9add,unique_window_cache_lookup,True,False
train:44__train:26,44,26,2021-05,2022-04,2022-05,2019-11,2020-10,2020-11,99.8,99.4,0.4,1.466715,train,train:44,train:run:023,target,44,0a9cc18afa66e794ac776939eb37b784c029bbfb36db8c55425e4f45995d9add,train,train:26,train:run:014,target,27,0a9cc18afa66e794ac776939eb37b784c029bbfb36db8c55425e4f45995d9add,unique_window_cache_lookup,True,False
train:44__train:27,44,27,2021-05,2022-04,2022-05,2019-12,2020-11,2020-12,99.8,100.7,-0.9,1.652628,train,train:44,train:run:023,target,44,0a9cc18afa66e794ac776939eb37b784c029bbfb36db8c55425e4f45995d9add,train,train:27,train:run:014,reference,26,0a9cc18afa66e794ac776939eb37b784c029bbfb36db8c55425e4f45995d9add,unique_window_cache_lookup,True,False
train:44__train:28,44,28,2021-05,2022-04,2022-05,2020-01,2020-12,2021-01,99.8,101.0,-1.2,1.596221,train,train:44,train:run:023,target,44,0a9cc18afa66e794ac776939eb37b784c029bbfb36db8c55425e4f45995d9add,train,train:28,train:run:015,target,29,0a9cc18afa66e794ac776939eb37b784c029bbfb36db8c55425e4f45995d9add,unique_window_cache_lookup,True,False
train:44__train:29,44,29,2021-05,2022-04,2022-05,2020-02,2021-01,2021-02,99.8,100.6,-0.8,1.30136,train,train:44,train:run:023,target,44,0a9cc18afa66e794ac776939eb37b784c029bbfb36db8c55425e4f45995d9add,train,train:29,train:run:015,reference,28,0a9cc18afa66e794ac776939eb37b784c029bbfb36db8c55425e4f45995d9add,unique_window_cache_lookup,True,False
train:44__train:30,44,30,2021-05,2022-04,2022-05,2020-03,2021-02,2021-03,99.8,99.5,0.3,1.043266,train,train:44,train:run:023,target,44,0a9cc18afa66e794ac776939eb37b784c029bbfb36db8c55425e4f45995d9add,train,train:30,train:run:016,target,31,0a9cc18afa66e794ac776939eb37b784c029bbfb36db8c55425e4f45995d9add,unique_window_cache_lookup,True,False
train:44__train:31,44,31,2021-05,2022-04,2022-05,2020-04,2021-03,2021-04,99.8,99.7,0.1,0.958443,train,train:44,train:run:023,target,44,0a9cc18afa66e794ac776939eb37b784c029bbfb36db8c55425e4f45995d9add,train,train:31,train:run:016,reference,30,0a9cc18afa66e794ac776939eb37b784c029bbfb36db8c55425e4f45995d9add,unique_window_cache_lookup,True,False
train:44__train:32,44,32,2021-05,2022-04,2022-05,2020-05,2021-04,2021-05,99.8,99.8,0.0,1.334796,train,train:44,train:run:023,target,44,0a9cc18afa66e794ac776939eb37b784c029bbfb36db8c55425e4f45995d9add,train,train:32,train:run:017,target,33,0a9cc18afa66e794ac776939eb37b784c029bbfb36db8c55425e4f45995d9add,unique_window_cache_lookup,True,False
