{
  "model": "linear_regression",
  "mae": 0.601127815355711,
  "rmse": 0.8292176133120391
}
