{
  "model": "ridge",
  "alpha": 0.01,
  "mae": 0.6011222308819425,
  "rmse": 0.8292676550145595
}
