{
  "model": "svr_rbf",
  "C": 1.0,
  "epsilon": 0.1,
  "mae": 1.0464909291566187,
  "rmse": 1.3971036755362878
}
