{
  "mean": 102.1547511312217,
  "std": 2.059341931651468
}