{
  "mean": 102.13333333333334,
  "std": 2.2514069675057287
}