{
  "mean": 102.18555555555557,
  "std": 2.300106814481598
}