{
  "mean": 102.11777777777777,
  "std": 1.8505361251856944
}