{
  "scaler_type": "standard",
  "X_mean": 102.18095238095236,
  "X_std": 2.064713713366223,
  "y_mean": 102.21290322580647,
  "y_std": 2.0462541600223934
}