{
  "mean": 102.20666666666665,
  "std": 1.6269227940433373
}