{
  "mean": 102.20722222222223,
  "std": 1.7948748193910224
}