{
  "mean": 102.1511111111111,
  "std": 2.1677942934617747
}