{
  "mean": 102.04888888888888,
  "std": 2.2532369034812723
}