{
  "mean": 102.17833333333334,
  "std": 1.9738041386565643
}