{
  "mean": 102.16833333333334,
  "std": 2.0364818519528565
}