{
  "scaler_type": "standard",
  "X_mean": 102.27011846405229,
  "X_std": 2.0899939766821287,
  "y_mean": 102.37058823529411,
  "y_std": 2.031241928384283
}