{
  "mean": 102.20222222222223,
  "std": 2.221047189341989
}