{
  "scaler_type": "standard",
  "X_mean": 102.21273584905661,
  "X_std": 2.0731849072825197,
  "y_mean": 102.26415094339623,
  "y_std": 2.0467836563024093
}