sample_i_id,sample_j_id,x_i_start_date,x_i_end_date,target_i_date,x_j_start_date,x_j_end_date,target_j_date,cpi_i,cpi_j,delta_cpi,window_distance,shape_distance,level_distance,shape_distance_normalized,level_distance_normalized,hybrid_distance
174,162,2014-07,2015-06,2015-07,2013-07,2014-06,2014-07,101.6,102.3,-0.7,1.254134,1.254134,3.079758133485673,0.8471033713678583,2.543700966280351,1.6954021688241048
175,162,2014-08,2015-07,2015-08,2013-07,2014-06,2014-07,102.0,102.3,-0.3,1.194128,1.194128,3.0734360822820515,0.8065723875158141,2.538479319950181,1.6725258537329977
175,163,2014-08,2015-07,2015-08,2013-08,2014-07,2014-08,102.0,102.0,0.0,1.300708,1.300708,2.9936996007131564,0.8785617262311237,2.472621627097842,1.6755916766644827
176,162,2014-09,2015-08,2015-09,2013-07,2014-06,2014-07,101.6,102.3,-0.7,1.594687,1.594687,2.889868953506733,1.0771295044839673,2.3868635557880116,1.7319965301359894
176,163,2014-09,2015-08,2015-09,2013-08,2014-07,2014-08,101.6,102.0,-0.4,1.329993,1.329993,2.804918985617761,0.898342245880944,2.3166998266772145,1.6075210362790793
176,164,2014-09,2015-08,2015-09,2013-09,2014-08,2014-09,101.6,101.6,0.0,1.479653,1.479653,2.631258698203577,0.9994299211683645,2.173266536868829,1.5863482290185966
177,162,2014-10,2015-09,2015-10,2013-07,2014-06,2014-07,101.3,102.3,-1.0,1.633141,1.633141,3.0734360822820856,1.1031032146637245,2.5384793199502096,1.820791267306967
177,163,2014-10,2015-09,2015-10,2013-08,2014-07,2014-08,101.3,102.0,-0.7,1.622259,1.622259,2.99369960071319,1.0957529802492,2.4726216270978694,1.7841873036735347
177,164,2014-10,2015-09,2015-10,2013-09,2014-08,2014-09,101.3,101.6,-0.3,1.382967,1.382967,2.7131879865288804,0.934123473401162,2.2409353604734488,1.5875294169373053
177,165,2014-10,2015-09,2015-10,2013-10,2014-09,2014-10,101.3,101.6,-0.3,1.580749,1.580749,2.307743284490055,1.0677150983757482,1.9060616347948194,1.486888366585284
178,162,2014-11,2015-10,2015-11,2013-07,2014-06,2014-07,101.5,102.3,-0.8,1.795332,1.795332,3.3487769430507774,1.212654939523687,2.765894845208061,1.989274892365874
178,163,2014-11,2015-10,2015-11,2013-08,2014-07,2014-08,101.5,102.0,-0.5,1.630238,1.630238,3.2740450502859018,1.101142386644485,2.704170651424433,1.9026565190344589
178,164,2014-11,2015-10,2015-11,2013-09,2014-08,2014-09,101.5,101.6,-0.1,1.589557,1.589557,2.93413986272405,1.073664451869879,2.423428750090054,1.7485466009799664
178,165,2014-11,2015-10,2015-11,2013-10,2014-09,2014-10,101.5,101.6,-0.1,1.38523,1.38523,2.4237990411063053,0.9356520141547061,2.001916934935884,1.468784474545295
178,166,2014-11,2015-10,2015-11,2013-11,2014-10,2014-11,101.5,101.4,0.1,1.624676,1.624676,2.087223469424478,1.0973855401260524,1.7239251025238893,1.4106553213249708
179,162,2014-12,2015-11,2015-12,2013-07,2014-06,2014-07,101.6,102.3,-0.7,1.585238,1.585238,3.178675417082285,1.0707471882752886,2.6254008852222808,1.8480740367487847
179,163,2014-12,2015-11,2015-12,2013-08,2014-07,2014-08,101.6,102.0,-0.4,1.797179,1.797179,3.10044556598525,1.2139024935545295,2.5607875814488854,1.8873450375017073
179,164,2014-12,2015-11,2015-12,2013-09,2014-08,2014-09,101.6,101.6,0.0,1.632945,1.632945,2.79938394483742,1.1029708266886054,2.312128205150098,1.707549515919352
179,165,2014-12,2015-11,2015-12,2013-10,2014-09,2014-10,101.6,101.6,0.0,1.599493,1.599493,2.3566920046289943,1.0803757116697974,1.946490428654253,1.513433070162025
179,166,2014-12,2015-11,2015-12,2013-11,2014-10,2014-11,101.6,101.4,0.2,1.394018,1.394018,2.012605902370298,0.9415878586717839,1.6622953351231664,1.3019415968974752
179,167,2014-12,2015-11,2015-12,2013-12,2014-11,2014-12,101.6,101.5,0.1,1.648058,1.648058,1.668931554806784,1.1131788851986868,1.3784403270048329,1.2458096061017598
180,162,2015-01,2015-12,2016-01,2013-07,2014-06,2014-07,101.8,102.3,-0.5,1.647311,1.647311,3.0934249937876084,1.112674324905758,2.5549889974338575,1.8338316611698078
180,163,2015-01,2015-12,2016-01,2013-08,2014-07,2014-08,101.8,102.0,-0.2,1.605184,1.605184,3.0135999761324452,1.0842196910902218,2.48905817892735,1.786638935008786
180,164,2015-01,2015-12,2016-01,2013-09,2014-08,2014-09,101.8,101.6,0.2,1.809094,1.809094,2.7341094677898186,1.2219504666338399,2.2582152862964655,1.7400828764651526
180,165,2015-01,2015-12,2016-01,2013-10,2014-09,2014-10,101.8,101.6,0.2,1.696085,1.696085,2.3293109787376056,1.145618667244851,1.9238752949330722,1.5347469810889616
180,166,2015-01,2015-12,2016-01,2013-11,2014-10,2014-11,101.8,101.4,0.4,1.6916,1.6916,1.9842278707764585,1.142589279140721,1.6388567327207484,1.3907230059307347
180,167,2015-01,2015-12,2016-01,2013-12,2014-11,2014-12,101.8,101.5,0.3,1.490279,1.490279,1.6722028082168157,1.0066072406766107,1.38114219192389,1.1938747163002503
180,168,2015-01,2015-12,2016-01,2014-01,2014-12,2015-01,101.8,100.8,1.0,1.69602,1.69602,1.4330482563851104,1.1455747630694288,1.1836144516866602,1.1645946073780444
181,162,2015-02,2016-01,2016-02,2013-07,2014-06,2014-07,102.3,102.3,0.0,1.670569,1.670569,2.7787865351858376,1.128383914320664,2.2951159436143835,1.7117499289675238
181,163,2015-02,2016-01,2016-02,2013-08,2014-07,2014-08,102.3,102.0,0.3,1.686708,1.686708,2.69654862127466,1.1392849833535632,2.2271922132388484,1.6832385982962057
181,164,2015-02,2016-01,2016-02,2013-09,2014-08,2014-09,102.3,101.6,0.7,1.692533,1.692533,2.459504852578839,1.1432194729202425,2.031407857017389,1.5873136649688155
181,165,2015-02,2016-01,2016-02,2013-10,2014-09,2014-10,102.3,101.6,0.7,1.789157,1.789157,2.139372692540488,1.2084840428585808,1.7669973255626603,1.4877406842106207
181,166,2015-02,2016-01,2016-02,2013-11,2014-10,2014-11,102.3,101.4,0.9,1.556699,1.556699,1.7992329099748625,1.0514705534695443,1.4860616624093594,1.2687661079394519
181,167,2015-02,2016-01,2016-02,2013-12,2014-11,2014-12,102.3,101.5,0.8,1.56378,1.56378,1.5697539134893284,1.0562534067951506,1.2965253677391553,1.176389387267153
181,168,2015-02,2016-01,2016-02,2014-01,2014-12,2015-01,102.3,100.8,1.5,1.405093,1.405093,1.3057790130506324,0.9490684547148693,1.078497464177879,1.0137829594463743
181,169,2015-02,2016-01,2016-02,2014-02,2015-01,2015-02,102.3,101.4,0.9,1.691865,1.691865,1.8558511754586409,1.1427682730866728,1.53282505433105,1.3377966637088614
182,162,2015-03,2016-02,2016-03,2013-07,2014-06,2014-07,102.3,102.3,0.0,1.606801,1.606801,2.4587171442230225,1.085311891884955,2.0307572557626825,1.5580345738238188
182,163,2015-03,2016-02,2016-03,2013-08,2014-07,2014-08,102.3,102.0,0.3,1.661623,1.661623,2.372446367232708,1.1223413488848677,1.9595026152095787,1.540921982047223
182,164,2015-03,2016-02,2016-03,2013-09,2014-08,2014-09,102.3,101.6,0.7,1.739513,1.739513,2.2972873944995493,1.1749520600176833,1.8974256782295977,1.5361888691236405
182,165,2015-03,2016-02,2016-03,2013-10,2014-09,2014-10,102.3,101.6,0.7,1.791069,1.791069,2.2417721163354414,1.2097755010648452,1.8515732896364918,1.5306743953506685
182,166,2015-03,2016-02,2016-03,2013-11,2014-10,2014-11,102.3,101.4,0.9,1.850973,1.850973,1.9544394116096113,1.2502375891339192,1.614253199234516,1.4322453941842177
182,167,2015-03,2016-02,2016-03,2013-12,2014-11,2014-12,102.3,101.5,0.8,1.70913,1.70913,1.9308088292920258,1.1544298975276546,1.5947357136172353,1.374582805572445
182,168,2015-03,2016-02,2016-03,2014-01,2014-12,2015-01,102.3,100.8,1.5,1.665163,1.665163,1.6670384817846637,1.1247324378232444,1.3768767588715924,1.2508045983474183
182,169,2015-03,2016-02,2016-03,2014-02,2015-01,2015-02,102.3,101.4,0.9,1.689557,1.689557,2.564400426696484,1.1412093371347596,2.1180454959736648,1.6296274165542122
182,170,2015-03,2016-02,2016-03,2014-03,2015-02,2015-03,102.3,101.4,0.9,1.710117,1.710117,1.5762726690196245,1.155096565545219,1.3019094803943243,1.2285030229697718
183,162,2015-04,2016-03,2016-04,2013-07,2014-06,2014-07,102.3,102.3,0.0,1.519673,1.519673,2.264607895994916,1.0264613842513697,1.8704343145182825,1.448447849384826
183,163,2015-04,2016-03,2016-04,2013-08,2014-07,2014-08,102.3,102.0,0.3,1.622532,1.622532,2.1783371190046017,1.0959373777859733,1.7991796739651789,1.447558525875576
183,164,2015-04,2016-03,2016-04,2013-09,2014-08,2014-09,102.3,101.6,0.7,1.719577,1.719577,2.108178853551338,1.1614863116912766,1.7412330301409003,1.4513596709160885
183,165,2015-04,2016-03,2016-04,2013-10,2014-09,2014-10,102.3,101.6,0.7,1.802732,1.802732,2.077985946705579,1.2176532610332882,1.7162954464120614,1.4669743537226747
183,166,2015-04,2016-03,2016-04,2013-11,2014-10,2014-11,102.3,101.4,0.9,1.846493,1.846493,1.8017448299092835,1.2472115782740525,1.4881363620732497,1.367673970173651
183,167,2015-04,2016-03,2016-04,2013-12,2014-11,2014-12,102.3,101.5,0.8,1.910041,1.910041,1.8134060215652303,1.2901350019621791,1.4977678276616335,1.3939514148119063
183,168,2015-04,2016-03,2016-04,2014-01,2014-12,2015-01,102.3,100.8,1.5,1.753649,1.753649,1.5566520940326056,1.1845002049987268,1.2857040274365723,1.2351021162176496
183,169,2015-04,2016-03,2016-04,2014-02,2015-01,2015-02,102.3,101.4,0.9,1.775362,1.775362,2.522427127530985,1.1991662259362905,2.083377993846017,1.6412721098911538
183,170,2015-04,2016-03,2016-04,2014-03,2015-02,2015-03,102.3,101.4,0.9,1.717146,1.717146,1.5236018047240127,1.1598442955304875,1.2584064121024219,1.2091253538164546
183,171,2015-04,2016-03,2016-04,2014-04,2015-03,2015-04,102.3,101.5,0.8,1.709081,1.709081,1.492758979985355,1.154396800533875,1.2329320340213925,1.1936644172776338
184,162,2015-05,2016-04,2016-05,2013-07,2014-06,2014-07,102.0,102.3,-0.3,1.615792,1.615792,2.092066342014361,1.0913848525191203,1.7279250334121359,1.409654942965628
184,163,2015-05,2016-04,2016-05,2013-08,2014-07,2014-08,102.0,102.0,0.0,1.546488,1.546488,2.005795565024046,1.0445735452351474,1.6566703928590318,1.3506219690470895
184,164,2015-05,2016-04,2016-05,2013-09,2014-08,2014-09,102.0,101.6,0.4,1.679205,1.679205,1.9409114366639555,1.1342170906121392,1.603079879301715,1.368648484956927
184,165,2015-05,2016-04,2016-05,2013-10,2014-09,2014-10,102.0,101.6,0.4,1.779558,1.779558,1.9371072313001625,1.2020004093220047,1.5999378270883948,1.4009691182051998
184,166,2015-05,2016-04,2016-05,2013-11,2014-10,2014-11,102.0,101.4,0.6,1.863305,1.863305,1.6732380626660535,1.2585672243847843,1.3819972518437713,1.3202822381142778
184,167,2015-05,2016-04,2016-05,2013-12,2014-11,2014-12,102.0,101.5,0.5,1.909124,1.909124,1.7207454584274624,1.2895156153643,1.4212355956571496,1.3553756055107247
184,168,2015-05,2016-04,2016-05,2014-01,2014-12,2015-01,102.0,100.8,1.2,1.927187,1.927187,1.473131272199073,1.3017162479896953,1.2167206897866016,1.2592184688881485
184,169,2015-05,2016-04,2016-05,2014-02,2015-01,2015-02,102.0,101.4,0.6,1.814751,1.814751,2.4972211786987533,1.2257714807932742,2.0625593471791137,1.6441654139861939
184,170,2015-05,2016-04,2016-05,2014-03,2015-02,2015-03,102.0,101.4,0.6,1.791619,1.791619,1.4964936828368778,1.210146997933802,1.2360166812048508,1.2230818395693264
184,171,2015-05,2016-04,2016-05,2014-04,2015-03,2015-04,102.0,101.5,0.5,1.726277,1.726277,1.4902639784160363,1.1660118190040236,1.230871307942373,1.1984415634731982
184,172,2015-05,2016-04,2016-05,2014-05,2015-04,2015-05,102.0,101.2,0.8,1.710179,1.710179,1.3297416324818252,1.1551384433740832,1.0982891931253553,1.1267138182497192
185,162,2015-06,2016-05,2016-06,2013-07,2014-06,2014-07,101.9,102.3,-0.4,1.726193,1.726193,1.9826435479299411,1.1659550813004012,1.6375481742622877,1.4017516277813444
185,163,2015-06,2016-05,2016-06,2013-08,2014-07,2014-08,101.9,102.0,-0.1,1.615811,1.615811,1.8992420317797958,1.0913976860473207,1.5686633761628144,1.3300305311050675
185,164,2015-06,2016-05,2016-06,2013-09,2014-08,2014-09,101.9,101.6,0.3,1.56812,1.56812,1.7038478455580746,1.0591848548156464,1.4072791509232752,1.2332320028694608
185,165,2015-06,2016-05,2016-06,2013-10,2014-09,2014-10,101.9,101.6,0.3,1.620198,1.620198,1.5307463329285673,1.0943608801638909,1.2643073765645156,1.1793341283642031
185,166,2015-06,2016-05,2016-06,2013-11,2014-10,2014-11,101.9,101.4,0.5,1.716379,1.716379,1.2286610093811206,1.159326226260506,1.0148024816664671,1.0870643539634866
185,167,2015-06,2016-05,2016-06,2013-12,2014-11,2014-12,101.9,101.5,0.4,1.811247,1.811247,1.2089373477101675,1.2234047080135928,0.9985118851077671,1.11095829656068
185,168,2015-06,2016-05,2016-06,2014-01,2014-12,2015-01,101.9,100.8,1.1,1.89209,1.89209,0.9535758020526407,1.2780100196082802,0.7875981112703657,1.032804065439323
185,169,2015-06,2016-05,2016-06,2014-02,2015-01,2015-02,101.9,101.4,0.5,1.85551,1.85551,1.988071818680352,1.2533021005783869,1.642031609959046,1.4476668552687164
185,170,2015-06,2016-05,2016-06,2014-03,2015-02,2015-03,101.9,101.4,0.5,1.835912,1.835912,0.9928067639390605,1.2400646539641755,0.8200006024184772,1.0300326281913263
185,171,2015-06,2016-05,2016-06,2014-04,2015-03,2015-04,101.9,101.5,0.4,1.759144,1.759144,1.020531784287938,1.188211796444032,0.8428998555399431,1.0155558259919875
185,172,2015-06,2016-05,2016-06,2014-05,2015-04,2015-05,101.9,101.2,0.7,1.747713,1.747713,0.880533454750673,1.1804907406094036,0.7272693837020374,0.9538800621557205
185,173,2015-06,2016-05,2016-06,2014-06,2015-05,2015-06,101.9,101.4,0.5,1.636546,1.636546,1.4458812038749935,1.1054031180069936,1.1942137193938602,1.149808418700427
186,162,2015-07,2016-06,2016-07,2013-07,2014-06,2014-07,101.8,102.3,-0.5,1.928923,1.928923,1.9287493418891781,1.3028888271978938,1.5930346968913742,1.447961762044634
186,163,2015-07,2016-06,2016-07,2013-08,2014-07,2014-08,101.8,102.0,-0.2,1.723137,1.723137,1.8479517034746995,1.1638909096067063,1.5263005502473757,1.345095729927041
186,164,2015-07,2016-06,2016-07,2013-09,2014-08,2014-09,101.8,101.6,0.2,1.613332,1.613332,1.6045599373359802,1.0897232483416042,1.3252731176122599,1.207498182976932
186,165,2015-07,2016-06,2016-07,2013-10,2014-09,2014-10,101.8,101.6,0.2,1.480497,1.480497,1.3658480537938056,1.0,1.1281109956174429,1.0640554978087216
186,166,2015-07,2016-06,2016-07,2013-11,2014-10,2014-11,101.8,101.4,0.4,1.512446,1.512446,1.0518511852332593,1.0215799153932767,0.8687678578293853,0.9451738866113311
186,167,2015-07,2016-06,2016-07,2013-12,2014-11,2014-12,101.8,101.5,0.3,1.62438,1.62438,1.0115692471964859,1.0971856072656683,0.8354973215513252,0.9663414644084967
186,168,2015-07,2016-06,2016-07,2014-01,2014-12,2015-01,101.8,100.8,1.0,1.768649,1.768649,0.7565048077393461,1.1946319377884589,0.6248289401428925,0.9097304389656757
186,169,2015-07,2016-06,2016-07,2014-02,2015-01,2015-02,101.8,101.4,0.4,1.786689,1.786689,1.819716192124258,1.2068170350902434,1.5029796612708608,1.354898348180552
186,170,2015-07,2016-06,2016-07,2014-03,2015-02,2015-03,101.8,101.4,0.4,1.858388,1.858388,0.837205288630031,1.25524604237631,0.6914828403271223,0.9733644413517162
186,171,2015-07,2016-06,2016-07,2014-04,2015-03,2015-04,101.8,101.5,0.3,1.807356,1.807356,0.8962416476846821,1.2207765365279362,0.7402434367974128,0.9805099866626745
186,172,2015-07,2016-06,2016-07,2014-05,2015-04,2015-05,101.8,101.2,0.6,1.769976,1.769976,0.7783260470163226,1.195528258415924,0.6428520137183025,0.9191901360671132
186,173,2015-07,2016-06,2016-07,2014-06,2015-05,2015-06,101.8,101.4,0.4,1.688122,1.688122,1.3480712945922557,1.1402400680312084,1.1134284271823895,1.126834247606799
186,174,2015-07,2016-06,2016-07,2014-07,2015-06,2015-07,101.8,101.6,0.2,1.547472,1.547472,1.2108302259783823,1.0452381869061538,1.000075292385617,1.0226567396458854
187,162,2015-08,2016-07,2016-08,2013-07,2014-06,2014-07,101.3,102.3,-1.0,1.846517,1.846517,1.9524187884872648,1.2472277890465162,1.6125842821423206,1.4299060355944184
187,163,2015-08,2016-07,2016-08,2013-08,2014-07,2014-08,101.3,102.0,-0.7,1.91807,1.91807,1.874628829165307,1.2955581808000962,1.5483343033720012,1.4219462420860487
187,164,2015-08,2016-07,2016-08,2013-09,2014-08,2014-09,101.3,101.6,-0.3,1.694097,1.694097,1.587729288699858,1.144275874925785,1.3113719814375258,1.2278239281816554
187,165,2015-08,2016-07,2016-08,2013-10,2014-09,2014-10,101.3,101.6,-0.3,1.52515,1.52515,1.2731021864591896,1.0301608176173271,1.0515083073113451,1.0408345624643363
187,166,2015-08,2016-07,2016-08,2013-11,2014-10,2014-11,101.3,101.4,-0.1,1.360675,1.360675,0.9441449967253215,0.9190663675779148,0.7798088149736617,0.8494375912757883
187,167,2015-08,2016-07,2016-08,2013-12,2014-11,2014-12,101.3,101.5,-0.2,1.394571,1.394571,0.8535778291083891,0.9419613818872987,0.7050056058269337,0.8234834938571163
187,168,2015-08,2016-07,2016-08,2014-01,2014-12,2015-01,101.3,100.8,0.5,1.561304,1.561304,0.5924206691045462,1.0545809954359922,0.48930499186315285,0.7719429936495725
187,169,2015-08,2016-07,2016-08,2014-02,2015-01,2015-02,101.3,101.4,-0.1,1.64476,1.64476,1.654849727412867,1.110951254882651,1.3668095571857892,1.23888040603422
187,170,2015-08,2016-07,2016-08,2014-03,2015-02,2015-03,101.3,101.4,-0.1,1.765153,1.765153,0.6838401137857036,1.1922705685995987,0.5648121322596229,0.8785413504296108
187,171,2015-08,2016-07,2016-08,2014-04,2015-03,2015-04,101.3,101.5,-0.2,1.832924,1.832924,0.7671898815568113,1.2380464127924609,0.6336541892099357,0.9358503010011983
187,172,2015-08,2016-07,2016-08,2014-05,2015-04,2015-05,101.3,101.2,0.1,1.80281,1.80281,0.6718913477461167,1.217705946043795,0.5549431469681205,0.8863245465059577
187,173,2015-08,2016-07,2016-08,2014-06,2015-05,2015-06,101.3,101.4,-0.1,1.73029,1.73029,1.2340710466294569,1.1687223952497034,1.0192708575517613,1.0939966264007324
187,174,2015-08,2016-07,2016-08,2014-07,2015-06,2015-07,101.3,101.6,-0.3,1.648193,1.648193,1.1392794226953677,1.1132700707937944,0.9409784933642124,1.0271242820790034
187,175,2015-08,2016-07,2016-08,2014-08,2015-07,2015-08,101.3,102.0,-0.7,1.461725,1.461725,1.1279983449610158,0.9873204741380766,0.9316609797511947,0.9594907269446356
188,162,2015-09,2016-08,2016-09,2013-07,2014-06,2014-07,101.9,102.3,-0.4,1.66794,1.66794,2.534017042257984,1.1266081592870503,2.0929505888396402,1.6097793740633453
188,163,2015-09,2016-08,2016-09,2013-08,2014-07,2014-08,101.9,102.0,-0.1,1.775411,1.775411,2.469309058741884,1.1991993229300701,2.039505560671255,1.6193524418006624
188,164,2015-09,2016-08,2016-09,2013-09,2014-08,2014-09,101.9,101.6,0.3,1.778225,1.778225,2.060112688790569,1.201100036001424,1.7015331756562306,1.4513166058288274
188,165,2015-09,2016-08,2016-09,2013-10,2014-09,2014-10,101.9,101.6,0.3,1.55414,1.55414,1.4668393397620922,1.049742079855616,1.2115239198046666,1.1306329998301412
188,166,2015-09,2016-08,2016-09,2013-11,2014-10,2014-11,101.9,101.4,0.5,1.439538,1.439538,1.148059749696371,0.9723342904443576,0.9482305324233417,0.9602824114338496
188,167,2015-09,2016-08,2016-09,2013-12,2014-11,2014-12,101.9,101.5,0.4,1.2387,1.2387,0.7097154889011731,0.8366784937760765,0.5861836860736857,0.711431089924881
188,168,2015-09,2016-08,2016-09,2014-01,2014-12,2015-01,101.9,100.8,1.1,1.300881,1.300881,0.5784520282261647,0.878678578882632,0.4777677075181167,0.6782231432003744
188,169,2015-09,2016-08,2016-09,2014-02,2015-01,2015-02,101.9,101.4,0.5,1.347312,1.347312,0.834143797869033,0.9100403445599687,0.6889542271472961,0.7994972858536324
188,170,2015-09,2016-08,2016-09,2014-03,2015-02,2015-03,101.9,101.4,0.5,1.558143,1.558143,0.16682875957381774,1.0524459016127694,0.1377908454294684,0.595118373521119
188,171,2015-09,2016-08,2016-09,2014-04,2015-03,2015-04,101.9,101.5,0.4,1.724667,1.724667,0.28922601411305887,1.164924346351259,0.23888385375903895,0.701904100055149
188,172,2015-09,2016-08,2016-09,2014-05,2015-04,2015-05,101.9,101.2,0.7,1.768816,1.768816,0.44792756516410004,1.1947447377468512,0.3699620979787654,0.7823534178628083
188,173,2015-09,2016-08,2016-09,2014-06,2015-05,2015-06,101.9,101.4,0.5,1.779328,1.779328,0.6053695332728833,1.2018450560858955,0.5000000000000266,0.8509225280429611
188,174,2015-09,2016-08,2016-09,2014-07,2015-06,2015-07,101.9,101.6,0.3,1.763127,1.763127,0.7938646443499314,1.1909021092241323,0.6556859907187649,0.9232940499714486
188,175,2015-09,2016-08,2016-09,2014-08,2015-07,2015-08,101.9,102.0,-0.1,1.792145,1.792145,1.0518511852333128,1.2105022840302953,0.8687678578294294,1.0396350709298623
188,176,2015-09,2016-08,2016-09,2014-09,2015-08,2015-09,101.9,101.6,0.3,1.674786,1.674786,1.4835962049384823,1.131232282132284,1.2253641151361,1.178298198634192
189,162,2015-10,2016-09,2016-10,2013-07,2014-06,2014-07,102.1,102.3,-0.2,1.47707,1.47707,1.9693222874357914,0.9976852367819726,1.6265455884349749,1.3121154126084738
189,163,2015-10,2016-09,2016-10,2013-08,2014-07,2014-08,102.1,102.0,0.1,1.663143,1.663143,1.888289993450669,1.123368031140894,1.559617629947345,1.3414928305441194
189,164,2015-10,2016-09,2016-10,2013-09,2014-08,2014-09,102.1,101.6,0.5,1.767028,1.767028,1.6474714635011918,1.1935370351983152,1.3607155406337952,1.2771262879160552
189,165,2015-10,2016-09,2016-10,2013-10,2014-09,2014-10,102.1,101.6,0.5,1.74317,1.74317,1.406122544620496,1.17742217647182,1.1613753809334262,1.169398778702623
189,166,2015-10,2016-09,2016-10,2013-11,2014-10,2014-11,102.1,101.4,0.7,1.510395,1.510395,1.0900734069154474,1.020194569796494,0.9003371882807747,0.9602658790386344
189,167,2015-10,2016-09,2016-10,2013-12,2014-11,2014-12,102.1,101.5,0.6,1.382464,1.382464,1.0370009019336754,0.9337837226282796,0.8565023881589033,0.8951430553935915
189,168,2015-10,2016-09,2016-10,2014-01,2014-12,2015-01,102.1,100.8,1.3,1.208532,1.208532,0.7783260470163226,0.8163015527893673,0.6428520137183025,0.7295767832538349
189,169,2015-10,2016-09,2016-10,2014-02,2015-01,2015-02,102.1,101.4,0.7,1.306181,1.306181,1.8202273708577834,0.8822584578016707,1.5034018651524816,1.1928301614770762
189,170,2015-10,2016-09,2016-10,2014-03,2015-02,2015-03,102.1,101.4,0.7,1.346303,1.346303,0.8316305589665125,0.9093588166676461,0.686878438092524,0.7981186273800851
189,171,2015-10,2016-09,2016-10,2014-04,2015-03,2015-04,102.1,101.5,0.6,1.529523,1.529523,0.8805334547506602,1.0331145554499603,0.7272693837020269,0.8801919695759937
189,172,2015-10,2016-09,2016-10,2014-05,2015-04,2015-05,102.1,101.2,0.9,1.725569,1.725569,0.7565048077393461,1.1655336012163482,0.6248289401428925,0.8951812706796203
189,173,2015-10,2016-09,2016-10,2014-06,2015-05,2015-06,102.1,101.4,0.7,1.762873,1.762873,1.3265050702293464,1.1907305452155594,1.0956159810832984,1.143173263149429
189,174,2015-10,2016-09,2016-10,2014-07,2015-06,2015-07,102.1,101.6,0.5,1.780173,1.780173,1.179696302663415,1.2024158103663838,0.9743604838234436,1.0883881470949137
189,175,2015-10,2016-09,2016-10,2014-08,2015-07,2015-08,102.1,102.0,0.1,1.774519,1.774519,1.1093196505352014,1.1985968225535073,0.9162334653164736,1.0574151439349904
189,176,2015-10,2016-09,2016-10,2014-09,2015-08,2015-09,102.1,101.6,0.5,1.712745,1.712745,1.005811478547195,1.15687164512998,0.8307417397679454,0.9938066924489628
189,177,2015-10,2016-09,2016-10,2014-10,2015-09,2015-10,102.1,101.3,0.8,1.654094,1.654094,1.1093196505352345,1.117255894473275,0.916233465316501,1.016744679894888
190,162,2015-11,2016-10,2016-11,2013-07,2014-06,2014-07,102.3,102.3,0.0,1.029295,1.029295,1.7145066887698264,0.6952361267871533,1.416082735036706,1.0556594309119296
190,163,2015-11,2016-10,2016-11,2013-08,2014-07,2014-08,102.3,102.0,0.3,1.465189,1.465189,1.629942514710596,0.9896602289636521,1.346237649174815,1.1679489390692335
190,164,2015-11,2016-10,2016-11,2013-09,2014-08,2014-09,102.3,101.6,0.7,1.694246,1.694246,1.4759036695361547,1.1443765168048297,1.2190105286244541,1.181693522714642
190,165,2015-11,2016-10,2016-11,2013-10,2014-09,2014-10,102.3,101.6,0.7,1.717284,1.717284,1.4109629502575811,1.159937507472153,1.1653732742622465,1.1626553908671997
190,166,2015-11,2016-10,2016-11,2013-11,2014-10,2014-11,102.3,101.4,0.9,1.665963,1.665963,1.1493381662391282,1.1252727969053635,0.9492864300796423,1.0372796134925029
190,167,2015-11,2016-10,2016-11,2013-12,2014-11,2014-12,102.3,101.5,0.8,1.373849,1.373849,1.2434246123538066,0.9279647307627101,1.0269963584320094,0.9774805445973598
190,168,2015-11,2016-10,2016-11,2014-01,2014-12,2015-01,102.3,100.8,1.5,1.3077,1.3077,1.0205317842879638,0.8832844646088442,0.8428998555399644,0.8630921600744044
190,169,2015-11,2016-10,2016-11,2014-02,2015-01,2015-02,102.3,101.4,0.9,1.199192,1.199192,2.154463533147433,0.8099928605056276,1.779461481567802,1.2947271710367148
190,170,2015-11,2016-10,2016-11,2014-03,2015-02,2015-03,102.3,101.4,0.9,1.29718,1.29718,1.1865709554702675,0.8761787426789788,0.9800385469146646,0.9281086447968216
190,171,2015-11,2016-10,2016-11,2014-04,2015-03,2015-04,102.3,101.5,0.8,1.207636,1.207636,1.2514419204736849,0.815696350617394,1.0336181883055198,0.9246572694614569
190,172,2015-11,2016-10,2016-11,2014-05,2015-04,2015-05,102.3,101.2,1.1,1.538334,1.538334,1.129570051860846,1.039065935290649,0.9329591181719812,0.9860125267313151
190,173,2015-11,2016-10,2016-11,2014-06,2015-05,2015-06,102.3,101.4,0.9,1.649732,1.649732,1.6995290891344685,1.1143095865780208,1.403712109483101,1.2590108480305608
190,174,2015-11,2016-10,2016-11,2014-07,2015-06,2015-07,102.3,101.6,0.7,1.685507,1.685507,1.5389987836135992,1.1384737692815319,1.2711234205107778,1.2047985948961548
190,175,2015-11,2016-10,2016-11,2014-08,2015-07,2015-08,102.3,102.0,0.3,1.654273,1.654273,1.4284919140692736,1.1173767998178992,1.1798511781277785,1.1486139889728388
190,176,2015-11,2016-10,2016-11,2014-09,2015-08,2015-09,102.3,101.6,0.7,1.548603,1.548603,1.1763456458467545,1.0460021195584996,0.9715930363120487,1.0087975779352742
190,177,2015-11,2016-10,2016-11,2014-10,2015-09,2015-10,102.3,101.3,1.0,1.672228,1.672228,1.4284919140693038,1.1295044839672084,1.1798511781278034,1.1546778310475059
190,178,2015-11,2016-10,2016-11,2014-11,2015-10,2015-11,102.3,101.5,0.8,1.643114,1.643114,1.806319283048776,1.109839466071191,1.491914594118362,1.3008770300947765
191,162,2015-12,2016-11,2016-12,2013-07,2014-06,2014-07,102.1,102.3,-0.2,1.058107,1.058107,1.5097385973299684,0.7146971591296706,1.2469562096788753,0.980826684404273
191,163,2015-12,2016-11,2016-12,2013-08,2014-07,2014-08,102.1,102.0,0.1,1.030495,1.030495,1.423467820339654,0.6960466654103318,1.1757015691257715,0.9358741172680516
191,164,2015-12,2016-11,2016-12,2013-09,2014-08,2014-09,102.1,101.6,0.5,1.521278,1.521278,1.3859637776060696,1.0275454796598709,1.144725412685569,1.08613544617272
191,165,2015-12,2016-11,2016-12,2013-10,2014-09,2014-10,102.1,101.6,0.5,1.688563,1.688563,1.510935741815462,1.1405379409752265,1.2479449813461752,1.1942414611607008
191,166,2015-12,2016-11,2016-12,2013-11,2014-10,2014-11,102.1,101.4,0.7,1.690495,1.690495,1.316119652869714,1.1418429081585442,1.0870382308094408,1.1144405694839925
191,167,2015-12,2016-11,2016-12,2013-12,2014-11,2014-12,102.1,101.5,0.6,1.640523,1.640523,1.5150291069776491,1.108089378093978,1.2513258627229245,1.1797076204084513
191,168,2015-12,2016-11,2016-12,2014-01,2014-12,2015-01,102.1,100.8,1.3,1.370219,1.370219,1.3250106952044602,0.925512851427595,1.0943817142902479,1.0099472828589215
191,169,2015-12,2016-11,2016-12,2014-02,2015-01,2015-02,102.1,101.4,0.7,1.393724,1.393724,2.499734602330969,0.9413892767091051,2.064635288809862,1.5030122827594834
191,170,2015-12,2016-11,2016-12,2014-03,2015-02,2015-03,102.1,101.4,0.7,1.236723,1.236723,1.5500859364921074,0.8353431313943899,1.2802807634799283,1.057811947437159
191,171,2015-12,2016-11,2016-12,2014-04,2015-03,2015-04,102.1,101.5,0.6,1.21853,1.21853,1.6233758431395104,0.82305469041815,1.3408139606588239,1.081934325538487
191,172,2015-12,2016-11,2016-12,2014-05,2015-04,2015-05,102.1,101.2,0.9,1.21984,1.21984,1.5026749523351335,0.8239395284151201,1.2411220500403433,1.0325307892277316
191,173,2015-12,2016-11,2016-12,2014-06,2015-05,2015-06,102.1,101.4,0.7,1.463121,1.463121,2.072596699956517,0.9882634007363743,1.7118442422690934,1.3500538215027338
191,174,2015-12,2016-11,2016-12,2014-07,2015-06,2015-07,102.1,101.6,0.5,1.562283,1.562283,1.903634859366907,1.0552422598627353,1.57229159607286,1.3137669279677977
191,175,2015-12,2016-11,2016-12,2014-08,2015-07,2015-08,102.1,102.0,0.1,1.525163,1.525163,1.7689156968169388,1.0301695984524117,1.4610214089017064,1.245595503677059
191,176,2015-12,2016-11,2016-12,2014-09,2015-08,2015-09,102.1,101.6,0.5,1.362836,1.362836,1.4263225297996995,0.9205260125484888,1.1780593929863579,1.0492927027674233
191,177,2015-12,2016-11,2016-12,2014-10,2015-09,2015-10,102.1,101.3,0.8,1.470735,1.470735,1.7689156968169668,0.9934062683004423,1.4610214089017295,1.2272138386010858
191,178,2015-12,2016-11,2016-12,2014-11,2015-10,2015-11,102.1,101.5,0.6,1.666704,1.666704,2.1684074621977225,1.1257733045051763,1.7909783553811434,1.4583758299431597
191,179,2015-12,2016-11,2016-12,2014-12,2015-11,2015-12,102.1,101.6,0.5,1.639371,1.639371,1.9122720716183361,1.1073112610157265,1.5794254306785869,1.3433683458471566
192,162,2016-01,2016-12,2017-01,2013-07,2014-06,2014-07,102.5,102.3,0.2,1.025601,1.025601,1.4404133579914378,0.6927410187254686,1.1896975969405261,0.9412193078329973
192,163,2016-01,2016-12,2017-01,2013-08,2014-07,2014-08,102.5,102.0,0.5,1.004861,1.004861,1.3565939932644224,0.6787322095215323,1.1204676802367097,0.899599944879121
192,164,2016-01,2016-12,2017-01,2013-09,2014-08,2014-09,102.5,101.6,0.9,1.034737,1.034737,1.1977028475104903,0.698911919443268,0.9892328418274261,0.8440723806353471
192,165,2016-01,2016-12,2017-01,2013-10,2014-09,2014-10,102.5,101.6,0.9,1.444097,1.444097,1.1951700447614722,0.9754136617635835,0.9871408941741268,0.9812772779688551
192,166,2016-01,2016-12,2017-01,2013-11,2014-10,2014-11,102.5,101.4,1.1,1.608193,1.608193,0.9757571574396358,1.086252116687842,0.8059186197927177,0.9460853682402799
192,167,2016-01,2016-12,2017-01,2013-12,2014-11,2014-12,102.5,101.5,1.0,1.606543,1.606543,1.1707849493195257,1.0851376260809715,0.9670002246312513,1.0260689253561115
192,168,2016-01,2016-12,2017-01,2014-01,2014-12,2015-01,102.5,100.8,1.7,1.594517,1.594517,0.9935093189440242,1.0770146781790169,0.8205808719615819,0.9487977750702994
192,169,2016-01,2016-12,2017-01,2014-02,2015-01,2015-02,102.5,101.4,1.1,1.331365,1.331365,2.1892674304634467,0.8992689617067782,1.8082074750503705,1.3537382183785742
192,170,2016-01,2016-12,2017-01,2014-03,2015-02,2015-03,102.5,101.4,1.1,1.38427,1.38427,1.2773782551288266,0.9350035832561633,1.0550400911513074,0.9950218372037354
192,171,2016-01,2016-12,2017-01,2014-04,2015-03,2015-04,102.5,101.5,1.0,1.099018,1.099018,1.3823148945771875,0.742330447140386,1.1417116476806182,0.9420210474105021
192,172,2016-01,2016-12,2017-01,2014-05,2015-04,2015-05,102.5,101.2,1.3,1.197975,1.197975,1.2872058861946838,0.809170839251954,1.06315714241149,0.9361639908317221
192,173,2016-01,2016-12,2017-01,2014-06,2015-05,2015-06,102.5,101.4,1.1,0.991271,0.991271,1.8511065699441853,0.6695528596140351,1.528906286327642,1.0992295729708386
192,174,2016-01,2016-12,2017-01,2014-07,2015-06,2015-07,102.5,101.6,0.9,1.312281,1.312281,1.736537467567884,0.8863786958028285,1.4342788760606446,1.1603287859317366
192,175,2016-01,2016-12,2017-01,2014-08,2015-07,2015-08,102.5,102.0,0.5,1.379125,1.379125,1.6650208341227333,0.9315283989092852,1.3752102993365194,1.1533693491229022
192,176,2016-01,2016-12,2017-01,2014-09,2015-08,2015-09,102.5,101.6,0.9,1.322695,1.322695,1.454473893888812,0.893412820154313,1.2013107812226602,1.0473618006884866
192,177,2016-01,2016-12,2017-01,2014-10,2015-09,2015-10,102.5,101.3,1.2,1.29776,1.29776,1.6650208341227652,0.8765705030135151,1.3752102993365458,1.1258904011750306
192,178,2016-01,2016-12,2017-01,2014-11,2015-10,2015-11,102.5,101.5,1.0,1.43913,1.43913,2.007679627270631,0.9720587073124769,1.6582265186161367,1.3151426129643067
192,179,2016-01,2016-12,2017-01,2014-12,2015-11,2015-12,102.5,101.6,0.9,1.6842,1.6842,1.7888132216273767,1.1375909576311198,1.4774556062942183,1.307523281962669
192,180,2016-01,2016-12,2017-01,2015-01,2015-12,2016-01,102.5,101.8,0.7,1.62289,1.62289,1.6837730582857553,1.0961791884752214,1.390698545054503,1.2434388667648624
193,162,2016-02,2017-01,2017-02,2013-07,2014-06,2014-07,100.8,102.3,-1.5,1.45695,1.45695,1.293940957775984,0.9840952058666785,1.0687199195344879,1.0264075627005833
193,163,2016-02,2017-01,2017-02,2013-08,2014-07,2014-08,100.8,102.0,-1.2,1.104182,1.104182,1.2107390665457023,0.7458184650154644,1.0,0.8729092325077322
193,164,2016-02,2017-01,2017-02,2013-09,2014-08,2014-09,100.8,101.6,-0.8,1.17891,1.17891,1.3251067512639971,0.7962934068762044,1.094461051004649,0.9453772289404268
193,165,2016-02,2017-01,2017-02,2013-10,2014-09,2014-10,100.8,101.6,-0.8,1.19325,1.19325,1.6502319216806056,0.8059793434231882,1.362995518422312,1.0844874309227501
193,166,2016-02,2017-01,2017-02,2013-11,2014-10,2014-11,100.8,101.4,-0.6,1.487458,1.487458,1.5333404863918236,1.0047017994632883,1.2664499963369638,1.135575897900126
193,167,2016-02,2017-01,2017-02,2013-12,2014-11,2014-12,100.8,101.5,-0.7,1.664571,1.664571,1.819844000268782,1.1243325721024764,1.5030852233593863,1.3137088977309315
193,168,2016-02,2017-01,2017-02,2014-01,2014-12,2015-01,100.8,100.8,0.0,1.648971,1.648971,1.6656366226838006,1.113795570001155,1.3757189048470562,1.2447572374241056
193,169,2016-02,2017-01,2017-02,2014-02,2015-01,2015-02,100.8,101.4,-0.6,1.686382,1.686382,2.867650492032773,1.1390647870275996,2.368512399797522,1.753788593412561
193,170,2016-02,2017-01,2017-02,2014-03,2015-02,2015-03,100.8,101.4,-0.6,1.402388,1.402388,1.9462005100912707,0.9472413655684544,1.607448346111335,1.2773448558398948
193,171,2016-02,2017-01,2017-02,2014-04,2015-03,2015-04,100.8,101.5,-0.7,1.39059,1.39059,2.0327121900297236,0.9392724200049037,1.678901958478263,1.3090871892415834
193,172,2016-02,2017-01,2017-02,2014-05,2015-04,2015-05,100.8,101.2,-0.4,1.16324,1.16324,1.9179747038921333,0.7857091233551977,1.584135473024926,1.1849222981900618
193,173,2016-02,2017-01,2017-02,2014-06,2015-05,2015-06,100.8,101.4,-0.6,1.186279,1.186279,2.487927588147132,0.8012707894713735,2.054883382300788,1.428077085886081
193,174,2016-02,2017-01,2017-02,2014-07,2015-06,2015-07,100.8,101.6,-0.8,0.854537,0.854537,2.3236812729583707,0.5771960361959532,1.9192254856266817,1.2482107609113173
193,175,2016-02,2017-01,2017-02,2014-08,2015-07,2015-08,100.8,102.0,-1.2,1.073107,1.073107,2.182646595160574,0.7248288919194028,1.8027390504444292,1.2637839711819159
193,176,2016-02,2017-01,2017-02,2014-09,2015-08,2015-09,100.8,101.6,-0.8,1.063653,1.063653,1.7976130458367396,0.7184431984664609,1.4847237489126517,1.1015834736895562
193,177,2016-02,2017-01,2017-02,2014-10,2015-09,2015-10,100.8,101.3,-0.5,1.247228,1.247228,2.182646595160601,0.8424387215914656,1.8027390504444514,1.3225888860179584
193,178,2016-02,2017-01,2017-02,2014-11,2015-10,2015-11,100.8,101.5,-0.7,1.325344,1.325344,2.588197497370726,0.8952020841649798,2.1377004912833777,1.5164512877241787
193,179,2016-02,2017-01,2017-02,2014-12,2015-11,2015-12,100.8,101.6,-0.8,1.418976,1.418976,2.3288328647721377,0.9584457111361928,1.9234804006253896,1.440963055880791
193,180,2016-02,2017-01,2017-02,2015-01,2015-12,2016-01,100.8,101.8,-1.0,1.608148,1.608148,2.1984666950409886,1.0862217214894727,1.815805532164186,1.4510136268268292
193,181,2016-02,2017-01,2017-02,2015-02,2016-01,2016-02,100.8,102.3,-1.5,1.675731,1.675731,1.818320866415,1.1318705812980372,1.5018272034475257,1.3168488923727815
194,162,2016-03,2017-02,2017-03,2013-07,2014-06,2014-07,100.9,102.3,-1.4,1.399544,1.399544,2.9387696848766667,0.9453203890315212,2.42725271371735,1.6862865513744354
194,163,2016-03,2017-02,2017-03,2013-08,2014-07,2014-08,100.9,102.0,-1.1,1.367828,1.367828,2.8934673479375923,0.9238978532209117,2.3898356201495967,1.656866736685254
194,164,2016-03,2017-02,2017-03,2013-09,2014-08,2014-09,100.9,101.6,-0.7,1.010493,1.010493,2.405627159908393,0.6825363374596505,1.9869080187292254,1.334722178094438
194,165,2016-03,2017-02,2017-03,2013-10,2014-09,2014-10,100.9,101.6,-0.7,0.985253,0.985253,1.680240463770219,0.6654880084187945,1.3877808275932049,1.0266344180059996
194,166,2016-03,2017-02,2017-03,2013-11,2014-10,2014-11,100.9,101.4,-0.5,1.040191,1.040191,1.492580402889636,0.7025958174856147,1.2327845397340986,0.9676901786098566
194,167,2016-03,2017-02,2017-03,2013-12,2014-11,2014-12,100.9,101.5,-0.6,1.239615,1.239615,1.0508484460131093,0.8372965294762502,0.8679396535962379,0.852618091536244
194,168,2016-03,2017-02,2017-03,2014-01,2014-12,2015-01,100.9,100.8,0.1,1.426104,1.426104,1.1652093225548745,0.9632603105578735,0.9623950814433316,0.9628276960006026
194,169,2016-03,2017-02,2017-03,2014-02,2015-01,2015-02,100.9,101.4,-0.5,1.220572,1.220572,0.23724463672324503,0.824433956975259,0.1959502615209366,0.5101921092480978
194,170,2016-03,2017-02,2017-03,2014-03,2015-02,2015-03,100.9,101.4,-0.5,1.486322,1.486322,1.0581270792529114,1.0039344895666793,0.873951381012095,0.9389429352893872
194,171,2016-03,2017-02,2017-03,2014-04,2015-03,2015-04,100.9,101.5,-0.6,1.33652,1.33652,1.1507848223352661,0.9027509005421828,0.9504812838149441,0.9266160921785634
194,172,2016-03,2017-02,2017-03,2014-05,2015-04,2015-05,100.9,101.2,-0.3,1.336285,1.336285,1.3265050702293464,0.9025921700618104,1.0956159810832984,0.9991040755725544
194,173,2016-03,2017-02,2017-03,2014-06,2015-05,2015-06,100.9,101.4,-0.5,1.127537,1.127537,1.1392794226954113,0.7615935729690773,0.9409784933642483,0.8512860331666627
194,174,2016-03,2017-02,2017-03,2014-07,2015-06,2015-07,100.9,101.6,-0.7,1.258559,1.258559,1.497667333472849,0.8500922325408292,1.2369860483198638,1.0435391404303465
194,175,2016-03,2017-02,2017-03,2014-08,2015-07,2015-08,100.9,102.0,-1.1,1.181191,1.181191,1.8359487283881837,0.7978341057090964,1.5163867914382536,1.157110448573675
194,176,2016-03,2017-02,2017-03,2014-09,2015-08,2015-09,100.9,101.6,-0.7,1.597005,1.597005,2.3579739820728456,1.0786951949244072,1.9475492674076014,1.5131222311660042
194,177,2016-03,2017-02,2017-03,2014-10,2015-09,2015-10,100.9,101.3,-0.4,1.312017,1.312017,1.8359487283882092,0.8862003773057291,1.5163867914382747,1.2012935843720018
194,178,2016-03,2017-02,2017-03,2014-11,2015-10,2015-11,100.9,101.5,-0.6,1.240694,1.240694,1.5723430517500845,0.8380253387882582,1.2986638452462396,1.068344592017249
194,179,2016-03,2017-02,2017-03,2014-12,2015-11,2015-12,100.9,101.6,-0.7,1.393195,1.393195,1.7526686492092958,0.941031964266054,1.447602293209011,1.1943171287375325
194,180,2016-03,2017-02,2017-03,2015-01,2015-12,2016-01,100.9,101.8,-0.9,1.515545,1.515545,1.8509625658164668,1.0236731313876353,1.5287873472996567,1.276230239343646
194,181,2016-03,2017-02,2017-03,2015-02,2016-01,2016-02,100.9,102.3,-1.4,1.681854,1.681854,1.9747355636817734,1.1360063546228056,1.631016639543804,1.3835114970833047
194,182,2016-03,2017-02,2017-03,2015-03,2016-02,2016-03,100.9,102.3,-1.4,1.851891,1.851891,2.6342823981681294,1.2508576511806508,2.175763937050339,1.713310794115495
195,162,2016-04,2017-03,2017-04,2013-07,2014-06,2014-07,101.2,102.3,-1.1,1.593473,1.593473,2.9807221302082816,1.0763095095768516,2.46190299179197,1.7691062506844109
195,163,2016-04,2017-03,2017-04,2013-08,2014-07,2014-08,101.2,102.0,-0.8,1.355503,1.355503,2.9271815662180463,0.915572946112015,2.4176816021716703,1.6666272741418426
195,164,2016-04,2017-03,2017-04,2013-09,2014-08,2014-09,101.2,101.6,-0.4,1.251011,1.251011,2.4636016084024255,0.844993944601036,2.0347915388831064,1.4398927417420713
195,165,2016-04,2017-03,2017-04,2013-10,2014-09,2014-10,101.2,101.6,-0.4,0.90309,0.90309,1.7689156968169235,0.6099911043386106,1.4610214089016937,1.035506256620152
195,166,2016-04,2017-03,2017-04,2013-11,2014-10,2014-11,101.2,101.4,-0.2,0.891029,0.891029,1.5248792970246967,0.6018445157268133,1.2594615463885641,0.9306530310576887
195,167,2016-04,2017-03,2017-04,2013-12,2014-11,2014-12,101.2,101.5,-0.3,0.920897,0.920897,1.050150289856398,0.622018822057728,0.8673630172457621,0.744690919651745
195,168,2016-04,2017-03,2017-04,2014-01,2014-12,2015-01,101.2,100.8,0.4,1.154632,1.154632,1.0822505620930314,0.7798948596315968,0.8938759737725694,0.8368854167020832
195,169,2016-04,2017-03,2017-04,2014-02,2015-01,2015-02,101.2,101.4,-0.2,1.203666,1.203666,0.1776320874791347,0.8130148186723782,0.14671376549030316,0.4798642920813407
195,170,2016-04,2017-03,2017-04,2014-03,2015-02,2015-03,101.2,101.4,-0.2,1.158887,1.158887,0.8296705542327398,0.7827688944996174,0.6852595882611028,0.7340142413803601
195,171,2016-04,2017-03,2017-04,2014-04,2015-03,2015-04,101.2,101.5,-0.3,1.460679,1.460679,0.8733725998598283,0.986613954638206,0.7213549343473347,0.8539844444927703
195,172,2016-04,2017-03,2017-04,2014-05,2015-04,2015-05,101.2,101.2,0.0,1.305969,1.305969,1.0508484460130871,0.8821152626449091,0.8679396535962196,0.8750274581205644
195,173,2016-04,2017-03,2017-04,2014-06,2015-05,2015-06,101.2,101.4,-0.2,1.317467,1.317467,0.7984385744932422,0.8898815735526651,0.6594637907994713,0.7746726821760681
195,174,2016-04,2017-03,2017-04,2014-07,2015-06,2015-07,101.2,101.6,-0.4,1.188721,1.188721,1.1644164323860688,0.8029202355695418,0.9617402003126948,0.8823302179411183
195,175,2016-04,2017-03,2017-04,2014-08,2015-07,2015-08,101.2,102.0,-0.8,1.437043,1.437043,1.510935741815444,0.9706490455569988,1.2479449813461605,1.1092970134515796
195,176,2016-04,2017-03,2017-04,2014-09,2015-08,2015-09,101.2,101.6,-0.4,1.544227,1.544227,2.06235957729767,1.0430463553793086,1.7033889747868487,1.3732176650830787
195,177,2016-04,2017-03,2017-04,2014-10,2015-09,2015-10,101.2,101.3,-0.1,1.651621,1.651621,1.5109357418154676,1.1155855094606744,1.2479449813461798,1.181765245403427
195,178,2016-04,2017-03,2017-04,2014-11,2015-10,2015-11,101.2,101.5,-0.3,1.294642,1.294642,1.2286610093811388,0.8744644534909561,1.0148024816664822,0.9446334675787191
195,179,2016-04,2017-03,2017-04,2014-12,2015-11,2015-12,101.2,101.6,-0.4,1.291504,1.291504,1.4187144009098946,0.8723448949913442,1.171775521341321,1.0220602081663326
195,180,2016-04,2017-03,2017-04,2015-01,2015-12,2016-01,101.2,101.8,-0.6,1.472013,1.472013,1.5248792970247445,0.9942694919341276,1.2594615463886034,1.1268655191613655
195,181,2016-04,2017-03,2017-04,2015-02,2016-01,2016-02,101.2,102.3,-1.1,1.542067,1.542067,1.6791529532508667,1.041587385857587,1.3868826072008826,1.214234996529235
195,182,2016-04,2017-03,2017-04,2015-03,2016-02,2016-03,101.2,102.3,-1.1,1.795321,1.795321,2.388089789149827,1.2126475095863078,1.9724231712148879,1.5925353404005977
195,183,2016-04,2017-03,2017-04,2015-04,2016-03,2016-04,101.2,102.3,-1.1,1.890967,1.890967,2.348314467826495,1.2772514905467556,1.9395710708553835,1.6084112807010695
196,162,2016-05,2017-04,2017-05,2013-07,2014-06,2014-07,101.5,102.3,-0.8,1.300572,1.300572,2.789052860582593,0.8784698651871635,2.303595330858446,1.5910325980228048
196,163,2016-05,2017-04,2017-05,2013-08,2014-07,2014-08,101.5,102.0,-0.5,1.578703,1.578703,2.7242556423587487,1.0663331300232286,2.250076600015215,1.6582048650192216
196,164,2016-05,2017-04,2017-05,2013-09,2014-08,2014-09,101.5,101.6,-0.1,1.295435,1.295435,2.3138081129045847,0.8750000844311066,1.9110708300724055,1.393035457251756
196,165,2016-05,2017-04,2017-05,2013-10,2014-09,2014-10,101.5,101.6,-0.1,1.229022,1.229022,1.7078446408623738,0.8301414997801415,1.41058027121809,1.1203608854991156
196,166,2016-05,2017-04,2017-05,2013-11,2014-10,2014-11,101.5,101.4,0.1,0.884643,0.884643,1.39613366559094,0.5975310993537981,1.1531251482403864,0.8753281237970922
196,167,2016-05,2017-04,2017-05,2013-12,2014-11,2014-12,101.5,101.5,0.0,0.870456,0.870456,0.9441449967253558,0.5879485064812695,0.77980881497369,0.6838786607274798
196,168,2016-05,2017-04,2017-05,2014-01,2014-12,2015-01,101.5,100.8,0.7,0.909317,0.909317,0.832660800961353,0.6141971243440548,0.6877293580168145,0.6509632411804347
196,169,2016-05,2017-04,2017-05,2014-02,2015-01,2015-02,101.5,101.4,0.1,1.110163,1.110163,0.7273507672802625,0.7498583246031569,0.6007493995840324,0.6753038620935947
196,170,2016-05,2017-04,2017-05,2014-03,2015-02,2015-03,101.5,101.4,0.1,1.169903,1.169903,0.37314510072243123,0.7902096390603965,0.3081961349335431,0.5492028869969698
196,171,2016-05,2017-04,2017-05,2014-04,2015-03,2015-04,101.5,101.5,0.0,1.183514,1.183514,0.33365751914761216,0.7994031733937995,0.2755816908589176,0.5374924321263586
196,172,2016-05,2017-04,2017-05,2014-05,2015-04,2015-05,101.5,101.2,0.3,1.444093,1.444093,0.5078672682413377,0.975410959968173,0.4194688040341407,0.6974398820011568
196,173,2016-05,2017-04,2017-05,2014-06,2015-05,2015-06,101.5,101.4,0.1,1.349242,1.349242,0.38821849645628603,0.911343960845581,0.3206458824888606,0.6159949216672208
196,174,2016-05,2017-04,2017-05,2014-07,2015-06,2015-07,101.5,101.6,-0.1,1.402706,1.402706,0.669755388610145,0.9474561583035968,0.5531789690416036,0.7503175636726002
196,175,2016-05,2017-04,2017-05,2014-08,2015-07,2015-08,101.5,102.0,-0.5,1.346278,1.346278,0.9877236234967552,0.9093419304463299,0.8158022242685032,0.8625720773574166
196,176,2016-05,2017-04,2017-05,2014-09,2015-08,2015-09,101.5,101.6,-0.1,1.665408,1.665408,1.5130096154786719,1.1248979227921434,1.249657880285768,1.1872779015389558
196,177,2016-05,2017-04,2017-05,2014-10,2015-09,2015-10,101.5,101.3,0.2,1.604471,1.604471,0.9877236234967826,1.0837380960582832,0.8158022242685258,0.9497701601634045
196,178,2016-05,2017-04,2017-05,2014-11,2015-10,2015-11,101.5,101.5,0.0,1.652227,1.652227,0.8149712573553137,1.1159948314653796,0.6731188245874205,0.8945568280264
196,179,2016-05,2017-04,2017-05,2014-12,2015-11,2015-12,101.5,101.6,-0.1,1.307795,1.307795,0.9214957570358417,0.8833486322498458,0.7611018612498515,0.8222252467498486
196,180,2016-05,2017-04,2017-05,2015-01,2015-12,2016-01,101.5,101.8,-0.3,1.349898,1.349898,1.0038398136353215,0.9117870552929186,0.8291132593080733,0.8704501573004959
196,181,2016-05,2017-04,2017-05,2015-02,2016-01,2016-02,101.5,102.3,-0.8,1.39808,1.39808,1.1295700518608633,0.9443315319112433,0.9329591181719955,0.9386453250416193
196,182,2016-05,2017-04,2017-05,2015-03,2016-02,2016-03,101.5,102.3,-0.8,1.622497,1.622497,1.8521472326138717,1.0959137370761307,1.5297658131228375,1.312839775099484
196,183,2016-05,2017-04,2017-05,2015-04,2016-03,2016-04,101.5,102.3,-0.8,1.809455,1.809455,1.8259682708639287,1.222194303669646,1.5081435144184332,1.3651689090440398
196,184,2016-05,2017-04,2017-05,2015-05,2016-04,2016-05,101.5,102.0,-0.5,1.900034,1.900034,1.8198440002687815,1.2833757852937224,1.503085223359386,1.3932305043265543
197,162,2016-06,2017-05,2017-06,2013-07,2014-06,2014-07,101.5,102.3,-0.8,1.282962,1.282962,2.5858087622767343,0.866575210892018,2.135727535127922,1.5011513730099701
197,163,2016-06,2017-05,2017-06,2013-08,2014-07,2014-08,101.5,102.0,-0.5,1.30022,1.30022,2.512081464335979,0.8782321071910311,2.074833078198319,1.4765325926946749
197,164,2016-06,2017-05,2017-06,2013-09,2014-08,2014-09,101.5,101.6,-0.1,1.553479,1.553479,2.1696503377997542,1.0492956081640152,1.7920048982890036,1.4206502532265093
197,165,2016-06,2017-05,2017-06,2013-10,2014-09,2014-10,101.5,101.6,-0.1,1.307226,1.307226,1.690394385070836,0.8829643018526887,1.3961673755961421,1.1395658387244154
197,166,2016-06,2017-05,2017-06,2013-11,2014-10,2014-11,101.5,101.4,0.1,1.247423,1.247423,1.3473910354191876,0.842570434117732,1.1128665726987401,0.9777185034082361
197,167,2016-06,2017-05,2017-06,2013-12,2014-11,2014-12,101.5,101.5,0.0,0.886607,0.886607,1.0058114785472312,0.5988576809004004,0.8307417397679754,0.7147997103341879
197,168,2016-06,2017-05,2017-06,2014-01,2014-12,2015-01,101.5,100.8,0.7,0.889347,0.889347,0.7764369929125721,0.600708410756658,0.6412917649777212,0.6210000878671896
197,169,2016-06,2017-05,2017-06,2014-02,2015-01,2015-02,101.5,101.4,0.1,0.995944,0.995944,1.2283694606244215,0.6727092321024629,1.0145616793625232,0.843635455732493
197,170,2016-06,2017-05,2017-06,2014-03,2015-02,2015-03,101.5,101.4,0.1,1.105703,1.105703,0.32554512456382734,0.7468458227203433,0.2688813251005632,0.5078635739104532
197,171,2016-06,2017-05,2017-06,2014-04,2015-03,2015-04,101.5,101.5,0.0,1.185445,1.185445,0.17763208747912618,0.8007074651282644,0.1467137654902961,0.47371061530928027
197,172,2016-06,2017-05,2017-06,2014-05,2015-04,2015-05,101.5,101.2,0.3,1.179118,1.179118,0.0,0.7964339002375554,0.0,0.3982169501187777
197,173,2016-06,2017-05,2017-06,2014-06,2015-05,2015-06,101.5,101.4,0.1,1.488252,1.488252,0.5700113900734625,1.0052381058522915,0.4707962316766839,0.7380171687644876
197,174,2016-06,2017-05,2017-06,2014-07,2015-06,2015-07,101.5,101.6,-0.1,1.398143,1.398143,0.5025004877625373,0.9443740851889602,0.4150361557227981,0.6797051204558792
197,175,2016-06,2017-05,2017-06,2014-08,2015-07,2015-08,101.5,102.0,-0.5,1.505062,1.505062,0.6469704788879712,1.0165924010653178,0.5343599597672268,0.7754761804162723
197,176,2016-06,2017-05,2017-06,2014-09,2015-08,2015-09,101.5,101.6,-0.1,1.461353,1.461353,1.037000901933653,0.9870692071648912,0.8565023881588848,0.921785797661888
197,177,2016-06,2017-05,2017-06,2014-10,2015-09,2015-10,101.5,101.3,0.2,1.693033,1.693033,0.6469704788880067,1.1435571973465668,0.5343599597672561,0.8389585785569115
197,178,2016-06,2017-05,2017-06,2014-11,2015-10,2015-11,101.5,101.5,0.0,1.612698,1.612698,0.7653731664642837,1.089295013769025,0.6321536882822578,0.8607243510256414
197,179,2016-06,2017-05,2017-06,2014-12,2015-11,2015-12,101.5,101.6,-0.1,1.65532,1.65532,0.6685985216746698,1.1180839947666223,0.5522234642863338,0.8351537295264782
197,180,2016-06,2017-05,2017-06,2015-01,2015-12,2016-01,101.5,101.8,-0.3,1.33177,1.33177,0.6678439647303831,0.8995425184921009,0.5516002441680308,0.7255713813300658
197,181,2016-06,2017-05,2017-06,2015-02,2016-01,2016-02,101.5,102.3,-0.8,1.253124,1.253124,0.657545588027694,0.8464211680266829,0.5430943844107581,0.6947577762187205
197,182,2016-06,2017-05,2017-06,2015-03,2016-02,2016-03,101.5,102.3,-0.8,1.444385,1.444385,1.3445266345981155,0.9756081910331463,1.1105007443380146,1.0430544676855804
197,183,2016-06,2017-05,2017-06,2015-04,2016-03,2016-04,101.5,102.3,-0.8,1.615767,1.615767,1.3241327407893881,1.091367966297804,1.093656575043212,1.092512270670508
197,184,2016-06,2017-05,2017-06,2015-05,2016-04,2016-05,101.5,102.0,-0.5,1.793657,1.793657,1.3297416324818252,1.2115235626955003,1.0982891931253553,1.1549063779104278
197,185,2016-06,2017-05,2017-06,2015-06,2016-05,2016-06,101.5,101.9,-0.4,1.913488,1.913488,0.880533454750673,1.2924632741572595,0.7272693837020374,1.0098663289296486
198,162,2016-07,2017-06,2017-07,2013-07,2014-06,2014-07,101.4,102.3,-0.9,0.838658,0.838658,2.6602905707081264,0.5664705838647427,2.1972451738078176,1.38185787883628
198,163,2016-07,2017-06,2017-07,2013-08,2014-07,2014-08,101.4,102.0,-0.6,1.28247,1.28247,2.5858087622766712,0.8662428900565148,2.13572753512787,1.5009852125921925
198,164,2016-07,2017-06,2017-07,2013-09,2014-08,2014-09,101.4,101.6,-0.2,1.288553,1.288553,2.2496462653122813,0.8703516454271776,1.858076878390182,1.3642142619086797
198,165,2016-07,2017-06,2017-07,2013-10,2014-09,2014-10,101.4,101.6,-0.2,1.552826,1.552826,1.7762711098194275,1.0488545400632356,1.4670965519327097,1.2579755459979727
198,166,2016-07,2017-06,2017-07,2013-11,2014-10,2014-11,101.4,101.4,0.0,1.323088,1.323088,1.433048256385001,0.8936782715534041,1.18361445168657,1.038646361619987
198,167,2016-07,2017-06,2017-07,2013-12,2014-11,2014-12,101.4,101.5,-0.1,1.258723,1.258723,1.0909996597054694,0.8502030061526636,0.9011022191743963,0.87565261266353
198,168,2016-07,2017-06,2017-07,2014-01,2014-12,2015-01,101.4,100.8,0.6,0.90255,0.90255,0.8627077699028128,0.6096263619581802,0.7125464055307642,0.6610863837444723
198,169,2016-07,2017-06,2017-07,2014-02,2015-01,2015-02,101.4,101.4,0.0,0.984287,0.984287,1.2597774902342955,0.6648355248271358,1.0405028837704082,0.852669204298772
198,170,2016-07,2017-06,2017-07,2014-03,2015-02,2015-03,101.4,101.4,0.0,0.996386,0.996386,0.40224306127770193,0.6730077804953337,0.33222935675588716,0.5026185686256104
198,171,2016-07,2017-06,2017-07,2014-04,2015-03,2015-04,101.4,101.5,-0.1,1.111156,1.111156,0.22396378258204133,0.7505290453138372,0.1849810489893755,0.4677550471516064
198,172,2016-07,2017-06,2017-07,2014-05,2015-04,2015-05,101.4,101.2,0.2,1.182175,1.182175,0.08627077699024083,0.7984987473801027,0.071254640553043,0.43487669396657286
198,173,2016-07,2017-06,2017-07,2014-06,2015-05,2015-06,101.4,101.4,0.0,1.183989,1.183989,0.5328962624373603,0.7997240115988077,0.4401412964708733,0.6199326540348404
198,174,2016-07,2017-06,2017-07,2014-07,2015-06,2015-07,101.4,101.6,-0.2,1.542644,1.542644,0.42199558122870723,1.0419771198455654,0.34854378857426416,0.6952604542099148
198,175,2016-07,2017-06,2017-07,2014-08,2015-07,2015-08,101.4,102.0,-0.6,1.477585,1.477585,0.5639991724805395,0.9980330929410867,0.4658304898756234,0.7319317914083551
198,176,2016-07,2017-06,2017-07,2014-09,2015-08,2015-09,101.4,101.6,-0.2,1.589378,1.589378,0.9873677818408968,1.0735435465252547,0.8155083197719103,0.9445259331485825
198,177,2016-07,2017-06,2017-07,2014-10,2015-09,2015-10,101.4,101.3,0.1,1.485565,1.485565,0.5639991724805747,1.0034231747852242,0.4658304898756525,0.7346268323304384
198,178,2016-07,2017-06,2017-07,2014-11,2015-10,2015-11,101.4,101.5,-0.1,1.699295,1.699295,0.6885901389840033,1.1477868580618535,0.5687353766064431,0.8582611173341483
198,179,2016-07,2017-06,2017-07,2014-12,2015-11,2015-12,101.4,101.6,-0.2,1.614955,1.614955,0.582327744684429,1.0908195018294533,0.4809688237332909,0.7858941627813721
198,180,2016-07,2017-06,2017-07,2015-01,2015-12,2016-01,101.4,101.8,-0.4,1.668107,1.668107,0.5846524640773739,1.1267209592454426,0.48288890664560447,0.8048049329455236
198,181,2016-07,2017-06,2017-07,2015-02,2016-01,2016-02,101.4,102.3,-0.9,1.246499,1.246499,0.6044686738551047,0.8419463193778847,0.4992559425539009,0.6706011309658928
198,182,2016-07,2017-06,2017-07,2015-03,2016-02,2016-03,101.4,102.3,-0.9,1.339605,1.339605,1.3320134983597092,0.9048346602526044,1.1001656221104756,1.00250014118154
198,183,2016-07,2017-06,2017-07,2015-04,2016-03,2016-04,101.4,102.3,-0.9,1.460054,1.460054,1.324132740789387,0.9861917991053004,1.093656575043211,1.0399241870742557
198,184,2016-07,2017-06,2017-07,2015-05,2016-04,2016-05,101.4,102.0,-0.6,1.613416,1.613416,1.3408890323234948,1.0897799860452266,1.1074962965795072,1.098638141312367
198,185,2016-07,2017-06,2017-07,2015-06,2016-05,2016-06,101.4,101.9,-0.5,1.803108,1.803108,0.9137178670876347,1.217907229801884,0.7546777768512223,0.9862925033265532
198,186,2016-07,2017-06,2017-07,2015-07,2016-06,2016-07,101.4,101.8,-0.4,1.922965,1.922965,0.827006184118561,1.2988645029338122,0.6830589736218309,0.9909617382778215
199,162,2016-08,2017-07,2017-08,2013-07,2014-06,2014-07,101.8,102.3,-0.5,0.901709,0.901709,2.819220382129348,0.6090583094731026,2.328511947807814,1.4687851286404583
199,163,2016-08,2017-07,2017-08,2013-08,2014-07,2014-08,101.8,102.0,-0.2,0.833743,0.833743,2.746339255000512,0.5631507527539739,2.268316378718952,1.415733565736463
199,164,2016-08,2017-07,2017-08,2013-09,2014-08,2014-09,101.8,101.6,0.2,1.260959,1.260959,2.393815512758087,0.8517133097871863,1.9771522856595019,1.414432797723344
199,165,2016-08,2017-07,2017-08,2013-10,2014-09,2014-10,101.8,101.6,0.2,1.270262,1.270262,1.8840993171172984,0.8579970104633782,1.556156375207026,1.2070766928352021
199,166,2016-08,2017-07,2017-08,2013-11,2014-10,2014-11,101.8,101.4,0.4,1.560917,1.560917,1.5455669867756423,1.0543195967300172,1.276548374031756,1.1654339853808866
199,167,2016-08,2017-07,2017-08,2013-12,2014-11,2014-12,101.8,101.5,0.3,1.30493,1.30493,1.1646554893688212,0.881413471287007,0.9619376474665514,0.9216755593767791
199,168,2016-08,2017-07,2017-08,2014-01,2014-12,2015-01,101.8,100.8,1.0,1.244708,1.244708,0.963289651168934,0.8407365904827906,0.7956211852626895,0.8181788878727401
199,169,2016-08,2017-07,2017-08,2014-02,2015-01,2015-02,101.8,101.4,0.4,0.959625,0.959625,1.1507848223353032,0.6481776052231109,0.9504812838149748,0.7993294445190429
199,170,2016-08,2017-07,2017-08,2014-03,2015-02,2015-03,101.8,101.4,0.4,0.976008,0.976008,0.4529215791990126,0.6592434837760563,0.3740868629036808,0.5166651733398686
199,171,2016-08,2017-07,2017-08,2014-04,2015-03,2015-04,101.8,101.5,0.3,0.977141,0.977141,0.2372446367233186,0.6600087673261075,0.19595026152099737,0.4279795144235524
199,172,2016-08,2017-07,2017-08,2014-05,2015-04,2015-05,101.8,101.2,0.6,1.104589,1.104589,0.23903400895228258,0.7460933726984925,0.19742817883481556,0.47176077576665404
199,173,2016-08,2017-07,2017-08,2014-06,2015-05,2015-06,101.8,101.4,0.4,1.161465,1.161465,0.3479882386260141,0.784510201641746,0.28741803105341396,0.53596411634758
199,174,2016-08,2017-07,2017-08,2014-07,2015-06,2015-07,101.8,101.6,0.2,1.175206,1.175206,0.30194771946597165,0.7937915443259932,0.24939124193575685,0.521591393130875
199,175,2016-08,2017-07,2017-08,2014-08,2015-07,2015-08,101.8,102.0,-0.2,1.639563,1.639563,0.5608962785107371,1.1074409471954352,0.46326768005512664,0.785354313625281
199,176,2016-08,2017-07,2017-08,2014-09,2015-08,2015-09,101.8,101.6,0.2,1.562412,1.562412,1.091026150920357,1.055329392764727,0.9011240993760182,0.9782267460703726
199,177,2016-08,2017-07,2017-08,2014-10,2015-09,2015-10,101.8,101.3,0.5,1.610608,1.610608,0.5608962785107667,1.0878833256669889,0.4632676800551511,0.77557550286107
199,178,2016-08,2017-07,2017-08,2014-11,2015-10,2015-11,101.8,101.5,0.3,1.48253,1.48253,0.5434169303914302,1.001373187517435,0.44883075586371,0.7251019716905724
199,179,2016-08,2017-07,2017-08,2014-12,2015-11,2015-12,101.8,101.6,0.2,1.701689,1.701689,0.5229141275426157,1.1494038826150947,0.43189663404065687,0.7906502583278758
199,180,2016-08,2017-07,2017-08,2015-01,2015-12,2016-01,101.8,101.8,0.0,1.629272,1.629272,0.5784520282261513,1.1004899030528263,0.4777677075181056,0.7891288052854659
199,181,2016-08,2017-07,2017-08,2015-02,2016-01,2016-02,101.8,102.3,-0.5,1.722697,1.722697,0.7105283499164596,1.163593712111541,0.5868550619611472,0.8752243870363441
199,182,2016-08,2017-07,2017-08,2015-03,2016-02,2016-03,101.8,102.3,-0.5,1.359916,1.359916,1.4902639784160379,0.9185537018987542,1.2308713079423743,1.0747125049205644
199,183,2016-08,2017-07,2017-08,2015-04,2016-03,2016-04,101.8,102.3,-0.5,1.392086,1.392086,1.4944718773244374,0.9402828914884663,1.234346787527257,1.0873148395078616
199,184,2016-08,2017-07,2017-08,2015-05,2016-04,2016-05,101.8,102.0,-0.2,1.486838,1.486838,1.5191684112496189,1.0042830211746463,1.2547446871305479,1.129513854152597
199,185,2016-08,2017-07,2017-08,2015-06,2016-05,2016-06,101.8,101.9,-0.1,1.619281,1.619281,1.1001546144537178,1.093741493566012,0.908663678948192,1.001202586257102
199,186,2016-08,2017-07,2017-08,2015-07,2016-06,2016-07,101.8,101.8,0.0,1.811168,1.811168,1.011569247196507,1.2233513475542335,0.8354973215513426,1.029424334552788
199,187,2016-08,2017-07,2017-08,2015-08,2016-07,2016-08,101.8,101.3,0.5,1.917833,1.917833,0.9105332747018023,1.2953980994220184,0.7520474888941994,1.0237227941581089
200,162,2016-09,2017-08,2017-09,2013-07,2014-06,2014-07,101.6,102.3,-0.7,0.876005,0.876005,2.4312066076466943,0.5916965721646177,2.0080351537536867,1.2998658629591522
200,163,2016-09,2017-08,2017-09,2013-08,2014-07,2014-08,101.6,102.0,-0.4,0.886886,0.886886,2.350265501387969,0.5990461311302894,1.9411825110206375,1.2701143210754635
200,164,2016-09,2017-08,2017-09,2013-09,2014-08,2014-09,101.6,101.6,0.0,0.881554,0.881554,2.096766875154937,0.5954446378479659,1.7318074001998758,1.163626019023921
200,165,2016-09,2017-08,2017-09,2013-10,2014-09,2014-10,101.6,101.6,0.0,1.230299,1.230299,1.7780374288540757,0.831004047964974,1.4685554286497944,1.1497797383073842
200,166,2016-09,2017-08,2017-09,2013-11,2014-10,2014-11,101.6,101.4,0.2,1.181573,1.181573,1.4404133579913663,0.7980921271708082,1.189697596940467,0.9938948620556376
200,167,2016-09,2017-08,2017-09,2013-12,2014-11,2014-12,101.6,101.5,0.1,1.520553,1.520553,1.2468876946957321,1.0270557792417006,1.0298566628837407,1.0284562210627206
200,168,2016-09,2017-08,2017-09,2014-01,2014-12,2015-01,101.6,100.8,0.8,1.280054,1.280054,0.976635373691399,0.8646110056285153,0.8066439753016209,0.8356274904650681
200,169,2016-09,2017-08,2017-09,2014-02,2015-01,2015-02,101.6,101.4,0.2,1.268526,1.268526,1.7209901304753799,0.8568244312551799,1.4214376805280173,1.1391310558915986
200,170,2016-09,2017-08,2017-09,2014-03,2015-02,2015-03,101.6,101.4,0.2,0.968065,0.968065,0.7462902014448244,0.6538783935394668,0.6163922698670546,0.6351353317032606
200,171,2016-09,2017-08,2017-09,2014-04,2015-03,2015-04,101.6,101.5,0.1,0.874933,0.874933,0.674249708222466,0.5909724909945782,0.5568910154573052,0.5739317532259417
200,172,2016-09,2017-08,2017-09,2014-05,2015-04,2015-05,101.6,101.2,0.4,0.972022,0.972022,0.5004862787214113,0.6565511446493982,0.4133725362883706,0.5349618404688844
200,173,2016-09,2017-08,2017-09,2014-06,2015-05,2015-06,101.6,101.4,0.2,0.964987,0.964987,1.0157345364826753,0.6517993619710138,0.8389376080682814,0.7453684850196476
200,174,2016-09,2017-08,2017-09,2014-07,2015-06,2015-07,101.6,101.6,0.0,1.007762,1.007762,0.7783260470162832,0.6806916866430666,0.6428520137182699,0.6617718501806682
200,175,2016-09,2017-08,2017-09,2014-08,2015-07,2015-08,101.6,102.0,-0.4,0.897945,0.897945,0.6510902491276033,0.6065159199917325,0.5377626502010838,0.5721392850964082
200,176,2016-09,2017-08,2017-09,2014-09,2015-08,2015-09,101.6,101.6,0.0,1.539495,1.539495,0.6510902491276033,1.0398501314085744,0.5377626502010838,0.7888063908048291
200,177,2016-09,2017-08,2017-09,2014-10,2015-09,2015-10,101.6,101.3,0.3,1.535613,1.535613,0.6510902491276349,1.0372280389625916,0.53776265020111,0.7874953445818509
200,178,2016-09,2017-08,2017-09,2014-11,2015-10,2015-11,101.6,101.5,0.1,1.601084,1.601084,1.0370009019336754,1.0814503507943616,0.8565023881589033,0.9689763694766325
200,179,2016-09,2017-08,2017-09,2014-12,2015-11,2015-12,101.6,101.6,0.0,1.483014,1.483014,0.7816583188547587,1.001700104762117,0.6456042763077499,0.8236521905349334
200,180,2016-09,2017-08,2017-09,2015-01,2015-12,2016-01,101.6,101.8,-0.2,1.685905,1.685905,0.6697553886101771,1.138742597924886,0.5531789690416301,0.8459607834832581
200,181,2016-09,2017-08,2017-09,2015-02,2016-01,2016-02,101.6,102.3,-0.7,1.776299,1.776299,0.36665080220873497,1.1997991215112223,0.3028322223506074,0.7513156719309149
200,182,2016-09,2017-08,2017-09,2015-03,2016-02,2016-03,101.6,102.3,-0.7,1.622724,1.622724,0.8449481211852472,1.0960670639656818,0.6978779693595958,0.8969725166626388
200,183,2016-09,2017-08,2017-09,2015-04,2016-03,2016-04,101.6,102.3,-0.7,1.360381,1.360381,0.8274248637064335,0.9188677856152361,0.6834047785928946,0.8011362821040653
200,184,2016-09,2017-08,2017-09,2015-05,2016-04,2016-05,101.6,102.0,-0.4,1.388027,1.388027,0.8496147008451154,0.9375412445955649,0.7017322925484742,0.8196367685720196
200,185,2016-09,2017-08,2017-09,2015-06,2016-05,2016-06,101.6,101.9,-0.3,1.544466,1.544466,0.49386181174835814,1.0432077876550914,0.4079011121342355,0.7255544498946634
200,186,2016-09,2017-08,2017-09,2015-07,2016-06,2016-07,101.6,101.8,-0.2,1.67635,1.67635,0.5025004877625798,1.1322886841378268,0.4150361557228332,0.77366241993033
200,187,2016-09,2017-08,2017-09,2015-08,2016-07,2016-08,101.6,101.3,0.3,1.852709,1.852709,0.5176246619416657,1.2514101683421175,0.4275278433184403,0.839469005830279
200,188,2016-09,2017-08,2017-09,2015-09,2016-08,2016-09,101.6,101.9,-0.3,1.888839,1.888839,0.9047649144417219,1.275814135388319,0.7472831590567738,1.0115486472225463
201,162,2016-10,2017-09,2017-10,2013-07,2014-06,2014-07,101.9,102.3,-0.4,1.135212,1.135212,2.620610109268439,0.766777642913157,2.1644714221910486,1.465624532552103
201,163,2016-10,2017-09,2017-10,2013-08,2014-07,2014-08,101.9,102.0,-0.1,0.887535,0.887535,2.543504616136102,0.5994844974356585,2.100786772655189,1.3501356350454237
201,164,2016-10,2017-09,2017-10,2013-09,2014-08,2014-09,101.9,101.6,0.3,0.917834,0.917834,2.235386575817083,0.6199499222220647,1.8462992048276348,1.2331245635248498
201,165,2016-10,2017-09,2017-10,2013-10,2014-09,2014-10,101.9,101.6,0.3,0.95067,0.95067,1.81168631679594,0.6421289607476408,1.496347451614632,1.0692382061811365
201,166,2016-10,2017-09,2017-10,2013-11,2014-10,2014-11,101.9,101.4,0.5,1.270873,1.270873,1.4666032088347931,0.8584097097123465,1.2113288894023084,1.0348692995573274
201,167,2016-10,2017-09,2017-10,2013-12,2014-11,2014-12,101.9,101.5,0.4,1.226477,1.226477,1.1693049281547125,0.8284224824501503,0.9657778132911797,0.897100147870665
201,168,2016-10,2017-09,2017-10,2014-01,2014-12,2015-01,101.9,100.8,1.1,1.542963,1.542963,0.9208249004030488,1.0421925880295604,0.7605477727172109,0.9013701803733856
201,169,2016-10,2017-09,2017-10,2014-02,2015-01,2015-02,101.9,101.4,0.5,1.326129,1.326129,1.4290539704513574,0.895732311514309,1.1803154039858632,1.038023857750086
201,170,2016-10,2017-09,2017-10,2014-03,2015-02,2015-03,101.9,101.4,0.5,1.276431,1.276431,0.5266795994100417,0.8621638544353688,0.43500669464039377,0.6485852745378813
201,171,2016-10,2017-09,2017-10,2014-04,2015-03,2015-04,101.9,101.5,0.4,0.983362,0.983362,0.38359494077845135,0.6642107346384356,0.3168270946050056,0.4905189146217206
201,172,2016-10,2017-09,2017-10,2014-05,2015-04,2015-05,101.9,101.2,0.7,0.87792,0.87792,0.2100300579712903,0.5929900567174402,0.17347260344916127,0.38323133008330074
201,173,2016-10,2017-09,2017-10,2014-06,2015-05,2015-06,101.9,101.4,0.5,0.974081,0.974081,0.6787192495392345,0.6579418938370021,0.5605825964430582,0.6092622451400301
201,174,2016-10,2017-09,2017-10,2014-07,2015-06,2015-07,101.9,101.6,0.3,0.951045,0.951045,0.4780680179045386,0.6423822540673841,0.3948563576696092,0.5186193058684967
201,175,2016-10,2017-09,2017-10,2014-08,2015-07,2015-08,101.9,102.0,-0.1,0.966457,0.966457,0.49605696769407787,0.6527922717844076,0.40971418318015673,0.5312532274822821
201,176,2016-10,2017-09,2017-10,2014-09,2015-08,2015-09,101.9,101.6,0.3,0.997128,0.997128,0.827006184118539,0.6735089635439991,0.6830589736218127,0.6782839685829058
201,177,2016-10,2017-09,2017-10,2014-10,2015-09,2015-10,101.9,101.3,0.6,1.558072,1.558072,0.4960569676941146,1.052397944744231,0.4097141831801871,0.7310560639622091
201,178,2016-10,2017-09,2017-10,2014-11,2015-10,2015-11,101.9,101.5,0.4,1.549911,1.549911,0.7488336667364031,1.0468856066577643,0.6184930241599143,0.8326893154088393
201,179,2016-10,2017-09,2017-10,2014-12,2015-11,2015-12,101.9,101.6,0.3,1.60099,1.60099,0.5639991724804693,1.0813868586022126,0.4658304898755654,0.773608674238889
201,180,2016-10,2017-09,2017-10,2015-01,2015-12,2016-01,101.9,101.8,0.1,1.492435,1.492435,0.5176246619416657,1.0080635084029215,0.4275278433184403,0.7177956758606809
201,181,2016-10,2017-09,2017-10,2015-02,2016-01,2016-02,101.9,102.3,-0.4,1.695362,1.695362,0.4479275651640753,1.145130317724386,0.3699620979787449,0.7575462078515653
201,182,2016-10,2017-09,2017-10,2015-03,2016-02,2016-03,101.9,102.3,-0.4,1.68114,1.68114,1.1630115844573712,1.1355240841420147,0.9605798776903268,1.0480519809161708
201,183,2016-10,2017-09,2017-10,2015-04,2016-03,2016-04,101.9,102.3,-0.4,1.589069,1.589069,1.1612103412670993,1.0733348328297863,0.959092155653397,1.0162134942415917
201,184,2016-10,2017-09,2017-10,2015-05,2016-04,2016-05,101.9,102.0,-0.1,1.359017,1.359017,1.1865709554703066,0.917946473380223,0.9800385469146968,0.9489925101474599
201,185,2016-10,2017-09,2017-10,2015-06,2016-05,2016-06,101.9,101.9,0.0,1.341109,1.341109,0.7898942254727211,0.9058505353269882,0.6524066558175313,0.7791285955722598
201,186,2016-10,2017-09,2017-10,2015-07,2016-06,2016-07,101.9,101.8,0.1,1.521192,1.521192,0.7328222316803854,1.0274873910585434,0.6052685107214414,0.8163779508899924
201,187,2016-10,2017-09,2017-10,2015-08,2016-07,2016-08,101.9,101.3,0.6,1.66447,1.66447,0.6697553886101771,1.1242643517683588,0.5531789690416301,0.8387216604049945
201,188,2016-10,2017-09,2017-10,2015-09,2016-08,2016-09,101.9,101.9,0.0,1.822094,1.822094,0.6575455880277181,1.2307313017182744,0.543094384410778,0.8869128430645261
201,189,2016-10,2017-09,2017-10,2015-10,2016-09,2016-10,101.9,102.1,-0.2,1.886327,1.886327,0.7016926260621089,1.2741174078704651,0.5795572683254305,0.9268373380979478
202,162,2016-11,2017-10,2017-11,2013-07,2014-06,2014-07,101.7,102.3,-0.6,1.506827,1.506827,2.4837813993864253,1.017784568290243,2.051458871706168,1.5346217199982055
202,163,2016-11,2017-10,2017-11,2013-08,2014-07,2014-08,101.7,102.0,-0.3,1.180007,1.180007,2.4007385906177308,0.7970343742675602,1.9828703450258323,1.3899523596466963
202,164,2016-11,2017-10,2017-11,2013-09,2014-08,2014-09,101.7,101.6,0.1,0.984057,0.984057,2.18460963872703,0.6646801715910265,1.804360410174777,1.2345202908829018
202,165,2016-11,2017-10,2017-11,2013-10,2014-09,2014-10,101.7,101.6,0.1,1.123911,1.123911,1.920068640619598,0.7591443954293728,1.5858649428878573,1.1725046691586152
202,166,2016-11,2017-10,2017-11,2013-11,2014-10,2014-11,101.7,101.4,0.3,1.128366,1.128366,1.589216995422482,0.7621535200679231,1.3126007406010245,1.0373771303344739
202,167,2016-11,2017-10,2017-11,2013-12,2014-11,2014-12,101.7,101.5,0.2,1.451467,1.451467,1.4284919140693038,0.9803917198076052,1.1798511781278034,1.0801214489677042
202,168,2016-11,2017-10,2017-11,2014-01,2014-12,2015-01,101.7,100.8,0.9,1.345251,1.345251,1.1569040564523294,0.9086482444746595,0.9555354150362334,0.9320918297554465
202,169,2016-11,2017-10,2017-11,2014-02,2015-01,2015-02,101.7,101.4,0.3,1.647318,1.647318,1.9106210043094531,1.1126790530477266,1.5780617451789576,1.345370399113342
202,170,2016-11,2017-10,2017-11,2014-03,2015-02,2015-03,101.7,101.4,0.3,1.375333,1.375333,0.9430295311116094,0.9289670968600409,0.7788875053004762,0.8539273010802586
202,171,2016-11,2017-10,2017-11,2014-04,2015-03,2015-04,101.7,101.5,0.2,1.371935,1.371935,0.8604950652377001,0.9266719216587402,0.7107188402640171,0.8186953809613786
202,172,2016-11,2017-10,2017-11,2014-05,2015-04,2015-05,101.7,101.2,0.5,1.009529,1.009529,0.6838401137857357,0.6818852047656969,0.5648121322596494,0.6233486685126732
202,173,2016-11,2017-10,2017-11,2014-06,2015-05,2015-06,101.7,101.4,0.3,0.999069,0.999069,1.163011584457378,0.6748200097669904,0.9605798776903325,0.8176999437286614
202,174,2016-11,2017-10,2017-11,2014-07,2015-06,2015-07,101.7,101.6,0.1,1.053207,1.053207,0.880533454750673,0.7113874597516915,0.7272693837020374,0.7193284217268645
202,175,2016-11,2017-10,2017-11,2014-08,2015-07,2015-08,101.7,102.0,-0.3,0.97236,0.97236,0.671891347746134,0.6567794463615935,0.5549431469681348,0.6058612966648642
202,176,2016-11,2017-10,2017-11,2014-09,2015-08,2015-09,101.7,101.6,0.1,1.021837,1.021837,0.4821873354722926,0.6901986292440986,0.39825867422284195,0.5442286517334702
202,177,2016-11,2017-10,2017-11,2014-10,2015-09,2015-10,101.7,101.3,0.4,1.003569,1.003569,0.6718913477461588,0.67785952960391,0.5549431469681553,0.6164013382860327
202,178,2016-11,2017-10,2017-11,2014-11,2015-10,2015-11,101.7,101.5,0.2,1.605956,1.605956,1.1194353021672596,1.0847411376044667,0.924588404800601,1.0046647712025338
202,179,2016-11,2017-10,2017-11,2014-12,2015-11,2015-12,101.7,101.6,0.1,1.539713,1.539713,0.827006184118561,1.0399973792584518,0.6830589736218309,0.8615281764401413
202,180,2016-11,2017-10,2017-11,2015-01,2015-12,2016-01,101.7,101.8,-0.1,1.597512,1.597512,0.686614955333679,1.0790376474927001,0.5671039898734126,0.8230708186830564
202,181,2016-11,2017-10,2017-11,2015-02,2016-01,2016-02,101.7,102.3,-0.6,1.289112,1.289112,0.3071652523453097,0.8707292213358082,0.2537006204166412,0.5622149208762247
202,182,2016-11,2017-10,2017-11,2015-03,2016-02,2016-03,101.7,102.3,-0.6,1.525495,1.525495,0.664870816240899,1.030393847471491,0.5491445965626665,0.7897692220170788
202,183,2016-11,2017-10,2017-11,2015-04,2016-03,2016-04,101.7,102.3,-0.6,1.564001,1.564001,0.6742497082224589,1.0564026809915859,0.5568910154572994,0.8066468482244427
202,184,2016-11,2017-10,2017-11,2015-05,2016-04,2016-05,101.7,102.0,-0.3,1.504872,1.504872,0.7273507672802257,1.0164640657833146,0.6007493995840021,0.8086067326836583
202,185,2016-11,2017-10,2017-11,2015-06,2016-05,2016-06,101.7,101.9,-0.2,1.230862,1.230862,0.5025004877625373,0.8313843256690152,0.4150361557227981,0.6232102406959067
202,186,2016-11,2017-10,2017-11,2015-07,2016-06,2016-07,101.7,101.8,-0.1,1.247376,1.247376,0.582327744684429,0.8425386880216577,0.4809688237332909,0.6617537558774743
202,187,2016-11,2017-10,2017-11,2015-08,2016-07,2016-08,101.7,101.3,0.4,1.489941,1.489941,0.6469704788879772,1.0063789389644153,0.5343599597672317,0.7703694493658235
202,188,2016-11,2017-10,2017-11,2015-09,2016-08,2016-09,101.7,101.9,-0.2,1.709678,1.709678,1.1001546144537548,1.154800043498906,0.9086636789482226,1.0317318612235644
202,189,2016-11,2017-10,2017-11,2015-10,2016-09,2016-10,101.7,102.1,-0.4,1.80335,1.80335,0.5391923561892534,1.2180706884242252,0.4453415034567238,0.8317060959404745
202,190,2016-11,2017-10,2017-11,2015-11,2016-10,2016-11,101.7,102.3,-0.6,1.849484,1.849484,0.7848769567446259,1.249231845792325,0.648262683869546,0.9487472648309355
203,162,2016-12,2017-11,2017-12,2013-07,2014-06,2014-07,101.8,102.3,-0.5,1.679689,1.679689,2.7116138639098057,1.1345440078568212,2.239635226809169,1.6870896173329952
203,163,2016-12,2017-11,2017-12,2013-08,2014-07,2014-08,101.8,102.0,-0.2,1.555348,1.555348,2.63152000687883,1.0505580220696158,2.17348236262557,1.6120201923475928
203,164,2016-12,2017-11,2017-12,2013-09,2014-08,2014-09,101.8,101.6,0.2,1.216636,1.216636,2.3605039913926804,0.8217753902912334,1.949638907850982,1.3857071490711077
203,165,2016-12,2017-11,2017-12,2013-10,2014-09,2014-10,101.8,101.6,0.2,1.175393,1.175393,1.9911119789584566,0.7939178532614385,1.644542605401506,1.2192302293314723
203,166,2016-12,2017-11,2017-12,2013-11,2014-10,2014-11,101.8,101.4,0.4,1.32776,1.32776,1.6474714635011578,0.8968339685929793,1.360715540633767,1.128774754613373
203,167,2016-12,2017-11,2017-12,2013-12,2014-11,2014-12,101.8,101.5,0.3,1.344465,1.344465,1.3859637776060696,0.9081173416764776,1.144725412685569,1.0264213771810233
203,168,2016-12,2017-11,2017-12,2014-01,2014-12,2015-01,101.8,100.8,1.0,1.571176,1.571176,1.127998344961051,1.061249026509341,0.9316609797512236,0.9964550031302823
203,169,2016-12,2017-11,2017-12,2014-02,2015-01,2015-02,101.8,101.4,0.4,1.49129,1.49129,1.6502319216806214,1.0072901194666386,1.362995518422325,1.185142818944482
203,170,2016-12,2017-11,2017-12,2014-03,2015-02,2015-03,101.8,101.4,0.4,1.696918,1.696918,0.7651180487357834,1.1461813161391072,0.6319429758872013,0.8890621460131543
203,171,2016-12,2017-11,2017-12,2014-04,2015-03,2015-04,101.8,101.5,0.3,1.500991,1.500991,0.6170355233147503,1.0138426487861847,0.5096354287758986,0.7617390387810417
203,172,2016-12,2017-11,2017-12,2014-05,2015-04,2015-05,101.8,101.2,0.6,1.392857,1.392857,0.4479275651640753,0.9408036625538586,0.3699620979787449,0.6553828802663018
203,173,2016-12,2017-11,2017-12,2014-06,2015-05,2015-06,101.8,101.4,0.4,1.166302,1.166302,0.8274248637064335,0.7877773477420082,0.6834047785928946,0.7355910631674514
203,174,2016-12,2017-11,2017-12,2014-07,2015-06,2015-07,101.8,101.6,0.2,1.130178,1.130178,0.5254242230065375,0.7633774333889227,0.43396982679810475,0.5986736300935137
203,175,2016-12,2017-11,2017-12,2014-08,2015-07,2015-08,101.8,102.0,-0.2,1.211951,1.211951,0.3633578023051636,0.8186109124165737,0.3001123960936035,0.5593616542550885
203,176,2016-12,2017-11,2017-12,2014-09,2015-08,2015-09,101.8,101.6,0.2,1.137545,1.137545,0.5924206691045261,0.7683534650863866,0.48930499186313625,0.6288292284747614
203,177,2016-12,2017-11,2017-12,2014-10,2015-09,2015-10,101.8,101.3,0.5,1.038677,1.038677,0.3633578023051964,0.7015731879227044,0.3001123960936306,0.5008427920081675
203,178,2016-12,2017-11,2017-12,2014-11,2015-10,2015-11,101.8,101.5,0.3,1.041625,1.041625,0.767189881556869,0.7035644111403131,0.6336541892099833,0.6686093001751482
203,179,2016-12,2017-11,2017-12,2014-12,2015-11,2015-12,101.8,101.6,0.2,1.610225,1.610225,0.49386181174838556,1.0876246287564244,0.40790111213425817,0.7477628704453413
203,180,2016-12,2017-11,2017-12,2015-01,2015-12,2016-01,101.8,101.8,0.0,1.560651,1.560651,0.38268658323216354,1.0541399273352126,0.31607684414114684,0.6851083857381797
203,181,2016-12,2017-11,2017-12,2015-02,2016-01,2016-02,101.8,102.3,-0.5,1.378486,1.378486,0.2100300579712903,0.9310967870924427,0.17347260344916127,0.552284695270802
203,182,2016-12,2017-11,2017-12,2015-03,2016-02,2016-03,101.8,102.3,-0.5,1.228017,1.228017,0.9946791412331956,0.8294626736832293,0.8215470770849608,0.825504875384095
203,183,2016-12,2017-11,2017-12,2015-04,2016-03,2016-04,101.8,102.3,-0.5,1.435434,1.435434,1.0257601706785808,0.9695622483530869,0.8472181983894553,0.9083902233712711
203,184,2016-12,2017-11,2017-12,2015-05,2016-04,2016-05,101.8,102.0,-0.2,1.498538,1.498538,1.0822505620930167,1.0121857727506371,0.8938759737725573,0.9530308732615973
203,185,2016-12,2017-11,2017-12,2015-06,2016-05,2016-06,101.8,101.9,-0.1,1.368343,1.368343,0.7816583188547302,0.9242457093800258,0.6456042763077263,0.7849249928438761
203,186,2016-12,2017-11,2017-12,2015-07,2016-06,2016-07,101.8,101.8,0.0,1.045418,1.045418,0.7848769567446692,0.7061263886384099,0.6482626838695819,0.677194536253996
203,187,2016-12,2017-11,2017-12,2015-08,2016-07,2016-08,101.8,101.3,0.5,1.141699,1.141699,0.7727834933878212,0.7711592796202897,0.638274187015878,0.7047167333180839
203,188,2016-12,2017-11,2017-12,2015-09,2016-08,2016-09,101.8,101.9,-0.1,1.546171,1.546171,0.8958551303281752,1.0443594279488577,0.7399241959575102,0.892141811953184
203,189,2016-12,2017-11,2017-12,2015-10,2016-09,2016-10,101.8,102.1,-0.3,1.688371,1.688371,0.745983016917054,1.140408254795518,0.6161385533262589,0.8782734040608885
203,190,2016-12,2017-11,2017-12,2015-11,2016-10,2016-11,101.8,102.3,-0.5,1.739205,1.739205,1.0702258360952186,1.1747440217710674,0.88394424997669,1.0293441358738786
203,191,2016-12,2017-11,2017-12,2015-12,2016-11,2016-12,101.8,102.1,-0.3,1.783365,1.783365,1.4187144009098682,1.2045718431040389,1.1717755213412993,1.188173682222669
204,162,2017-01,2017-12,2018-01,2013-07,2014-06,2014-07,101.5,102.3,-0.8,1.709851,1.709851,2.717084651957095,1.1549168961504144,2.2441537793185034,1.6995353377344589
204,163,2017-01,2017-12,2018-01,2013-08,2014-07,2014-08,101.5,102.0,-0.5,1.729987,1.729987,2.6350394371076744,1.1685177342473507,2.176389207152265,1.672453470699808
204,164,2017-01,2017-12,2018-01,2013-09,2014-08,2014-09,101.5,101.6,-0.1,1.603792,1.603792,2.3954056950209837,1.0832794662873346,1.9784656836548549,1.5308725749710947
204,165,2017-01,2017-12,2018-01,2013-10,2014-09,2014-10,101.5,101.6,-0.1,1.400428,1.400428,2.075472170527023,0.9459174858172628,1.7142192135985557,1.330068349707909
204,166,2017-01,2017-12,2018-01,2013-11,2014-10,2014-11,101.5,101.4,0.1,1.382026,1.382026,1.735673978359958,0.9334878760308194,1.433565684232789,1.1835267801318041
204,167,2017-01,2017-12,2018-01,2013-12,2014-11,2014-12,101.5,101.5,0.0,1.540722,1.540722,1.51132667729693,1.0406789071507743,1.2482678713001463,1.1444733892254604
204,168,2017-01,2017-12,2018-01,2014-01,2014-12,2015-01,101.5,100.8,0.7,1.473502,1.473502,1.2461740382575806,0.9952752352757217,1.0292672242029621,1.012271229739342
204,169,2017-01,2017-12,2018-01,2014-02,2015-01,2015-02,101.5,101.4,0.1,1.691193,1.691193,1.827435734175332,1.1423143714576929,1.5093555537024963,1.3258349625800947
204,170,2017-01,2017-12,2018-01,2014-03,2015-02,2015-03,101.5,101.4,0.1,1.542708,1.542708,0.9254812829082507,1.0420203485721349,0.7643936736498427,0.9032070111109888
204,171,2017-01,2017-12,2018-01,2014-04,2015-03,2015-04,101.5,101.5,0.0,1.822886,1.822886,0.7898942254727217,1.2312662572095723,0.6524066558175318,0.941836456513552
204,172,2017-01,2017-12,2018-01,2014-05,2015-04,2015-05,101.5,101.2,0.3,1.531309,1.531309,0.6170355233147284,1.0343209071007913,0.5096354287758806,0.771978167938336
204,173,2017-01,2017-12,2018-01,2014-06,2015-05,2015-06,101.5,101.4,0.1,1.56443,1.56443,0.9963145848829583,1.0566924485493723,0.8228978583515046,0.9397951534504385
204,174,2017-01,2017-12,2018-01,2014-07,2015-06,2015-07,101.5,101.6,-0.1,1.298492,1.298492,0.6704445161617358,0.877064931573654,0.5537481482897441,0.715406539931699
204,175,2017-01,2017-12,2018-01,2014-08,2015-07,2015-08,101.5,102.0,-0.5,1.255691,1.255691,0.4200601159425537,0.8481550452314324,0.34694520689830033,0.5975501260648663
204,176,2017-01,2017-12,2018-01,2014-09,2015-08,2015-09,101.5,101.6,-0.1,1.294418,1.294418,0.4200601159425537,0.8743131529479629,0.34694520689830033,0.6106291799231316
204,177,2017-01,2017-12,2018-01,2014-10,2015-09,2015-10,101.5,101.3,0.2,1.150138,1.150138,0.4200601159425764,0.776859392487793,0.3469452068983191,0.561902299693056
204,178,2017-01,2017-12,2018-01,2014-11,2015-10,2015-11,101.5,101.5,0.0,1.09519,1.09519,0.8881604373955809,0.7397448289324464,0.7335688274514393,0.7366568281919428
204,179,2017-01,2017-12,2018-01,2014-12,2015-11,2015-12,101.5,101.6,-0.1,0.998203,0.998203,0.5809237915275118,0.6742350710605965,0.47980924014033494,0.5770221556004658
204,180,2017-01,2017-12,2018-01,2015-01,2015-12,2016-01,101.5,101.8,-0.3,1.614635,1.614635,0.43368149243955284,1.0906033581966057,0.35819567107623557,0.7243995146364206
204,181,2017-01,2017-12,2018-01,2015-02,2016-01,2016-02,101.5,102.3,-0.8,1.338151,1.338151,0.0647030827427266,0.903852557620853,0.053440980414820226,0.47864676901783665
204,182,2017-01,2017-12,2018-01,2015-03,2016-02,2016-03,101.5,102.3,-0.8,1.259797,1.259797,0.8372052886300366,0.8509284382204085,0.691482840327127,0.7712056392737678
204,183,2017-01,2017-12,2018-01,2015-04,2016-03,2016-04,101.5,102.3,-0.8,1.115452,1.115452,0.8881604373955809,0.7534307735848166,0.7335688274514393,0.7434998005181279
204,184,2017-01,2017-12,2018-01,2015-05,2016-04,2016-05,101.5,102.0,-0.5,1.343452,1.343452,0.9644891159791976,0.9074331119887444,0.796611873383199,0.8520224926859717
204,185,2017-01,2017-12,2018-01,2015-06,2016-05,2016-06,101.5,101.9,-0.4,1.373034,1.373034,0.745983016917054,0.9274142399478014,0.6161385533262589,0.7717763966370301
204,186,2017-01,2017-12,2018-01,2015-07,2016-06,2016-07,101.5,101.8,-0.3,1.252182,1.252182,0.7938646443499674,0.8457848952074877,0.6556859907187946,0.7507354429631412
204,187,2017-01,2017-12,2018-01,2015-08,2016-07,2016-08,101.5,101.3,0.2,0.934852,0.934852,0.8195723814076741,0.631444710796442,0.6769190852542275,0.6541818980253348
204,188,2017-01,2017-12,2018-01,2015-09,2016-08,2016-09,101.5,101.9,-0.4,1.253463,1.253463,1.0635745027171615,0.8466501451877309,0.8784506357357341,0.8625503904617324
204,189,2017-01,2017-12,2018-01,2015-10,2016-09,2016-10,101.5,102.1,-0.6,1.504795,1.504795,0.7517299466077633,1.0164120562216608,0.6208851827607129,0.8186486194911868
204,190,2017-01,2017-12,2018-01,2015-11,2016-10,2016-11,101.5,102.3,-0.8,1.59681,1.59681,1.032885208475935,1.0785634823981407,0.8531030649096069,0.9658332736538737
204,191,2017-01,2017-12,2018-01,2015-12,2016-11,2016-12,101.5,102.1,-0.6,1.643318,1.643318,1.359073334127386,1.1099772576371314,1.1225154714837844,1.116246364560458
204,192,2017-01,2017-12,2018-01,2016-01,2016-12,2017-01,101.5,102.5,-1.0,1.734701,1.734701,1.2858559280187498,1.1717018001387374,1.062042155530142,1.1168719778344398
205,162,2017-02,2018-01,2018-02,2013-07,2014-06,2014-07,102.9,102.3,0.6,1.655682,1.655682,3.1004455659853165,1.1183285072512812,2.5607875814489405,1.839558044350111
205,163,2017-02,2018-01,2018-02,2013-08,2014-07,2014-08,102.9,102.0,0.9,1.847728,1.847728,3.0226533545938374,1.2480457576070738,2.496535742600274,1.8722907501036739
205,164,2017-02,2018-01,2018-02,2013-09,2014-08,2014-09,102.9,101.6,1.3,1.833175,1.833175,2.717084651957095,1.2382159504544759,2.2441537793185034,1.7411848648864896
205,165,2017-02,2018-01,2018-02,2013-10,2014-09,2014-10,102.9,101.6,1.3,1.872333,1.872333,2.2706421101063667,1.2646651766264978,1.875418224163378,1.5700417003949378
205,166,2017-02,2018-01,2018-02,2013-11,2014-10,2014-11,102.9,101.4,1.5,1.755981,1.755981,1.926640101695659,1.1860753517231037,1.5912925872561932,1.3886839694896485
205,167,2017-02,2018-01,2018-02,2013-12,2014-11,2014-12,102.9,101.5,1.4,1.728167,1.728167,1.5831087371169126,1.16728841733553,1.3075556747612012,1.2374220460483656
205,168,2017-02,2018-01,2018-02,2014-01,2014-12,2015-01,102.9,100.8,2.1,1.753794,1.753794,1.3587647375970011,1.184598145082361,1.1222605887110122,1.1534293668966866
205,169,2017-02,2018-01,2018-02,2014-02,2015-01,2015-02,102.9,101.4,1.5,1.666637,1.666637,1.5248792970247862,1.1257280494320487,1.2594615463886378,1.1925947979103433
205,170,2017-02,2018-01,2018-02,2014-03,2015-02,2015-03,102.9,101.4,1.5,1.810795,1.810795,0.8784255038627843,1.2230994051321955,0.7255283389582655,0.9743138720452305
205,171,2017-02,2018-01,2018-02,2014-04,2015-03,2015-04,102.9,101.5,1.4,1.791775,1.791775,0.6678439647304544,1.2102523679548152,0.5516002441680897,0.8809263060614525
205,172,2017-02,2018-01,2018-02,2014-05,2015-04,2015-05,102.9,101.2,1.7,1.958257,1.958257,0.582327744684429,1.3227024438414938,0.4809688237332909,0.9018356337873924
205,173,2017-02,2018-01,2018-02,2014-06,2015-05,2015-06,102.9,101.4,1.5,1.881039,1.881039,0.5809237915275309,1.2705456343376582,0.4798092401403507,0.8751774372390044
205,174,2017-02,2018-01,2018-02,2014-07,2015-06,2015-07,102.9,101.6,1.3,1.933002,1.933002,0.19747355636819558,1.3056439830678483,0.16310166395439546,0.7343728235111219
205,175,2017-02,2018-01,2018-02,2014-08,2015-07,2015-08,102.9,102.0,0.9,1.7228,1.7228,0.17096002844641328,1.1636632833433638,0.14120303306489532,0.6524331582041295
205,176,2017-02,2018-01,2018-02,2014-09,2015-08,2015-09,102.9,101.6,1.3,1.57016,1.57016,0.8282677111810394,1.06056277047505,0.6841009215504441,0.872331846012747
205,177,2017-02,2018-01,2018-02,2014-10,2015-09,2015-10,102.9,101.3,1.6,1.360541,1.360541,0.17096002844642258,0.9189758574316598,0.14120303306490298,0.5300894452482814
205,178,2017-02,2018-01,2018-02,2014-11,2015-10,2015-11,102.9,101.5,1.4,1.183934,1.183934,0.3479882386260027,0.7996868619119121,0.2874180310534046,0.5435524464826583
205,179,2017-02,2018-01,2018-02,2014-12,2015-11,2015-12,102.9,101.6,1.3,0.945156,0.945156,0.08627077699024083,0.6384045357741354,0.071254640553043,0.35482958816358917
205,180,2017-02,2018-01,2018-02,2015-01,2015-12,2016-01,102.9,101.8,1.1,0.899557,0.899557,0.17763208747909942,0.6076047435422024,0.146713765490274,0.3771592545162382
205,181,2017-02,2018-01,2018-02,2015-02,2016-01,2016-02,102.9,102.3,0.6,1.193095,1.193095,0.518741874726419,0.8058746488510278,0.4284505960532147,0.6171626224521213
205,182,2017-02,2018-01,2018-02,2015-03,2016-02,2016-03,102.9,102.3,0.6,1.241079,1.241079,1.3676802275714675,0.8382853865965281,1.1296242645192955,0.9839548255579118
205,183,2017-02,2018-01,2018-02,2015-04,2016-03,2016-04,102.9,102.3,0.6,1.095112,1.095112,1.4290539704513432,0.7396921439219398,1.1803154039858514,0.9600037739538956
205,184,2017-02,2018-01,2018-02,2015-05,2016-04,2016-05,102.9,102.0,0.9,0.910592,0.910592,1.5026749523351508,0.6150583216311819,1.2411220500403575,0.9280901858357697
205,185,2017-02,2018-01,2018-02,2015-06,2016-05,2016-06,102.9,101.9,1.0,0.948134,0.948134,1.2108302259783823,0.6404160224573235,1.000075292385617,0.8202456574214703
205,186,2017-02,2018-01,2018-02,2015-07,2016-06,2016-07,102.9,101.8,1.1,1.08783,1.08783,1.1925421477516545,0.7347735253769512,0.9849704041962034,0.8598719647865773
205,187,2017-02,2018-01,2018-02,2015-08,2016-07,2016-08,102.9,101.3,1.6,1.004696,1.004696,1.1480597496964369,0.6786207604608453,0.948230532423396,0.8134256464421207
205,188,2017-02,2018-01,2018-02,2015-09,2016-08,2016-09,102.9,101.9,1.0,0.936924,0.936924,0.9441449967253903,0.6328442408191304,0.7798088149737186,0.7063265278964245
205,189,2017-02,2018-01,2018-02,2015-10,2016-09,2016-10,102.9,102.1,0.8,1.052792,1.052792,1.1569040564523294,0.7111071484778422,0.9555354150362334,0.8333212817570378
205,190,2017-02,2018-01,2018-02,2015-11,2016-10,2016-11,102.9,102.3,0.6,1.218234,1.218234,1.497667333472861,0.8228547575577662,1.2369860483198738,1.02992040293882
205,191,2017-02,2018-01,2018-02,2015-12,2016-11,2016-12,102.9,102.1,0.8,1.427765,1.427765,1.8509625658164668,0.9643822311021232,1.5287873472996567,1.2465847892008899
205,192,2017-02,2018-01,2018-02,2016-01,2016-12,2017-01,102.9,102.5,0.4,1.520396,1.520396,1.717708959231758,1.0269497337718347,1.4187276240556652,1.22283867891375
205,193,2017-02,2018-01,2018-02,2016-02,2017-01,2017-02,102.9,100.8,2.1,1.690003,1.690003,2.268939085658796,1.141510587323041,1.8740116250912677,1.5077611062071543
206,162,2017-03,2018-02,2018-03,2013-07,2014-06,2014-07,102.1,102.3,-0.2,1.702451,1.702451,2.5518288814465335,1.1499185746408132,2.1076621313021855,1.6287903529714993
206,163,2017-03,2018-02,2018-03,2013-08,2014-07,2014-08,102.1,102.0,0.1,1.642518,1.642518,2.4725794279841433,1.1094368985550123,2.042206695319193,1.5758217969371027
206,164,2017-03,2018-02,2018-03,2013-09,2014-08,2014-09,102.1,101.6,0.5,1.858058,1.858058,2.603034127017674,1.255023144254936,2.1499546838314694,1.7024889140432027
206,165,2017-03,2018-02,2018-03,2013-10,2014-09,2014-10,102.1,101.6,0.5,1.843571,1.843571,2.8119698558949913,1.2452379167266128,2.3225234351425352,1.783880675934574
206,166,2017-03,2018-02,2018-03,2013-11,2014-10,2014-11,102.1,101.4,0.7,1.837996,1.837996,2.6030543851715806,1.2414722893730956,2.1499714158875056,1.6957218526303006
206,167,2017-03,2018-02,2018-03,2013-12,2014-11,2014-12,102.1,101.5,0.6,1.775062,1.775062,2.7231063132870528,1.1989635912804957,2.2491273210966987,1.7240454561885972
206,168,2017-03,2018-02,2018-03,2014-01,2014-12,2015-01,102.1,100.8,1.3,1.742162,1.742162,2.4868492247076435,1.17674132402835,2.0539927168640437,1.6153670204461967
206,169,2017-03,2018-02,2018-03,2014-02,2015-01,2015-02,102.1,101.4,0.7,1.854353,1.854353,3.5155980549973616,1.2525206062558722,2.903679374142551,2.0780999901992114
206,170,2017-03,2018-02,2018-03,2014-03,2015-02,2015-03,102.1,101.4,0.7,1.693399,1.693399,2.515039836442294,1.1438044116266364,2.0772765213712194,1.6105404664989278
206,171,2017-03,2018-02,2018-03,2014-04,2015-03,2015-04,102.1,101.5,0.6,1.722388,1.722388,2.489011662698228,1.1633849984160725,2.055778764783315,1.6095818815996936
206,172,2017-03,2018-02,2018-03,2014-05,2015-04,2015-05,102.1,101.2,0.9,1.737891,1.737891,2.319614880638207,1.173856481978687,1.9158668822475362,1.5448616821131116
206,173,2017-03,2018-02,2018-03,2014-06,2015-05,2015-06,102.1,101.4,0.7,1.852059,1.852059,2.8163381573618955,1.2509711265878958,2.3261313979047906,1.7885512622463433
206,174,2017-03,2018-02,2018-03,2014-07,2015-06,2015-07,102.1,101.6,0.5,1.706557,1.706557,2.505310960380006,1.1526919676297893,2.0692410359961215,1.6109665018129555
206,175,2017-03,2018-02,2018-03,2014-08,2015-07,2015-08,102.1,102.0,0.1,1.615139,1.615139,2.2070431974011004,1.0909437844183407,1.8228892239331984,1.4569165041757697
206,176,2017-03,2018-02,2018-03,2014-09,2015-08,2015-09,102.1,101.6,0.5,1.072628,1.072628,1.5693223861418468,0.7245053519189839,1.2961689512664363,1.0103371515927102
206,177,2017-03,2018-02,2018-03,2014-10,2015-09,2015-10,102.1,101.3,0.8,1.383129,1.383129,2.2070431974011084,0.934232896115291,1.822889223933205,1.3785610600242482
206,178,2017-03,2018-02,2018-03,2014-11,2015-10,2015-11,102.1,101.5,0.6,1.405876,1.405876,2.7056088498016884,0.9495973311664934,2.2346754346672917,1.5921363829168924
206,179,2017-03,2018-02,2018-03,2014-12,2015-11,2015-12,102.1,101.6,0.5,1.213593,1.213593,2.3779393675587026,0.819719999432623,1.9640395137682967,1.39187975660046
206,180,2017-03,2018-02,2018-03,2015-01,2015-12,2016-01,102.1,101.8,0.3,0.929035,0.929035,2.2119906081732927,0.627515624820584,1.826975497275569,1.2272455610480764
206,181,2017-03,2018-02,2018-03,2015-02,2016-01,2016-02,102.1,102.3,-0.2,1.018648,1.018648,1.8445973666819357,0.6880446228530014,1.5235300632899063,1.1057873430714538
206,182,2017-03,2018-02,2018-03,2015-03,2016-02,2016-03,102.1,102.3,-0.2,0.80117,0.80117,0.9984133617730455,0.5411493572766443,0.8246313259070491,0.6828903415918467
206,183,2017-03,2018-02,2018-03,2015-04,2016-03,2016-04,102.1,102.3,-0.2,0.985964,0.985964,0.9963145848829817,0.6659682525530278,0.8228978583515241,0.744433055452276
206,184,2017-03,2018-02,2018-03,2015-05,2016-04,2016-05,102.1,102.0,0.1,0.933602,0.933602,1.0257601706786037,0.6306003997306311,0.8472181983894743,0.7389092990600528
206,185,2017-03,2018-02,2018-03,2015-06,2016-05,2016-06,102.1,101.9,0.2,1.102982,1.102982,1.55008593649214,0.7450079263922857,1.2802807634799551,1.0126443449361204
206,186,2017-03,2018-02,2018-03,2015-07,2016-06,2016-07,102.1,101.8,0.3,1.18644,1.18644,1.7399411931300368,0.8013795367366499,1.437090155267042,1.119234846001846
206,187,2017-03,2018-02,2018-03,2015-08,2016-07,2016-08,102.1,101.3,0.8,1.307078,1.307078,1.9106210043094418,0.8828643354224966,1.5780617451789483,1.2304630403007224
206,188,2017-03,2018-02,2018-03,2015-09,2016-08,2016-09,102.1,101.9,0.2,1.40478,1.40478,2.681778064647031,0.9488570392239903,2.2149925931590486,1.5819248161915196
206,189,2017-03,2018-02,2018-03,2015-10,2016-09,2016-10,102.1,102.1,0.0,1.115512,1.115512,1.7270609351657795,0.7534713005159754,1.4264518118616332,1.0899615561888043
206,190,2017-03,2018-02,2018-03,2015-11,2016-10,2016-11,102.1,102.3,-0.2,1.191947,1.191947,1.482730871289664,0.805099233568187,1.22464939990742,1.0148743167378034
206,191,2017-03,2018-02,2018-03,2015-12,2016-11,2016-12,102.1,102.1,0.0,1.192795,1.192795,1.3010444773186347,0.8056720141952332,1.074587013228687,0.9401295137119601
206,192,2017-03,2018-02,2018-03,2016-01,2016-12,2017-01,102.1,102.5,-0.4,1.485959,1.485959,1.6285045704428263,1.0036893016331678,1.3450499909026883,1.174369646267928
206,193,2017-03,2018-02,2018-03,2016-02,2017-01,2017-02,102.1,100.8,1.3,1.298662,1.298662,1.2836518259306144,0.8771797578786042,1.0602216954912802,0.9687007266849422
206,194,2017-03,2018-02,2018-03,2016-03,2017-02,2017-03,102.1,100.9,1.2,1.875936,1.875936,3.5597128664109037,1.2670988188425913,2.9401156407440774,2.1036072297933344
207,162,2017-04,2018-03,2018-04,2013-07,2014-06,2014-07,101.8,102.3,-0.5,1.540672,1.540672,2.118067104161826,1.040645134708142,1.7494001496166924,1.3950226421624172
207,163,2017-04,2018-03,2018-04,2013-08,2014-07,2014-08,101.8,102.0,-0.2,1.717073,1.717073,2.032900028779883,1.1597949877642442,1.6790571023530663,1.419426045058655
207,164,2017-04,2018-03,2018-04,2013-09,2014-08,2014-09,101.8,101.6,0.2,1.683977,1.683977,1.8836676586613457,1.1374403325369793,1.5557998504463406,1.34662009149166
207,165,2017-04,2018-03,2018-04,2013-10,2014-09,2014-10,101.8,101.6,0.2,1.829003,1.829003,1.7594272805366793,1.235397977841225,1.4531845293110193,1.344291253576122
207,166,2017-04,2018-03,2018-04,2013-11,2014-10,2014-11,101.8,101.4,0.4,1.800971,1.800971,1.4638734727754856,1.2164637956037736,1.2090742862968717,1.2127690409503227
207,167,2017-04,2018-03,2018-04,2013-12,2014-11,2014-12,101.8,101.5,0.3,1.790967,1.790967,1.4440330695499446,1.209706605281875,1.1926872680088216,1.2011969366453483
207,168,2017-04,2018-03,2018-04,2014-01,2014-12,2015-01,101.8,100.8,1.0,1.758195,1.758195,1.1848413382090721,1.1875707954828683,0.978609983726289,1.0830903896045787
207,169,2017-04,2018-03,2018-04,2014-02,2015-01,2015-02,101.8,101.4,0.4,1.711527,1.711527,2.168773874459482,1.1560489484274539,1.7912809905829667,1.4736649695052102
207,170,2017-04,2018-03,2018-04,2014-03,2015-02,2015-03,101.8,101.4,0.4,1.890575,1.890575,1.1678013170166313,1.2769867145965172,0.9645359180062022,1.1207613163013597
207,171,2017-04,2018-03,2018-04,2014-04,2015-03,2015-04,101.8,101.5,0.3,1.642971,1.642971,1.159807440319077,1.1097428768852622,0.9579334411237462,1.0338381590045043
207,172,2017-04,2018-03,2018-04,2014-05,2015-04,2015-05,101.8,101.2,0.6,1.751168,1.751168,1.0009725574428274,1.1828244163953052,0.8267450725767452,1.0047847444860252
207,173,2017-04,2018-03,2018-04,2014-06,2015-05,2015-06,101.8,101.4,0.4,1.668895,1.668895,1.5442230922180742,1.12725321294133,1.2754383953462558,1.2013458041437928
207,174,2017-04,2018-03,2018-04,2014-07,2015-06,2015-07,101.8,101.6,0.2,1.800219,1.800219,1.3060078525284184,1.2159558580665817,1.0786864722673257,1.1473211651669537
207,175,2017-04,2018-03,2018-04,2014-08,2015-07,2015-08,101.8,102.0,-0.2,1.517455,1.517455,1.1198189129101919,1.0249632386961947,0.9249052449468653,0.97493424182153
207,176,2017-04,2018-03,2018-04,2014-09,2015-08,2015-09,101.8,101.6,0.2,1.302816,1.302816,0.7727834933878212,0.8799855724125074,0.638274187015878,0.7591298797141928
207,177,2017-04,2018-03,2018-04,2014-10,2015-09,2015-10,101.8,101.3,0.5,0.892583,0.892583,1.1198189129102167,0.6028941632438296,0.9249052449468859,0.7638997040953577
207,178,2017-04,2018-03,2018-04,2014-11,2015-10,2015-11,101.8,101.5,0.3,1.34019,1.34019,1.5566520940325865,0.9052297978314039,1.2857040274365565,1.0954669126339802
207,179,2017-04,2018-03,2018-04,2014-12,2015-11,2015-12,101.8,101.6,0.2,1.401957,1.401957,1.2735821865185861,0.9469502471129627,1.0519047594228361,0.9994275032678994
207,180,2017-04,2018-03,2018-04,2015-01,2015-12,2016-01,101.8,101.8,0.0,1.12089,1.12089,1.1344695428293854,0.7571038644455207,0.9370058125456234,0.8470548384955721
207,181,2017-04,2018-03,2018-04,2015-02,2016-01,2016-02,101.8,102.3,-0.5,1.071187,1.071187,0.7488336667364305,0.7235320301223169,0.6184930241599369,0.6710125271411269
207,182,2017-04,2018-03,2018-04,2015-03,2016-02,2016-03,101.8,102.3,-0.5,1.007084,1.007084,0.49386181174835814,0.6802337323209707,0.4079011121342355,0.5440674222276032
207,183,2017-04,2018-03,2018-04,2015-04,2016-03,2016-04,101.8,102.3,-0.5,0.789358,0.789358,0.37314510072241425,0.5331709554291566,0.30819613493352904,0.4206835451813428
207,184,2017-04,2018-03,2018-04,2015-05,2016-04,2016-05,101.8,102.0,-0.2,0.943808,0.943808,0.33085748947714,0.6374940307207647,0.2732690293219765,0.4553815300213706
207,185,2017-04,2018-03,2018-04,2015-06,2016-05,2016-06,101.8,101.9,-0.1,1.027263,1.027263,0.23903400895228258,0.6938636147185709,0.19742817883481556,0.44564589677669325
207,186,2017-04,2018-03,2018-04,2015-07,2016-06,2016-07,101.8,101.8,0.0,1.206734,1.206734,0.4336814924395587,0.8150870957523048,0.3581956710762404,0.5866413834142725
207,187,2017-04,2018-03,2018-04,2015-08,2016-07,2016-08,101.8,101.3,0.5,1.27104,1.27104,0.5924206691045261,0.858522509670739,0.48930499186313625,0.6739137507669376
207,188,2017-04,2018-03,2018-04,2015-09,2016-08,2016-09,101.8,101.9,-0.1,1.345952,1.345952,1.334630076590449,0.9091217341203663,1.1023267634356706,1.0057242487780185
207,189,2017-04,2018-03,2018-04,2015-10,2016-09,2016-10,101.8,102.1,-0.3,1.460997,1.460997,0.4071261426106928,0.9868287473733484,0.3362624977256607,0.6615456225495046
207,190,2017-04,2018-03,2018-04,2015-11,2016-10,2016-11,101.8,102.3,-0.5,1.23568,1.23568,0.40978619070383704,0.8346386382410771,0.33845954262711375,0.5865490904340954
207,191,2017-04,2018-03,2018-04,2015-12,2016-11,2016-12,101.8,102.1,-0.3,1.264337,1.264337,0.669755388610145,0.853994976011434,0.5531789690416036,0.7035869725265188
207,192,2017-04,2018-03,2018-04,2016-01,2016-12,2017-01,101.8,102.5,-0.7,1.297725,1.297725,0.6901662159222577,0.8765468623036724,0.5700371244246174,0.7232919933641448
207,193,2017-04,2018-03,2018-04,2016-02,2017-01,2017-02,101.8,100.8,1.0,1.487249,1.487249,1.0702258360952621,1.0045606306530848,0.8839442499767259,0.9442524403149053
207,194,2017-04,2018-03,2018-04,2016-03,2017-02,2017-03,101.8,100.9,0.9,1.411382,1.411382,2.2119906081732696,0.9533163525491777,1.82697549727555,1.390145924912364
207,195,2017-04,2018-03,2018-04,2016-04,2017-03,2017-04,101.8,101.2,0.6,1.874701,1.874701,1.996826723546052,1.26626463950957,1.649262651814066,1.4577636456618182
208,162,2017-05,2018-04,2018-05,2013-07,2014-06,2014-07,101.8,102.3,-0.5,1.805662,1.805662,2.1298360754238663,1.2196323261715492,1.7591206348865844,1.4893764805290668
208,163,2017-05,2018-04,2018-05,2013-08,2014-07,2014-08,101.8,102.0,-0.2,1.5198,1.5198,2.0506106208505934,1.026547166255656,1.6936850205891891,1.3601160934224226
208,164,2017-05,2018-04,2018-05,2013-09,2014-08,2014-09,101.8,101.6,0.2,1.711071,1.711071,1.7780374288540757,1.1557409437506458,1.4685554286497944,1.3121481862002202
208,165,2017-05,2018-04,2018-05,2013-10,2014-09,2014-10,101.8,101.6,0.2,1.585929,1.585929,1.4614127801157129,1.071213923432469,1.2070418973802464,1.1391279104063576
208,166,2017-05,2018-04,2018-05,2013-11,2014-10,2014-11,101.8,101.4,0.4,1.750672,1.750672,1.1279983449609807,1.1824893937643912,0.9316609797511657,1.0570751867577783
208,167,2017-05,2018-04,2018-05,2013-12,2014-11,2014-12,101.8,101.5,0.3,1.702255,1.702255,0.9877236234967552,1.1497861866656942,0.8158022242685032,0.9827942054670987
208,168,2017-05,2018-04,2018-05,2014-01,2014-12,2015-01,101.8,100.8,1.0,1.735662,1.735662,0.7171020268568906,1.1723509064861328,0.5922845365044821,0.8823177214953075
208,169,2017-05,2018-04,2018-05,2014-02,2015-01,2015-02,101.8,101.4,0.4,1.643574,1.643574,1.661162263266445,1.1101501725434095,1.3720233443906473,1.2410867584670284
208,170,2017-05,2018-04,2018-05,2014-03,2015-02,2015-03,101.8,101.4,0.4,1.705139,1.705139,0.6620663703946829,1.1517341811567332,0.5468282875215966,0.8492812343391649
208,171,2017-05,2018-04,2018-05,2014-04,2015-03,2015-04,101.8,101.5,0.3,1.863813,1.863813,0.6895977911943401,1.2589103524019298,0.5695676386835326,0.9142389955427312
208,172,2017-05,2018-04,2018-05,2014-05,2015-04,2015-05,101.8,101.2,0.6,1.646455,1.646455,0.5597176510836278,1.1120961406878906,0.46229420240029884,0.7871951715440948
208,173,2017-05,2018-04,2018-05,2014-06,2015-05,2015-06,101.8,101.4,0.4,1.676616,1.676616,1.1295700518608633,1.1324683535326314,0.9329591181719955,1.0327137358523135
208,174,2017-05,2018-04,2018-05,2014-07,2015-06,2015-07,101.8,101.6,0.2,1.575642,1.575642,0.9877236234967552,1.0642655810852708,0.8158022242685032,0.940033902676887
208,175,2017-05,2018-04,2018-05,2014-08,2015-07,2015-08,101.8,102.0,-0.2,1.741827,1.741827,0.9441449967253558,1.1765150486627127,0.77980881497369,0.9781619318182013
208,176,2017-05,2018-04,2018-05,2014-09,2015-08,2015-09,101.8,101.6,0.2,1.341499,1.341499,0.9441449967253558,0.9061139603795212,0.77980881497369,0.8429613876766056
208,177,2017-05,2018-04,2018-05,2014-10,2015-09,2015-10,101.8,101.3,0.5,1.23576,1.23576,0.9441449967253903,0.834692674149289,0.7798088149737186,0.8072507445615038
208,178,2017-05,2018-04,2018-05,2014-11,2015-10,2015-11,101.8,101.5,0.3,0.739579,0.739579,1.2588594131625046,0.4995477869931516,1.0397446055441921,0.7696461962686718
208,179,2017-05,2018-04,2018-05,2014-12,2015-11,2015-12,101.8,101.6,0.2,1.342353,1.342353,1.0518511852333128,0.9066907936996832,0.8687678578294294,0.8877293257645563
208,180,2017-05,2018-04,2018-05,2015-01,2015-12,2016-01,101.8,101.8,0.0,1.377771,1.377771,0.9643746709446277,0.9306138411627988,0.796517348445719,0.8635655948042589
208,181,2017-05,2018-04,2018-05,2015-02,2016-01,2016-02,101.8,102.3,-0.5,1.313743,1.313743,0.6901662159222944,0.8873662020254011,0.5700371244246478,0.7287016632250245
208,182,2017-05,2018-04,2018-05,2015-03,2016-02,2016-03,101.8,102.3,-0.5,1.201187,1.201187,0.9644891159791976,0.811340380966662,0.796611873383199,0.8039761271749305
208,183,2017-05,2018-04,2018-05,2015-04,2016-03,2016-04,101.8,102.3,-0.5,1.107189,1.107189,0.8805334547506856,0.7478495397153794,0.7272693837020479,0.7375594617087136
208,184,2017-05,2018-04,2018-05,2015-05,2016-04,2016-05,101.8,102.0,-0.2,0.869401,0.869401,0.8372052886300366,0.587235907941725,0.691482840327127,0.639359374134426
208,185,2017-05,2018-04,2018-05,2015-06,2016-05,2016-06,101.8,101.9,-0.1,1.039151,1.039151,0.33365751914761216,0.7018933506788598,0.2755816908589176,0.4887375207688887
208,186,2017-05,2018-04,2018-05,2015-07,2016-06,2016-07,101.8,101.8,0.0,1.106267,1.106267,0.22396378258205868,0.7472267758732372,0.18498104898938983,0.4661039124313135
208,187,2017-05,2018-04,2018-05,2015-08,2016-07,2016-08,101.8,101.3,0.5,1.263403,1.263403,0.19410924822810624,0.8533641067830601,0.1603229412443999,0.50684352401373
208,188,2017-05,2018-04,2018-05,2015-09,2016-08,2016-09,101.8,101.9,-0.1,1.237016,1.237016,0.8282677111810413,0.8355410379082159,0.6841009215504457,0.7598209797293307
208,189,2017-05,2018-04,2018-05,2015-10,2016-09,2016-10,101.8,102.1,-0.3,1.394903,1.394903,0.19747355636817507,0.9421856309063781,0.16310166395437853,0.5526436474303783
208,190,2017-05,2018-04,2018-05,2015-11,2016-10,2016-11,101.8,102.3,-0.5,1.611508,1.611508,0.5700113900734444,1.0884912296343727,0.47079623167666895,0.7796437306555208
208,191,2017-05,2018-04,2018-05,2015-12,2016-11,2016-12,101.8,102.1,-0.3,1.343782,1.343782,0.9430295311115741,0.9076560101101184,0.7788875053004471,0.8432717577052828
208,192,2017-05,2018-04,2018-05,2016-01,2016-12,2017-01,101.8,102.5,-0.7,1.364566,1.364566,0.7488336667364031,0.9216945390635712,0.6184930241599143,0.7700937816117428
208,193,2017-05,2018-04,2018-05,2016-02,2017-01,2017-02,101.8,100.8,1.0,1.360052,1.360052,1.3592394816914148,0.9186455629427146,1.1226526997013415,1.020649131322028
208,194,2017-05,2018-04,2018-05,2016-03,2017-02,2017-03,101.8,100.9,0.9,1.42617,1.42617,1.6992294016902392,0.9633048901821483,1.4034645850969554,1.1833847376395519
208,195,2017-05,2018-04,2018-05,2016-04,2017-03,2017-04,101.8,101.2,0.6,1.350788,1.350788,1.4913560552096525,0.9123882047717761,1.231773299811465,1.0720807522916205
208,196,2017-05,2018-04,2018-05,2016-05,2017-04,2017-05,101.8,101.5,0.3,1.844746,1.844746,1.0039886510367915,1.2460315691284751,0.8292361903388648,1.03763387973367
209,162,2017-06,2018-05,2018-06,2013-07,2014-06,2014-07,101.9,102.3,-0.4,1.552762,1.552762,2.070364187648608,1.048811311336666,1.7100003170422657,1.3794058141894658
209,163,2017-06,2018-05,2018-06,2013-08,2014-07,2014-08,101.9,102.0,-0.1,1.796767,1.796767,1.991575770617317,1.213624208627238,1.644925670317536,1.429274939472387
209,164,2017-06,2018-05,2018-06,2013-09,2014-08,2014-09,101.9,101.6,0.3,1.504745,1.504745,1.7145066887697904,1.0163782837790283,1.4160827350366763,1.2162305094078523
209,165,2017-06,2018-05,2018-06,2013-10,2014-09,2014-10,101.9,101.6,0.3,1.643952,1.643952,1.3984664066326238,1.1104054922097109,1.1550518565676722,1.1327286743886915
209,166,2017-06,2018-05,2018-06,2013-11,2014-10,2014-11,101.9,101.4,0.5,1.505708,1.505708,1.0663100508783394,1.0170287410241292,0.8807100392990325,0.9488693901615808
209,167,2017-06,2018-05,2018-06,2013-12,2014-11,2014-12,101.9,101.5,0.4,1.686209,1.686209,0.9406862901935136,1.1389479343760913,0.7769521246864013,0.9579500295312463
209,168,2017-06,2018-05,2018-06,2014-01,2014-12,2015-01,101.9,100.8,1.1,1.655325,1.655325,0.6718913477461413,1.1180873720108855,0.5549431469681408,0.8365152594895131
209,169,2017-06,2018-05,2018-06,2014-02,2015-01,2015-02,101.9,101.4,0.5,1.636576,1.636576,1.6565354223620845,1.1054233814725731,1.3682018431008929,1.236812612286733
209,170,2017-06,2018-05,2018-06,2014-03,2015-02,2015-03,101.9,101.4,0.5,1.628321,1.628321,0.663119427488786,1.0998475511939572,0.5476980513899647,0.823772801291961
209,171,2017-06,2018-05,2018-06,2014-04,2015-03,2015-04,101.9,101.5,0.4,1.671538,1.671538,0.7105283499164328,1.1290384242588807,0.586855061961125,0.8579467431100029
209,172,2017-06,2018-05,2018-06,2014-05,2015-04,2015-05,101.9,101.2,0.7,1.864309,1.864309,0.5924206691045261,1.2592453750328438,0.48930499186313625,0.87427518344799
209,173,2017-06,2018-05,2018-06,2014-06,2015-05,2015-06,101.9,101.4,0.5,1.59369,1.59369,1.1618475830550425,1.0764560819778763,0.9596184802806854,1.0180372811292808
209,174,2017-06,2018-05,2018-06,2014-07,2015-06,2015-07,101.9,101.6,0.3,1.638592,1.638592,1.0366668674660628,1.1067850863595132,0.856226495130552,0.9815057907450326
209,175,2017-06,2018-05,2018-06,2014-08,2015-07,2015-08,101.9,102.0,-0.1,1.498974,1.498974,1.0050009755251172,1.012480268450392,0.8300723114456314,0.9212762899480117
209,176,2017-06,2018-05,2018-06,2014-09,2015-08,2015-09,101.9,101.6,0.3,1.670376,1.670376,1.0050009755251172,1.1282535526921027,0.8300723114456314,0.9791629320688671
209,177,2017-06,2018-05,2018-06,2014-10,2015-09,2015-10,101.9,101.3,0.6,1.311546,1.311546,1.005000975525152,0.8858822408961315,0.8300723114456602,0.8579772761708959
209,178,2017-06,2018-05,2018-06,2014-11,2015-10,2015-11,101.9,101.5,0.4,1.195663,1.195663,1.308326100750719,0.8076092015046298,1.0806012103693303,0.9441052059369801
209,179,2017-06,2018-05,2018-06,2014-12,2015-11,2015-12,101.9,101.6,0.3,0.725675,0.725675,1.109319650535191,0.49015634614592263,0.9162334653164651,0.7031949057311939
209,180,2017-06,2018-05,2018-06,2015-01,2015-12,2016-01,101.9,101.8,0.1,1.330158,1.330158,1.0253909910543468,0.8984536949416311,0.8469132775072976,0.8726834862244643
209,181,2017-06,2018-05,2018-06,2015-02,2016-01,2016-02,101.9,102.3,-0.4,1.519212,1.519212,0.7548692986649842,1.0261500023302985,0.6234781048394377,0.824814053584868
209,182,2017-06,2018-05,2018-06,2015-03,2016-02,2016-03,101.9,102.3,-0.4,1.370967,1.370967,0.9993090481979745,0.9260180871693763,0.8253711107621662,0.8756945989657712
209,183,2017-06,2018-05,2018-06,2015-04,2016-03,2016-04,101.9,102.3,-0.4,1.267813,1.267813,0.9047649144417219,0.8563428362232414,0.7472831590567738,0.8018129976400076
209,184,2017-06,2018-05,2018-06,2015-05,2016-04,2016-05,101.9,102.0,-0.1,1.164408,1.164408,0.8496147008451238,0.7864980476150916,0.7017322925484812,0.7441151700817864
209,185,2017-06,2018-05,2018-06,2015-06,2016-05,2016-06,101.9,101.9,0.0,0.910323,0.910323,0.3315597137444072,0.6148766258898194,0.2738490256949941,0.4443628257924067
209,186,2017-06,2018-05,2018-06,2015-07,2016-06,2016-07,101.9,101.8,0.1,1.081151,1.081151,0.18657255036123452,0.7302622024901098,0.15409806746678714,0.44218013497844844
209,187,2017-06,2018-05,2018-06,2015-08,2016-07,2016-08,101.9,101.3,0.6,1.136571,1.136571,0.12940616548541642,0.7676955779039066,0.10688196082961007,0.43728876936675837
209,188,2017-06,2018-05,2018-06,2015-09,2016-08,2016-09,101.9,101.9,0.0,1.248496,1.248496,0.8274248637064335,0.8432951907366243,0.6834047785928946,0.7633499846647595
209,189,2017-06,2018-05,2018-06,2015-10,2016-09,2016-10,101.9,102.1,-0.2,1.263808,1.263808,0.1709600284464453,0.8536376635683829,0.14120303306492177,0.4974203483166523
209,190,2017-06,2018-05,2018-06,2015-11,2016-10,2016-11,101.9,102.3,-0.4,1.478286,1.478286,0.5411252810465084,0.9985065825867935,0.44693798688627867,0.7227222847365361
209,191,2017-06,2018-05,2018-06,2015-12,2016-11,2016-12,101.9,102.1,-0.2,1.679947,1.679947,0.9137178670876505,1.1347182736608046,0.7546777768512353,0.94469802525602
209,192,2017-06,2018-05,2018-06,2016-01,2016-12,2017-01,101.9,102.5,-0.6,1.404068,1.404068,0.7016926260620662,0.9483761196409045,0.5795572683253952,0.7639666939831499
209,193,2017-06,2018-05,2018-06,2016-02,2017-01,2017-02,101.9,100.8,1.1,1.405664,1.405664,1.3265050702293464,0.9494541360097319,1.0956159810832984,1.0225350585465152
209,194,2017-06,2018-05,2018-06,2016-03,2017-02,2017-03,101.9,100.9,1.0,1.343033,1.343033,1.6856242705561857,0.9071500989194844,1.39222753864328,1.1496888187813823
209,195,2017-06,2018-05,2018-06,2016-04,2017-03,2017-04,101.9,101.2,0.7,1.385456,1.385456,1.489014909892828,0.9358046655954049,1.2298396500420692,1.082822157818737
209,196,2017-06,2018-05,2018-06,2016-05,2017-04,2017-05,101.9,101.5,0.4,1.298713,1.298713,1.0157345364826675,0.8772142057700894,0.838937608068275,0.8580759069191821
209,197,2017-06,2018-05,2018-06,2016-06,2017-05,2017-06,101.9,101.5,0.4,1.836956,1.836956,0.5924206691045261,1.240769822566341,0.48930499186313625,0.8650374072147387
210,162,2017-07,2018-06,2018-07,2013-07,2014-06,2014-07,102.1,102.3,-0.2,1.71161,1.71161,1.9287493418891781,1.1561050106822237,1.5930346968913742,1.374569853786799
210,163,2017-07,2018-06,2018-07,2013-08,2014-07,2014-08,102.1,102.0,0.1,1.541464,1.541464,1.8479517034746995,1.0411800901994397,1.5263005502473757,1.2837403202234077
210,164,2017-07,2018-06,2018-07,2013-09,2014-08,2014-09,102.1,101.6,0.5,1.787757,1.787757,1.6045599373359802,1.2075384144648724,1.3252731176122599,1.2664057660385661
210,165,2017-07,2018-06,2018-07,2013-10,2014-09,2014-10,102.1,101.6,0.5,1.441508,1.441508,1.3658480537938056,0.9736649246840757,1.1281109956174429,1.0508879601507592
210,166,2017-07,2018-06,2018-07,2013-11,2014-10,2014-11,102.1,101.4,0.7,1.58011,1.58011,1.0518511852332593,1.0672834865589056,0.8687678578293853,0.9680256721941454
210,167,2017-07,2018-06,2018-07,2013-12,2014-11,2014-12,102.1,101.5,0.6,1.416336,1.416336,1.0115692471964859,0.9566625261652,0.8354973215513252,0.8960799238582626
210,168,2017-07,2018-06,2018-07,2014-01,2014-12,2015-01,102.1,100.8,1.3,1.647247,1.647247,0.7565048077393461,1.1126310961791885,0.6248289401428925,0.8687300181610405
210,169,2017-07,2018-06,2018-07,2014-02,2015-01,2015-02,102.1,101.4,0.7,1.583911,1.583911,1.819716192124258,1.0698508676478238,1.5029796612708608,1.2864152644593423
210,170,2017-07,2018-06,2018-07,2014-03,2015-02,2015-03,102.1,101.4,0.7,1.629182,1.629182,0.837205288630031,1.1004291126560877,0.6914828403271223,0.895955976491605
210,171,2017-07,2018-06,2018-07,2014-04,2015-03,2015-04,102.1,101.5,0.6,1.587978,1.587978,0.8962416476846821,1.0725979181315464,0.7402434367974128,0.9064206774644796
210,172,2017-07,2018-06,2018-07,2014-05,2015-04,2015-05,102.1,101.2,0.9,1.67249,1.67249,0.7783260470163226,1.1296814515666023,0.6428520137183025,0.8862667326424524
210,173,2017-07,2018-06,2018-07,2014-06,2015-05,2015-06,102.1,101.4,0.7,1.852253,1.852253,1.3480712945922557,1.2511021636653097,1.1134284271823895,1.1822652954238495
210,174,2017-07,2018-06,2018-07,2014-07,2015-06,2015-07,102.1,101.6,0.5,1.529673,1.529673,1.2108302259783823,1.0332158727778578,1.000075292385617,1.0166455825817375
210,175,2017-07,2018-06,2018-07,2014-08,2015-07,2015-08,102.1,102.0,0.1,1.568161,1.568161,1.148059749696447,1.059212548218605,0.9482305324234045,1.0037215403210047
210,176,2017-07,2018-06,2018-07,2014-09,2015-08,2015-09,102.1,101.6,0.5,1.371483,1.371483,1.048383437577503,0.926366618777343,0.8659037000999663,0.8961351594386546
210,177,2017-07,2018-06,2018-07,2014-10,2015-09,2015-10,102.1,101.3,0.8,1.647484,1.647484,1.1480597496964804,1.1127911775572663,0.948230532423432,1.0305108549903492
210,178,2017-07,2018-06,2018-07,2014-11,2015-10,2015-11,102.1,101.5,0.6,1.277815,1.277815,1.4815854352451838,0.8630986756474346,1.223703336402797,1.0434010060251158
210,179,2017-07,2018-06,2018-07,2014-12,2015-11,2015-12,102.1,101.6,0.5,1.191942,1.191942,1.2652194676277384,0.8050958563239238,1.0449976403565397,0.9250467483402318
210,180,2017-07,2018-06,2018-07,2015-01,2015-12,2016-01,102.1,101.8,0.3,0.666409,0.666409,1.1675453893032617,0.4501251944448385,0.9643245366107874,0.7072248655278129
210,181,2017-07,2018-06,2018-07,2015-02,2016-01,2016-02,102.1,102.3,-0.2,1.463771,1.463771,0.8572533443849515,0.988702442490596,0.7080413675183845,0.8483719050044902
210,182,2017-07,2018-06,2018-07,2015-03,2016-02,2016-03,102.1,102.3,-0.2,1.494421,1.494421,0.9254812829082251,1.009404949824282,0.7643936736498215,0.8868993117370518
210,183,2017-07,2018-06,2018-07,2015-04,2016-03,2016-04,102.1,102.3,-0.2,1.392895,1.392895,0.8018757199694722,0.9408293296102593,0.6623026729097482,0.8015660012600038
210,184,2017-07,2018-06,2018-07,2015-05,2016-04,2016-05,102.1,102.0,0.1,1.291627,1.291627,0.718665201546544,0.87242797520022,0.593575627816265,0.7330018015082425
210,185,2017-07,2018-06,2018-07,2015-06,2016-05,2016-06,102.1,101.9,0.2,1.227156,1.227156,0.19747355636819558,0.8288811122210987,0.16310166395439546,0.4959913880877471
210,186,2017-07,2018-06,2018-07,2015-07,2016-06,2016-07,102.1,101.8,0.3,0.949841,0.949841,0.0,0.641569013648795,0.0,0.3207845068243975
210,187,2017-07,2018-06,2018-07,2015-08,2016-07,2016-08,102.1,101.3,0.8,1.117663,1.117663,0.17096002844643604,0.754924190998023,0.1412030330649141,0.44806361203146855
210,188,2017-07,2018-06,2018-07,2015-09,2016-08,2016-09,102.1,101.9,0.2,1.145863,1.145863,0.9984133617730494,0.7739718486427194,0.8246313259070523,0.7993015872748859
210,189,2017-07,2018-06,2018-07,2015-10,2016-09,2016-10,102.1,102.1,0.0,1.276003,1.276003,0.043135388495175585,0.861874762326435,0.03562732027656707,0.44875104130150106
210,190,2017-07,2018-06,2018-07,2015-11,2016-10,2016-11,102.1,102.3,-0.2,1.339339,1.339339,0.35526417495819884,0.9046549908577999,0.293427530980548,0.599041260919174
210,191,2017-07,2018-06,2018-07,2015-12,2016-11,2016-12,102.1,102.1,0.0,1.54173,1.54173,0.7273507672802105,1.0413597595942445,0.6007493995839894,0.821054579589117
210,192,2017-07,2018-06,2018-07,2016-01,2016-12,2017-01,102.1,102.5,-0.4,1.761712,1.761712,0.5266795994099559,1.189946349097634,0.4350066946403229,0.8124765218689785
210,193,2017-07,2018-06,2018-07,2016-02,2017-01,2017-02,102.1,100.8,1.3,1.429975,1.429975,1.140022780146907,0.9658749730664771,0.941592463353353,0.953733718209915
210,194,2017-07,2018-06,2018-07,2016-03,2017-02,2017-03,102.1,100.9,1.2,1.401718,1.401718,1.8351163553118788,0.9467888148371797,1.5156992997240564,1.231244057280618
210,195,2017-07,2018-06,2018-07,2016-04,2017-03,2017-04,102.1,101.2,0.9,1.326368,1.326368,1.6555523088970128,0.8958937437900921,1.3673898485991571,1.1316417961946246
210,196,2017-07,2018-06,2018-07,2016-05,2017-04,2017-05,102.1,101.5,0.6,1.34186,1.34186,1.1967201991250354,0.9063577974153275,0.9884212314543848,0.9473895144348561
210,197,2017-07,2018-06,2018-07,2016-06,2017-05,2017-06,102.1,101.5,0.6,1.266207,1.266207,0.7783260470163226,0.8552580653658873,0.6428520137183025,0.749055039542095
210,198,2017-07,2018-06,2018-07,2016-07,2017-06,2017-07,102.1,101.4,0.7,1.835397,1.835397,0.827006184118561,1.2397167978050614,0.6830589736218309,0.9613878857134461
211,162,2017-08,2018-07,2018-08,2013-07,2014-06,2014-07,102.3,102.3,0.0,1.540071,1.540071,1.693349504203799,1.0402391899477,1.3986081320023875,1.2194236609750437
211,163,2017-08,2018-07,2018-08,2013-08,2014-07,2014-08,102.3,102.0,0.3,1.716488,1.716488,1.6088297866129686,1.1593998501854446,1.3287997645958833,1.244099807390664
211,164,2017-08,2018-07,2018-08,2013-09,2014-08,2014-09,102.3,101.6,0.7,1.562875,1.562875,1.4544738938888488,1.0556421255835033,1.2013107812226906,1.1284764534030969
211,165,2017-08,2018-07,2018-08,2013-10,2014-09,2014-10,102.3,101.6,0.7,1.747384,1.747384,1.393547299630755,1.1802685179368821,1.150988960492217,1.1656287392145495
211,166,2017-08,2018-07,2018-08,2013-11,2014-10,2014-11,102.3,101.4,0.9,1.316871,1.316871,1.1344695428293854,0.8894790060364863,0.9370058125456234,0.9132424092910549
211,167,2017-08,2018-07,2018-08,2013-12,2014-11,2014-12,102.3,101.5,0.8,1.496433,1.496433,1.2357317604422917,1.0107639529158114,1.0206425105021966,1.015703231709004
211,168,2017-08,2018-07,2018-08,2014-01,2014-12,2015-01,102.3,100.8,1.5,1.368831,1.368831,1.015734536482683,0.9245753284201184,0.8389376080682879,0.8817564682442032
211,169,2017-08,2018-07,2018-08,2014-02,2015-01,2015-02,102.3,101.4,0.9,1.608204,1.608204,2.1558664769227125,1.0862595466252212,1.7806202314702746,1.4334398890477478
211,170,2017-08,2018-07,2018-08,2014-03,2015-02,2015-03,102.3,101.4,0.9,1.592514,1.592514,1.1914611904063548,1.0756617541271614,0.9840775963442328,1.029869675235697
211,171,2017-08,2018-07,2018-08,2014-04,2015-03,2015-04,102.3,101.5,0.8,1.57897,1.57897,1.2597774902342451,1.0665134748668859,1.0405028837703667,1.0535081793186263
211,172,2017-08,2018-07,2018-08,2014-05,2015-04,2015-05,102.3,101.2,1.1,1.59682,1.59682,1.140022780146907,1.078570236886667,0.941592463353353,1.0100813501200099
211,173,2017-08,2018-07,2018-08,2014-06,2015-05,2015-06,102.3,101.4,0.9,1.607053,1.607053,1.7100341702203694,1.0854821049958225,1.4123886950300368,1.2489354000129298
211,174,2017-08,2018-07,2018-08,2014-07,2015-06,2015-07,102.3,101.6,0.7,1.822831,1.822831,1.5532894039115765,1.2312291075226767,1.2829266411161466,1.2570778743194118
211,175,2017-08,2018-07,2018-08,2014-08,2015-07,2015-08,102.3,102.0,0.3,1.311497,1.311497,1.4461300705653446,0.8858491439023517,1.1944192687952362,1.040134206348794
211,176,2017-08,2018-07,2018-08,2014-09,2015-08,2015-09,102.3,101.6,0.7,1.338759,1.338759,1.1977028475104539,0.9042632305232635,0.989232841827396,0.9467480361753298
211,177,2017-08,2018-07,2018-08,2014-10,2015-09,2015-10,102.3,101.3,1.0,1.297651,1.297651,1.4461300705653748,0.8764968790885764,1.1944192687952613,1.0354580739419188
211,178,2017-08,2018-07,2018-08,2014-11,2015-10,2015-11,102.3,101.5,0.8,1.635777,1.635777,1.8210665494036216,1.1048836978393066,1.5040949777884127,1.3044893378138598
211,179,2017-08,2018-07,2018-08,2014-12,2015-11,2015-12,102.3,101.6,0.7,1.268024,1.268024,1.5800387982299542,0.8564853559311502,1.3050200839210402,1.0807527199260951
211,180,2017-08,2018-07,2018-08,2015-01,2015-12,2016-01,102.3,101.8,0.5,1.129109,1.129109,1.4638734727754856,0.7626553785654412,1.2090742862968717,0.9858648324311565
211,181,2017-08,2018-07,2018-08,2015-02,2016-01,2016-02,102.3,102.3,0.0,0.666475,0.666475,1.109319650535191,0.4501697740691133,0.9162334653164651,0.6832016196927893
211,182,2017-08,2018-07,2018-08,2015-03,2016-02,2016-03,102.3,102.3,0.0,1.402483,1.402483,0.8638739254500764,0.947305533209456,0.7135095821387435,0.8304075576740997
211,183,2017-08,2018-07,2018-08,2015-04,2016-03,2016-04,102.3,102.3,0.0,1.471727,1.471727,0.6885901389839388,0.99407631356227,0.5687353766063898,0.78140584508433
211,184,2017-08,2018-07,2018-08,2015-05,2016-04,2016-05,102.3,102.0,0.3,1.379434,1.379434,0.5436293336509456,0.9317371126047538,0.44900618859350644,0.6903716505991301
211,185,2017-08,2018-07,2018-08,2015-06,2016-05,2016-06,102.3,101.9,0.4,1.389672,1.389672,0.3071652523452661,0.9386523579581721,0.2537006204166052,0.5961764891873886
211,186,2017-08,2018-07,2018-08,2015-07,2016-06,2016-07,102.3,101.8,0.5,1.312791,1.312791,0.36367538364007934,0.8867231747176794,0.30037469979197334,0.5935489372548264
211,187,2017-08,2018-07,2018-08,2015-08,2016-07,2016-08,102.3,101.3,1.0,1.006621,1.006621,0.5078672682413298,0.6799209995021942,0.4194688040341342,0.5496949017681643
211,188,2017-08,2018-07,2018-08,2015-09,2016-08,2016-09,102.3,101.9,0.4,1.154972,1.154972,1.348499416444934,0.7801245122414974,1.113782030914612,0.9469532715780546
211,189,2017-08,2018-07,2018-08,2015-10,2016-09,2016-10,102.3,102.1,0.2,1.176461,1.176461,0.38359494077839557,0.7946392326360675,0.3168270946049595,0.5557331636205135
211,190,2017-08,2018-07,2018-08,2015-11,2016-10,2016-11,102.3,102.3,0.0,1.380631,1.380631,0.021567694247551013,0.9325456248813743,0.017813660138253157,0.4751796425098137
211,191,2017-08,2018-07,2018-08,2015-12,2016-11,2016-12,102.3,102.1,0.2,1.406644,1.406644,0.36367538364013124,0.9501160758853278,0.3003746997920162,0.625245387838672
211,192,2017-08,2018-07,2018-08,2016-01,2016-12,2017-01,102.3,102.5,-0.2,1.64411,1.64411,0.2588123309708696,1.110512213128429,0.2137639216592505,0.6621380673938397
211,193,2017-08,2018-07,2018-08,2016-02,2017-01,2017-02,102.3,100.8,1.5,1.762328,1.762328,0.7783260470163226,1.1903624255908658,0.6428520137183025,0.9166072196545841
211,194,2017-08,2018-07,2018-08,2016-03,2017-02,2017-03,102.3,100.9,1.4,1.471269,1.471269,2.1523033724266205,0.9937669579877568,1.7776773145408178,1.3857221362642873
211,195,2017-08,2018-07,2018-08,2016-04,2017-03,2017-04,102.3,101.2,1.1,1.408448,1.408448,1.9968267235460442,0.9513345856155061,1.6492626518140596,1.300298618714783
211,196,2017-08,2018-07,2018-08,2016-05,2017-04,2017-05,102.3,101.5,0.8,1.278548,1.278548,1.5562256241792354,0.8635937796564263,1.2853517881596264,1.0744727839080264
211,197,2017-08,2018-07,2018-08,2016-06,2017-05,2017-06,102.3,101.5,0.8,1.304935,1.304935,1.140022780146907,0.8814168485312702,0.941592463353353,0.9115046559423117
211,198,2017-08,2018-07,2018-08,2016-07,2017-06,2017-07,102.3,101.4,0.9,1.230065,1.230065,1.184841338209012,0.8308459929334541,0.9786099837262393,0.9047279883298467
211,199,2017-08,2018-07,2018-08,2016-08,2017-07,2017-08,102.3,101.8,0.5,1.850876,1.850876,1.370656066540458,1.2501720705952124,1.1320821343041376,1.191127102449675
