split,num_pair_targets,num_pairs,mae,rmse
train,27,118,0.1973589483537197,0.31609151904650556
val,45,450,0.5163371469757133,0.6967380644573966
test,47,470,0.7999780637615053,0.8863711431351415
