sample_i_id,sample_j_id,x_i_start_date,x_i_end_date,target_i_date,x_j_start_date,x_j_end_date,target_j_date,cpi_i,cpi_j,delta_cpi,window_distance,target_gap_months_actual,shape_distance,level_distance,shape_distance_normalized,level_distance_normalized,hybrid_distance
12,0,2014-07,2015-06,2015-07,2013-07,2014-06,2014-07,100.3,100.1,0.20000000000000284,0.759114956714234,12,0.759114956714234,1.5145337128855059,0.5225719602686079,1.2922298377293402,0.907400898998974
13,0,2014-08,2015-07,2015-08,2013-07,2014-06,2014-07,100.5,100.1,0.4000000000000057,1.0080666034388128,13,1.0080666034388128,1.320160724651415,0.6939493635068039,1.1263869958647206,0.9101681796857622
13,1,2014-08,2015-07,2015-08,2013-08,2014-07,2014-08,100.5,100.2,0.29999999999999716,0.7771348063994127,12,0.7771348063994127,1.210763796016799,0.5349767588968535,1.0330473929659074,0.7840120759313804
14,0,2014-09,2015-08,2015-09,2013-07,2014-06,2014-07,100.1,100.1,0.0,1.615896947907731,14,1.615896947907731,1.1310027530950224,1.1123775499236845,0.9649937084060829,1.0386856291648838
14,1,2014-09,2015-08,2015-09,2013-08,2014-07,2014-08,100.1,100.2,-0.10000000000000853,1.03423098174825,13,1.03423098174825,0.9042722371590397,0.7119608258570566,0.7715427899329372,0.741751807894997
14,2,2014-09,2015-08,2015-09,2013-09,2014-08,2014-09,100.1,100.5,-0.4000000000000057,0.7862647063462012,12,0.7862647063462012,0.4854795020139973,0.5412617486339817,0.41422062300167134,0.47774118581782654
15,0,2014-10,2015-09,2015-10,2013-07,2014-06,2014-07,99.7,100.1,-0.3999999999999915,1.649811663434978,15,1.649811663434978,1.3734832615475783,1.1357243160732249,1.1718828290801908,1.1538035725767077
15,1,2014-10,2015-09,2015-10,2013-08,2014-07,2014-08,99.7,100.2,-0.5,1.6095427561678055,14,1.6095427561678055,1.3394642511201997,1.108003347565944,1.1428571428572474,1.1254302452115956
15,2,2014-10,2015-09,2015-10,2013-09,2014-08,2014-09,99.7,100.5,-0.7999999999999972,1.0614828683751392,13,1.0614828683751392,0.8508339717253113,0.7307209249562399,0.725948214861775,0.7283345699090074
15,3,2014-10,2015-09,2015-10,2013-10,2014-09,2014-10,99.7,100.0,-0.29999999999999716,0.8452619972052873,12,0.8452619972052873,0.6937596405754091,0.5818752679199359,0.5919293180050187,0.5869022929624773
16,0,2014-11,2015-10,2015-11,2013-07,2014-06,2014-07,100.0,100.1,-0.09999999999999432,1.4889150696835785,16,1.4889150696835785,1.8666504787389342,1.0249636893018275,1.5926627612947424,1.308813225298285
16,1,2014-11,2015-10,2015-11,2013-08,2014-07,2014-08,100.0,100.2,-0.20000000000000284,1.6336084581645527,15,1.6336084581645527,1.9393966533289246,1.1245700888169856,1.654731222753256,1.389650655785121
16,2,2014-11,2015-10,2015-11,2013-09,2014-08,2014-09,100.0,100.5,-0.5,1.5977006741928712,14,1.5977006741928712,1.5398013397166361,1.0998513016385543,1.313788672004207,1.2068199868213805
16,3,2014-11,2015-10,2015-11,2013-10,2014-09,2014-10,100.0,100.0,0.0,1.0750057809355664,13,1.0750057809355664,1.4756402459844207,0.7400300485122175,1.2590451697389748,0.9995376091255962
16,4,2014-11,2015-10,2015-11,2013-11,2014-10,2014-11,100.0,99.8,0.20000000000000284,0.8439060023271687,12,0.8439060023271687,0.8100602736108121,0.5809418060044446,0.6911592967612061,0.6360505513828254
17,0,2014-12,2015-11,2015-12,2013-07,2014-06,2014-07,100.5,100.1,0.4000000000000057,1.2068462855066417,17,1.2068462855066417,1.5145337128855059,0.8307885697442592,1.2922298377293402,1.0615092037367997
17,1,2014-12,2015-11,2015-12,2013-08,2014-07,2014-08,100.5,100.2,0.29999999999999716,1.4965019841318885,16,1.4965019841318885,1.5145337128855059,1.0301864934641964,1.2922298377293402,1.1612081655967683
17,2,2014-12,2015-11,2015-12,2013-09,2014-08,2014-09,100.5,100.5,0.0,1.614264116827138,15,1.614264116827138,1.0495281367063343,1.1112535149787452,0.8954779693906557,1.0033657421847004
17,3,2014-12,2015-11,2015-12,2013-10,2014-09,2014-10,100.5,100.0,0.5,1.5630551312048553,14,1.5630551312048553,0.9105646960917944,1.0760014365375123,0.7769116391810007,0.9264565378592565
17,4,2014-12,2015-11,2015-12,2013-11,2014-10,2014-11,100.5,99.8,0.7000000000000028,1.06832947379089,13,1.06832947379089,0.33486606277997855,0.7354341030877589,0.28571428571425095,0.5105741944010049
17,5,2014-12,2015-11,2015-12,2013-12,2014-11,2014-12,100.5,100.3,0.20000000000000284,0.8623476017007674,12,0.8623476017007674,0.3468798202877734,0.5936369355759432,0.29596465900256813,0.4448007972892557
18,0,2015-01,2015-12,2016-01,2013-07,2014-06,2014-07,100.5,100.1,0.4000000000000057,1.270090943795505,18,1.270090943795505,1.4846828912337051,0.8743259612370882,1.2667605318360418,1.070543246536565
18,1,2015-01,2015-12,2016-01,2013-08,2014-07,2014-08,100.5,100.2,0.29999999999999716,1.2194972974420841,17,1.2194972974420841,1.3201607246506644,0.8394974800983657,1.1263869958640802,0.9829422379812229
18,2,2015-01,2015-12,2016-01,2013-09,2014-08,2014-09,100.5,100.5,0.0,1.5110203574891254,16,1.5110203574891254,0.8100602736103399,1.0401808885924944,0.6911592967608032,0.8656700926766487
18,3,2015-01,2015-12,2016-01,2013-10,2014-09,2014-10,100.5,100.0,0.5,1.619202916497499,15,1.619202916497499,0.16743303138927546,1.1146533666116065,0.14285714285651643,0.6287552547340615
18,4,2015-01,2015-12,2016-01,2013-11,2014-10,2014-11,100.5,99.8,0.7000000000000028,1.5734633694830165,14,1.5734633694830165,0.7594890952244905,1.0831664297073267,0.6480109765330395,0.8655887031201831
18,5,2015-01,2015-12,2016-01,2013-12,2014-11,2014-12,100.5,100.3,0.20000000000000284,1.1210089110638073,13,1.1210089110638073,1.0763866610562522,0.7716984350681374,0.9183941885986251,0.8450463118333813
18,6,2015-01,2015-12,2016-01,2014-01,2014-12,2015-01,100.5,100.3,0.20000000000000284,0.8605483671873885,12,0.8605483671873885,0.34687982028804903,0.5923983491163785,0.2959646590028033,0.4441815040595909
19,0,2015-02,2016-01,2016-02,2013-07,2014-06,2014-07,101.6,100.1,1.5,1.3827210452987255,19,1.3827210452987255,1.237526406793912,0.9518601112458686,1.0558817768343483,1.0038709440401083
19,1,2015-02,2016-01,2016-02,2013-08,2014-07,2014-08,101.6,100.2,1.3999999999999915,1.2801803409516797,18,1.2801803409516797,1.0344141621712,0.8812714653444661,0.8825824301928046,0.8819269477686353
19,2,2015-02,2016-01,2016-02,2013-09,2014-08,2014-09,101.6,100.5,1.0999999999999943,1.2346676504601,17,1.2346676504601,0.5655013765473421,0.849940695640983,0.4824968542028972,0.66621877492194
19,3,2015-02,2016-01,2016-02,2013-10,2014-09,2014-10,101.6,100.0,1.5999999999999943,1.509172582428004,16,1.509172582428004,0.16743303139041757,1.0389088869973668,0.1428571428574909,0.5908830149274289
19,4,2015-02,2016-01,2016-02,2013-11,2014-10,2014-11,101.6,99.8,1.7999999999999972,1.627346284509284,15,1.627346284509284,0.8300355207862317,1.120259231372231,0.7082025690214964,0.9142309001968637
19,5,2015-02,2016-01,2016-02,2013-12,2014-11,2014-12,101.6,100.3,1.2999999999999972,1.5928188303832402,14,1.5928188303832402,1.1759586744879074,1.096490658211943,1.003350981349067,1.049920819780505
19,6,2015-02,2016-01,2016-02,2014-01,2014-12,2015-01,101.6,100.3,1.2999999999999972,1.1137649606106408,13,1.1137649606106408,0.5870231424115999,0.7667117260658737,0.5008596465090736,0.6337856862874736
19,7,2015-02,2016-01,2016-02,2014-02,2015-01,2015-02,101.6,101.2,0.3999999999999915,0.6823100114296372,12,0.6823100114296372,1.7016679434509,0.4696997167952073,1.4518964297237866,0.960798073259497
20,0,2015-03,2016-02,2016-03,2013-07,2014-06,2014-07,99.6,100.1,-0.5,1.6470979397205803,20,1.6470979397205803,2.5876853803047264,1.1338561985917852,2.2078638663743964,1.6708600324830907
20,1,2015-03,2016-02,2016-03,2013-08,2014-07,2014-08,99.6,100.2,-0.6000000000000085,1.3983711143900683,19,1.3983711143900683,2.2846109060154474,0.9626335615791372,1.9492747868453708,1.455954174212254
20,2,2015-03,2016-02,2016-03,2013-09,2014-08,2014-09,99.6,100.5,-0.9000000000000057,1.38502103698205,18,1.38502103698205,2.15277332211235,0.9534434171100538,1.8367883771971183,1.395115897153586
20,3,2015-03,2016-02,2016-03,2013-10,2014-09,2014-10,99.6,100.0,-0.4000000000000057,1.3070820746828071,17,1.3070820746828071,1.8688692140204535,0.8997905204706471,1.5945558297080822,1.2471731750893646
20,4,2015-03,2016-02,2016-03,2013-11,2014-10,2014-11,99.6,99.8,-0.20000000000000284,1.5375769159333834,16,1.5375769159333834,2.6298083698719514,1.0584623263134323,2.243804026378774,1.6511331763461032
20,5,2015-03,2016-02,2016-03,2013-12,2014-11,2014-12,99.6,100.3,-0.7000000000000028,1.6519045165237018,15,1.6519045165237018,2.9747759827480382,1.137165028486352,2.5381371525522707,1.8376510905193113
20,6,2015-03,2016-02,2016-03,2014-01,2014-12,2015-01,99.6,100.3,-0.7000000000000028,1.5489435337287631,14,1.5489435337287631,2.296298172231289,1.0662870644382954,1.959246591366528,1.5127668279024116
20,7,2015-03,2016-02,2016-03,2014-02,2015-01,2015-02,99.6,101.2,-1.6000000000000085,1.3542537562149264,13,1.3542537562149264,3.064956253498345,0.932263333539835,2.6150807264368265,1.7736720299883308
20,8,2015-03,2016-02,2016-03,2014-03,2015-02,2015-03,99.6,99.5,0.09999999999999432,0.46486600365745634,12,0.46486600365745634,1.3201607246511615,0.320012056994629,1.1263869958645043,0.7231995264295666
21,0,2015-04,2016-03,2016-04,2013-07,2014-06,2014-07,99.8,100.1,-0.29999999999999716,1.6808792456920756,21,1.6808792456920756,0.4556934571347115,1.1571111260909983,0.3888065859198384,0.7729588560054184
21,1,2015-04,2016-03,2016-04,2013-08,2014-07,2014-08,99.8,100.2,-0.4000000000000057,1.6536294215170426,20,1.6536294215170426,0.7594890952244905,1.1383524467761308,0.6480109765330395,0.8931817116545852
21,2,2015-04,2016-03,2016-04,2013-09,2014-08,2014-09,99.8,100.5,-0.7000000000000028,1.3381821506385072,19,1.3381821506385072,1.0406394608630447,0.9211996990317156,0.8878939770074692,0.9045468380195925
21,3,2015-04,2016-03,2016-04,2013-10,2014-09,2014-10,99.8,100.0,-0.20000000000000284,1.3064956085473325,18,1.3064956085473325,1.696504129642551,0.8993867993275771,1.447490562609139,1.1734386809683581
21,4,2015-04,2016-03,2016-04,2013-11,2014-10,2014-11,99.8,99.8,0.0,1.287849005991176,17,1.287849005991176,1.320160724650918,0.886550546314862,1.1263869958642965,1.0064687710895792
21,5,2015-04,2016-03,2016-04,2013-12,2014-11,2014-12,99.8,100.3,-0.5,1.5284069969915826,16,1.5284069969915826,1.3734832615470263,1.0521497876464792,1.1718828290797199,1.1120163083630996
21,6,2015-04,2016-03,2016-04,2014-01,2014-12,2015-01,99.8,100.3,-0.5,1.6520976128096274,15,1.6520976128096274,1.7101868038689443,1.137297955263468,1.459164888340449,1.2982314218019586
21,7,2015-04,2016-03,2016-04,2014-02,2015-01,2015-02,99.8,101.2,-1.4000000000000057,1.4104090737379436,14,1.4104090737379436,2.727303416233554,0.9709204487737746,2.32698871013153,1.6489545794526523
21,8,2015-04,2016-03,2016-04,2014-03,2015-02,2015-03,99.8,99.5,0.29999999999999716,1.4723784061190437,13,1.4723784061190437,2.775038562301617,1.0135799105753145,2.3677172720200583,1.6906485912976863
21,9,2015-04,2016-03,2016-04,2014-04,2015-03,2015-04,99.8,99.8,0.0,0.4789963167959578,12,0.4789963167959578,1.348049489988712,0.329739312887409,1.1501822368683863,0.7399607748778976
22,0,2015-05,2016-04,2016-05,2013-07,2014-06,2014-07,99.5,100.1,-0.5999999999999943,1.6165819591094162,22,1.6165819591094162,0.15189781904491104,1.112849109129974,0.12960219530661896,0.6212256522182964
22,1,2015-05,2016-04,2016-05,2013-08,2014-07,2014-08,99.5,100.2,-0.7000000000000028,1.6808792456920758,21,1.6808792456920758,0.45569345713468995,1.1571111260909985,0.38880658591982004,0.7729588560054093
22,2,2015-05,2016-04,2016-05,2013-09,2014-08,2014-09,99.5,100.5,-1.0,1.6305852754690309,20,1.6305852754690309,0.7883346617355282,1.1224889409045704,0.6726225790445164,0.8975557599745434
22,3,2015-05,2016-04,2016-05,2013-10,2014-09,2014-10,99.5,100.0,-0.5,1.2936139878096298,19,1.2936139878096298,1.4628027700670028,0.8905191387172856,1.2480919837646502,1.0693055612409679
22,4,2015-05,2016-04,2016-05,2013-11,2014-10,2014-11,99.5,99.8,-0.29999999999999716,1.2942993907343332,18,1.2942993907343332,1.2107637960165225,0.8909909675842682,1.0330473929656716,0.9620191802749699
22,5,2015-05,2016-04,2016-05,2013-12,2014-11,2014-12,99.5,100.3,-0.7999999999999972,1.2771800331448826,17,1.2771800331448826,1.3394642511199142,0.8792060644218,1.1428571428570038,1.011031603639402
22,6,2015-05,2016-04,2016-05,2014-01,2014-12,2015-01,99.5,100.3,-0.7999999999999972,1.5284069969915826,16,1.5284069969915826,1.5398013397168846,1.0521497876464792,1.3137886720044187,1.1829692298254488
22,7,2015-05,2016-04,2016-05,2014-02,2015-01,2015-02,99.5,101.2,-1.7000000000000028,1.6295769168034313,15,1.6295769168034313,2.6238203417662427,1.1217947904865402,2.2386949234769866,1.6802448569817634
22,8,2015-05,2016-04,2016-05,2014-03,2015-02,2015-03,99.5,99.5,0.0,1.4852800564165511,14,1.4852800564165511,2.513257284168489,1.0224613594613314,2.14436035649914,1.5834108579802355
22,9,2015-05,2016-04,2016-05,2014-04,2015-03,2015-04,99.5,99.8,-0.29999999999999716,1.4723784061190437,13,1.4723784061190437,1.4148572390543024,1.0135799105753145,1.207183917319336,1.1103819139473252
22,10,2015-05,2016-04,2016-05,2014-05,2015-04,2015-05,99.5,99.8,-0.29999999999999716,0.47649466226601656,12,0.47649466226601656,1.1720312197300675,0.32801718305705396,1.0,0.664008591528527
23,0,2015-06,2016-05,2016-06,2013-07,2014-06,2014-07,99.9,100.1,-0.19999999999998863,1.3434929974129466,23,1.3434929974129466,0.7883346617355282,0.9248556665305219,0.6726225790445164,0.7987391227875191
23,1,2015-06,2016-05,2016-06,2013-08,2014-07,2014-08,99.9,100.2,-0.29999999999999716,1.6010652951311894,22,1.6010652951311894,1.0406394608631635,1.1021674943887383,0.8878939770075706,0.9950307356981545
23,2,2015-06,2016-05,2016-06,2013-09,2014-08,2014-09,99.9,100.5,-0.5999999999999943,1.6500679544014814,21,1.6500679544014814,1.063284733314291,1.1359007458373602,0.907215367146259,1.0215580564918096
23,3,2015-06,2016-05,2016-06,2013-10,2014-09,2014-10,99.9,100.0,-0.09999999999999432,1.6330851175315222,20,1.6330851175315222,1.5998747210527997,1.1242098230389608,1.3650444579635597,1.2446271405012603
23,4,2015-06,2016-05,2016-06,2013-11,2014-10,2014-11,99.9,99.8,0.10000000000000853,1.274611515888848,19,1.274611515888848,1.0126029852671643,0.8774379065353062,0.8639727067171288,0.8707053066262175
23,5,2015-06,2016-05,2016-06,2013-12,2014-11,2014-12,99.9,100.3,-0.3999999999999915,1.2592199781248903,18,1.2592199781248903,0.9531537267860598,0.8668424282224114,0.8132494346060015,0.8400459314142065
23,6,2015-06,2016-05,2016-06,2014-01,2014-12,2015-01,99.9,100.3,-0.3999999999999915,1.2989502157028967,17,1.2989502157028967,1.4756402459845825,0.8941925784854791,1.259045169739113,1.076618874112296
23,7,2015-06,2016-05,2016-06,2014-02,2015-01,2015-02,99.9,101.2,-1.2999999999999972,1.4840687777724582,16,1.4840687777724582,2.348092569645167,1.0216275196721447,2.003438586035242,1.5125330528536933
23,8,2015-06,2016-05,2016-06,2014-03,2015-02,2015-03,99.9,99.5,0.4000000000000057,1.6973200715940786,15,1.6973200715940786,2.714576819221314,1.168428930521084,2.3161301282115274,1.7422795293663058
23,9,2015-06,2016-05,2016-06,2014-04,2015-03,2015-04,99.9,99.8,0.10000000000000853,1.434657108811563,14,1.434657108811563,0.8371651569500891,0.987612707448179,0.7142857142857492,0.8509492108669641
23,10,2015-06,2016-05,2016-06,2014-05,2015-04,2015-05,99.9,99.8,0.10000000000000853,1.4549333780771008,13,1.4549333780771008,0.8100602736108121,1.001570817064263,0.6911592967612061,0.8463650569127346
23,11,2015-06,2016-05,2016-06,2014-06,2015-05,2015-06,99.9,100.0,-0.09999999999999432,0.44317586848065743,12,0.44317586848065743,1.2575029649656162,0.30508064725546113,1.0729261676623545,0.6890034074589078
24,0,2015-07,2016-06,2016-07,2013-07,2014-06,2014-07,100.2,100.1,0.10000000000000853,0.9226840677060826,24,0.9226840677060826,0.6697321255599571,0.6351723381354625,0.5714285714285019,0.6033004547819822
24,1,2015-07,2016-06,2016-07,2013-08,2014-07,2014-08,100.2,100.2,0.0,1.3412626627695865,23,1.3412626627695865,0.7354134277598106,0.9233203123179261,0.627469145343402,0.7753947288306641
24,2,2015-07,2016-06,2016-07,2013-09,2014-08,2014-09,100.2,100.5,-0.29999999999999716,1.5926192601903852,22,1.5926192601903852,0.4854795020139973,1.0963532748209703,0.41422062300167134,0.7552869489113209
24,3,2015-07,2016-06,2016-07,2013-10,2014-09,2014-10,100.2,100.0,0.20000000000000284,1.661965348193503,21,1.661965348193503,0.9709590040281916,1.1440908682173687,0.8284412460035107,0.9862660571104397
24,4,2015-07,2016-06,2016-07,2013-11,2014-10,2014-11,100.2,99.8,0.4000000000000057,1.6230494748511943,20,1.6230494748511943,0.5247640683533007,1.1173013233161864,0.4477389846954418,0.7825201540058141
24,5,2015-07,2016-06,2016-07,2013-12,2014-11,2014-12,100.2,100.3,-0.09999999999999432,1.2622781465594843,19,1.2622781465594843,0.6867416307736547,0.8689476601896681,0.5859414145399807,0.7274445373648244
24,6,2015-07,2016-06,2016-07,2014-01,2014-12,2015-01,100.2,100.3,-0.09999999999999432,1.2653523523513477,18,1.2653523523513477,0.9042722371592365,0.8710639322150233,0.7715427899331052,0.8213033610740643
24,7,2015-07,2016-06,2016-07,2014-02,2015-01,2015-02,100.2,101.2,-1.0,1.2208903684981294,17,1.2208903684981294,1.939396653329196,0.8404564651191615,1.6547312227534874,1.2475938439363246
24,8,2015-07,2016-06,2016-07,2014-03,2015-02,2015-03,100.2,99.5,0.7000000000000028,1.519447785569356,16,1.519447785569356,2.085154487269049,1.045982299265485,1.7790946624692168,1.412538480867351
24,9,2015-07,2016-06,2016-07,2014-04,2015-03,2015-04,100.2,99.8,0.4000000000000057,1.6821680140907467,15,1.6821680140907467,0.9042722371592512,1.1579983095438722,0.7715427899331178,0.964770549738495
24,10,2015-07,2016-06,2016-07,2014-05,2015-04,2015-05,100.2,99.8,0.4000000000000057,1.4306267061953633,14,1.4306267061953633,0.5247640683533069,0.9848381930255735,0.4477389846954471,0.7162885888605103
24,11,2015-07,2016-06,2016-07,2014-06,2015-05,2015-06,100.2,100.0,0.20000000000000284,1.4327203833220947,13,1.4327203833220947,1.0160169621847142,0.9862794727034516,0.8668855787124125,0.9265825257079321
24,12,2015-07,2016-06,2016-07,2014-07,2015-06,2015-07,100.2,100.3,-0.09999999999999432,0.44332360958130973,12,0.44332360958130973,0.8508339717253074,0.3051823516888902,0.7259482148617716,0.5155652832753309
25,0,2015-08,2016-07,2016-08,2013-07,2014-06,2014-07,100.1,100.1,0.0,1.066031594122551,25,1.066031594122551,0.9531537267860598,0.7338522511269666,0.8132494346060015,0.7735508428664841
25,1,2015-08,2016-07,2016-08,2013-08,2014-07,2014-08,100.1,100.2,-0.10000000000000853,0.9172611446877315,24,0.9172611446877315,0.8508339717250304,0.6314392177601881,0.7259482148615354,0.6786937163108617
25,2,2015-08,2016-07,2016-08,2013-09,2014-08,2014-09,100.1,100.5,-0.4000000000000057,1.3509448357251974,23,1.3509448357251974,0.334866062779693,0.9299854847747744,0.2857142857140073,0.6078498852443909
25,3,2015-08,2016-07,2016-08,2013-10,2014-09,2014-10,100.1,100.0,0.09999999999999432,1.6249997731133574,22,1.6249997731133574,0.4854795020141942,1.1186439015080039,0.4142206230018393,0.7664322622549216
25,4,2015-08,2016-07,2016-08,2013-11,2014-10,2014-11,100.1,99.8,0.29999999999999716,1.6610734759227272,21,1.6610734759227272,0.45213611857973124,1.1434769066075674,0.385771394966649,0.7646241507871082
25,5,2015-08,2016-07,2016-08,2013-12,2014-11,2014-12,100.1,100.3,-0.20000000000000284,1.6155988510506214,20,1.6155988510506214,0.7883346617355282,1.1121723411373317,0.6726225790445164,0.892397460090924
25,6,2015-08,2016-07,2016-08,2014-01,2014-12,2015-01,100.1,100.3,-0.20000000000000284,1.267021525917591,19,1.267021525917591,0.5247640683535739,0.8722129851941871,0.4477389846956749,0.659975984944931
25,7,2015-08,2016-07,2016-08,2014-02,2015-01,2015-02,100.1,101.2,-1.1000000000000085,1.2625470658577007,18,1.2625470658577007,1.681206396453636,0.8691327832511754,1.434438236927543,1.1517855100893593
25,8,2015-08,2016-07,2016-08,2014-03,2015-02,2015-03,100.1,99.5,0.5999999999999943,1.2833595664790263,17,1.2833595664790263,1.5998747210528894,0.8834600325716917,1.3650444579636363,1.124252245267664
25,9,2015-08,2016-07,2016-08,2014-04,2015-03,2015-04,100.1,99.8,0.29999999999999716,1.504504005832896,16,1.504504005832896,1.1759586744880295,1.0356950559413571,1.0033509813491712,1.0195230186452642
25,10,2015-08,2016-07,2016-08,2014-05,2015-04,2015-05,100.1,99.8,0.29999999999999716,1.6769995866615495,15,1.6769995866615495,0.6937596405755468,1.154440383001531,0.5919293180051363,0.8731848505033337
25,11,2015-08,2016-07,2016-08,2014-06,2015-05,2015-06,100.1,100.0,0.09999999999999432,1.4323459534028438,14,1.4323459534028438,1.034414162171662,0.9860217165162556,0.8825824301931988,0.9343020733547271
25,12,2015-08,2016-07,2016-08,2014-07,2015-06,2015-07,100.1,100.3,-0.20000000000000284,1.426354352646757,13,1.426354352646757,0.7354134277600795,0.9818971204658661,0.6274691453436315,0.8046831329047488
25,13,2015-08,2016-07,2016-08,2014-08,2015-07,2015-08,100.1,100.5,-0.4000000000000057,0.4423907371462172,12,0.4423907371462172,0.36770671388042536,0.3045401657159027,0.3137345726721448,0.30913736919402374
26,0,2015-09,2016-08,2016-09,2013-07,2014-06,2014-07,100.7,100.1,0.6000000000000085,1.4575819184501935,26,1.4575819184501935,1.537215407728988,1.003394062571911,1.3115823041668007,1.157488183369356
26,1,2015-09,2016-08,2016-09,2013-08,2014-07,2014-08,100.7,100.2,0.5,1.0447745021232115,25,1.0447745021232115,1.5068972825103317,0.7192189467276084,1.2857142857144948,1.0024666162210516
26,2,2015-09,2016-08,2016-09,2013-09,2014-08,2014-09,100.7,100.5,0.20000000000000284,0.9364959309538083,24,0.9364959309538083,1.0160169621847142,0.6446803742879409,0.8668855787124125,0.7557829765001767
26,3,2015-09,2016-08,2016-09,2013-10,2014-09,2014-10,100.7,100.0,0.7000000000000028,1.415644994249231,23,1.415644994249231,0.7883346617355282,0.9745248373070178,0.6726225790445164,0.823573708175767
26,4,2015-09,2016-08,2016-09,2013-11,2014-10,2014-11,100.7,99.8,0.9000000000000057,1.6218813164382202,22,1.6218813164382202,0.3677067138801653,1.1164971673364195,0.3137345726719229,0.7151158700041712
26,5,2015-09,2016-08,2016-09,2013-12,2014-11,2014-12,100.7,100.3,0.4000000000000057,1.6376663571149792,21,1.6376663571149792,0.4854795020141942,1.1273635316155242,0.4142206230018393,0.7707920773086817
26,6,2015-09,2016-08,2016-09,2014-01,2014-12,2015-01,100.7,100.3,0.4000000000000057,1.6352435394475666,20,1.6352435394475666,0.3468798202877734,1.1256956727930432,0.29596465900256813,0.7108301658978057
26,7,2015-09,2016-08,2016-09,2014-02,2015-01,2015-02,100.7,101.2,-0.5,1.3473856852447461,19,1.3473856852447461,1.0495281367063343,0.927535378599142,0.8954779693906557,0.9115066739948989
26,8,2015-09,2016-08,2016-09,2014-03,2015-02,2015-03,100.7,99.5,1.2000000000000028,1.3582848908617167,18,1.3582848908617167,1.6792440141631357,0.9350383518896223,1.4327638939088032,1.1839011228992127
26,9,2015-09,2016-08,2016-09,2014-04,2015-03,2015-04,100.7,99.8,0.9000000000000057,1.2056494102863151,17,1.2056494102863151,0.9266390491998224,0.8299646452193227,0.7906265921937116,0.8102956187065171
26,10,2015-09,2016-08,2016-09,2014-05,2015-04,2015-05,100.7,99.8,0.9000000000000057,1.4645235602444986,16,1.4645235602444986,0.5655013765476803,1.0081726633988977,0.4824968542031857,0.7453347588010417
26,11,2015-09,2016-08,2016-09,2014-06,2015-05,2015-06,100.7,100.0,0.7000000000000028,1.6697839278477646,15,1.6697839278477646,0.4854795020139973,1.1494731498603608,0.41422062300167134,0.7818468864310161
26,12,2015-09,2016-08,2016-09,2014-07,2015-06,2015-07,100.7,100.3,0.4000000000000057,1.4109432903499548,14,1.4109432903499548,0.15189781904488944,0.9712882015359585,0.12960219530660053,0.5504451984212795
26,13,2015-09,2016-08,2016-09,2014-08,2015-07,2015-08,100.7,100.5,0.20000000000000284,1.425207133497236,13,1.425207133497236,0.45213611857951985,0.9811073789984897,0.3857713949664686,0.6834393869824791
26,14,2015-09,2016-08,2016-09,2014-09,2015-08,2015-09,100.7,100.1,0.6000000000000085,0.4836456502256755,12,0.4836456502256755,1.034414162171662,0.33293989701873256,0.8825824301931988,0.6077611636059657
27,0,2015-10,2016-09,2016-10,2013-07,2014-06,2014-07,99.9,100.1,-0.19999999999998863,1.6007410533869486,27,1.6007410533869486,1.314904184935921,1.1019442875576908,1.1219020131893405,1.1119231503735156
27,1,2015-10,2016-09,2016-10,2013-08,2014-07,2014-08,99.9,100.2,-0.29999999999999716,1.4702659375091092,26,1.4702659375091092,1.0406394608630447,1.012125694909116,0.8878939770074692,0.9500098359582926
27,2,2015-10,2016-09,2016-10,2013-09,2014-08,2014-09,99.9,100.5,-0.5999999999999943,1.0447828610026282,25,1.0447828610026282,0.7594890952244905,0.7192247009496321,0.6480109765330395,0.6836178387413359
27,3,2015-10,2016-09,2016-10,2013-10,2014-09,2014-10,99.9,100.0,-0.09999999999999432,0.8165964169281188,24,0.8165964169281188,0.5870231424115999,0.5621419872814988,0.5008596465090736,0.5315008168952862
27,4,2015-10,2016-09,2016-10,2013-11,2014-10,2014-11,99.9,99.8,0.10000000000000853,1.4379323489175242,23,1.4379323489175242,1.2566286420843207,0.9898673707602165,1.0721801782496347,1.0310237745049255
27,5,2015-10,2016-09,2016-10,2013-12,2014-11,2014-12,99.9,100.3,-0.3999999999999915,1.6570013010960347,22,1.6570013010960347,1.603045302506955,1.1406736363480112,1.3677496601806862,1.2542116482643486
27,6,2015-10,2016-09,2016-10,2014-01,2014-12,2015-01,99.9,100.3,-0.3999999999999915,1.60569665629424,21,1.60569665629424,1.034414162171662,1.1053557064774093,0.8825824301931988,0.9939690683353041
27,7,2015-10,2016-09,2016-10,2014-02,2015-01,2015-02,99.9,101.2,-1.2999999999999972,1.6419066452803992,20,1.6419066452803992,2.099056273413215,1.1302825304827029,1.790955938781778,1.4606192346322404
27,8,2015-10,2016-09,2016-10,2014-03,2015-02,2015-03,99.9,99.5,0.4000000000000057,1.1971618088864477,19,1.1971618088864477,1.1303402964491094,0.824121811453136,0.9644284874164358,0.8942751494347859
27,9,2015-10,2016-09,2016-10,2014-04,2015-03,2015-04,99.9,99.8,0.10000000000000853,1.4561750463836916,18,1.4561750463836916,2.005828988228476,1.0024255769859844,1.7114125924823418,1.3569190847341632
27,10,2015-10,2016-09,2016-10,2014-05,2015-04,2015-05,99.9,99.8,0.10000000000000853,1.2710563148566445,17,1.2710563148566445,1.5223172671574703,0.8749905191454053,1.2988709187354905,1.0869307189404478
27,11,2015-10,2016-09,2016-10,2014-06,2015-05,2015-06,99.9,100.0,-0.09999999999999432,1.5045987447897369,16,1.5045987447897369,1.8007126150224437,1.0357602738928047,1.5364032840670991,1.286081778979952
27,12,2015-10,2016-09,2016-10,2014-07,2015-06,2015-07,99.9,100.3,-0.3999999999999915,1.6784993739196368,15,1.6784993739196368,1.4628027700670028,1.1554728310655726,1.2480919837646502,1.2017824074151116
27,13,2015-10,2016-09,2016-10,2014-08,2015-07,2015-08,99.9,100.5,-0.5999999999999943,1.3884390598601566,14,1.3884390598601566,0.9042722371594625,0.9557963715603077,0.771542789933298,0.8636695807468029
27,14,2015-10,2016-09,2016-10,2014-09,2015-08,2015-09,99.9,100.1,-0.19999999999998863,1.3773484823791966,13,1.3773484823791966,0.3468798202877734,0.9481616585784663,0.29596465900256813,0.6220631587905172
27,15,2015-10,2016-09,2016-10,2014-10,2015-09,2015-10,99.9,99.7,0.20000000000000284,0.5150668238885883,12,0.5150668238885883,1.2375264067943144,0.3545701180672553,1.0558817768346915,0.7052259474509734
28,0,2015-11,2016-10,2016-11,2013-07,2014-06,2014-07,100.1,100.1,0.0,1.4811376055978436,28,1.4811376055978436,0.1674330313898465,1.0196097114658578,0.14285714285700366,0.5812334271614307
28,1,2015-11,2016-10,2016-11,2013-08,2014-07,2014-08,100.1,100.2,-0.10000000000000853,1.6088761404197247,27,1.6088761404197247,0.34687982028761666,1.1075444517226474,0.29596465900243435,0.7017545553625408
28,2,2015-11,2016-10,2016-11,2013-09,2014-08,2014-09,100.1,100.5,-0.4000000000000057,1.4354803182194535,26,1.4354803182194535,0.5655013765476803,0.9881794017942567,0.4824968542031857,0.7353381279987212
28,3,2015-11,2016-10,2016-11,2013-10,2014-09,2014-10,100.1,100.0,0.09999999999999432,0.910727301342457,25,0.910727301342457,1.2375264067942984,0.6269413438942758,1.0558817768346778,0.8414115603644767
28,4,2015-11,2016-10,2016-11,2013-11,2014-10,2014-11,100.1,99.8,0.29999999999999716,0.7944948420951012,24,0.7944948420951012,1.0160169621847108,0.5469273439875435,0.8668855787124096,0.7069064613499765
28,5,2015-11,2016-10,2016-11,2013-12,2014-11,2014-12,100.1,100.3,-0.20000000000000284,1.4432104192787187,23,1.4432104192787187,1.1818333755028883,0.993500775096002,1.0083633913566554,1.0009320832263287
28,6,2015-11,2016-10,2016-11,2014-01,2014-12,2015-01,100.1,100.3,-0.20000000000000284,1.6538892918035835,22,1.6538892918035835,1.320160724651415,1.1385313405310913,1.1263869958647206,1.132459168197906
28,7,2015-11,2016-10,2016-11,2014-02,2015-01,2015-02,100.1,101.2,-1.1000000000000085,1.545825727439073,21,1.545825727439073,2.4215275920333164,1.0641407779896745,2.0660947859315746,1.5651177819606246
28,8,2015-11,2016-10,2016-11,2014-03,2015-02,2015-03,100.1,99.5,0.5999999999999943,1.609567899140646,20,1.609567899140646,2.296298172231435,1.1080206558965044,1.9592465913666526,1.5336336236315784
28,9,2015-11,2016-10,2016-11,2014-04,2015-03,2015-04,100.1,99.8,0.29999999999999716,1.2300270744777073,19,1.2300270744777073,1.320160724651425,0.8467461401043738,1.1263869958647292,0.9865665679845514
28,10,2015-11,2016-10,2016-11,2014-05,2015-04,2015-05,100.1,99.8,0.29999999999999716,1.4868285911664167,18,1.4868285911664167,1.0160169621847142,1.0235273651204533,0.8668855787124125,0.9452064719164328
28,11,2015-11,2016-10,2016-11,2014-06,2015-05,2015-06,100.1,100.0,0.09999999999999432,1.2492750305886897,17,1.2492750305886897,1.5145337128857919,0.8599963627052,1.2922298377295842,1.076113100217392
28,12,2015-11,2016-10,2016-11,2014-07,2015-06,2015-07,100.1,100.3,-0.20000000000000284,1.5244687267007266,16,1.5244687267007266,1.3480494899889957,1.0494386967797305,1.150182236868628,1.0998104668241793
28,13,2015-11,2016-10,2016-11,2014-08,2015-07,2015-08,100.1,100.5,-0.4000000000000057,1.6955157848796139,15,1.6955157848796139,1.1740462848229445,1.1671868661447666,1.0017192930179293,1.084453079581348
28,14,2015-11,2016-10,2016-11,2014-09,2015-08,2015-09,100.1,100.1,0.0,1.40759446934211,14,1.40759446934211,1.0406394608631635,0.9689828854001352,0.8878939770075706,0.9284384312038529
28,15,2015-11,2016-10,2016-11,2014-10,2015-09,2015-10,100.1,99.7,0.3999999999999915,1.3266615099883563,13,1.3266615099883563,1.2107637960167934,0.9132689321368592,1.0330473929659028,0.973158162551381
28,16,2015-11,2016-10,2016-11,2014-11,2015-10,2015-11,100.1,100.0,0.09999999999999432,0.5008295329319606,12,0.5008295329319606,1.7016679434506188,0.34476921903567403,1.4518964297235468,0.8983328243796105
29,0,2015-12,2016-11,2016-12,2013-07,2014-06,2014-07,100.2,100.1,0.10000000000000853,1.2375920802384566,29,1.2375920802384566,0.3037956380897789,0.8519538624063415,0.25920439061320105,0.5555791265097713
29,1,2015-12,2016-11,2016-12,2013-08,2014-07,2014-08,100.2,100.2,0.0,1.4838320639068283,28,1.4838320639068283,0.0,1.021464566712661,0.0,0.5107322833563305
29,2,2015-12,2016-11,2016-12,2013-09,2014-08,2014-09,100.2,100.5,-0.29999999999999716,1.6001706349085552,27,1.6001706349085552,0.5247640683533069,1.1015516135630725,0.4477389846954471,0.7746452991292598
29,3,2015-12,2016-11,2016-12,2013-10,2014-09,2014-10,100.2,100.0,0.20000000000000284,1.411393569941113,26,1.411393569941113,1.1740462848227111,0.9715981723599284,1.00171929301773,0.9866587326888292
29,4,2015-12,2016-11,2016-12,2013-11,2014-10,2014-11,100.2,99.8,0.4000000000000057,0.9094576584264471,25,0.9094576584264471,1.1818333755028854,0.626067326353728,1.008363391356653,0.8172153588551905
29,5,2015-12,2016-11,2016-12,2013-12,2014-11,2014-12,100.2,100.3,-0.09999999999999432,0.8115051309644228,24,0.8115051309644228,1.414857239054032,0.5586371646419176,1.2071839173191052,0.8829105409805114
29,6,2015-12,2016-11,2016-12,2014-01,2014-12,2015-01,100.2,100.3,-0.09999999999999432,1.4388164039224438,23,1.4388164039224438,1.3734832615475832,0.9904759509927886,1.171882829080195,1.0811793900364919
29,7,2015-12,2016-11,2016-12,2014-02,2015-01,2015-02,100.2,101.2,-1.0,1.6756699520647118,22,1.6756699520647118,2.5298026187479126,1.1535250674072792,2.158477160131072,1.6560011137691757
29,8,2015-12,2016-11,2016-12,2014-03,2015-02,2015-03,100.2,99.5,0.7000000000000028,1.5158360261120756,21,1.5158360261120756,2.1414927315149193,1.0434959772625843,1.8271635562814872,1.4353297667720357
29,9,2015-12,2016-11,2016-12,2014-04,2015-03,2015-04,100.2,99.8,0.4000000000000057,1.6245282955835298,20,1.6245282955835298,1.62012054722186,1.1183193381005707,1.3823185935226134,1.250318965811592
29,10,2015-12,2016-11,2016-12,2014-05,2015-04,2015-05,100.2,99.8,0.4000000000000057,1.2414557993698363,19,1.2414557993698363,1.2575029649656162,0.8546136325275255,1.0729261676623545,0.96376990009494
29,11,2015-12,2016-11,2016-12,2014-06,2015-05,2015-06,100.2,100.0,0.20000000000000284,1.4790173819837114,18,1.4790173819837114,1.735234429960527,1.0181501572831282,1.4805360136739119,1.24934308547852
29,12,2015-12,2016-11,2016-12,2014-07,2015-06,2015-07,100.2,100.3,-0.09999999999999432,1.2563291681100983,17,1.2563291681100983,1.5145337128855059,0.8648524051793499,1.2922298377293402,1.078541121454345
29,13,2015-12,2016-11,2016-12,2014-08,2015-07,2015-08,100.2,100.5,-0.29999999999999716,1.5295505917100143,16,1.5295505917100143,1.210763796016799,1.0529370340687474,1.0330473929659074,1.0429922135173273
29,14,2015-12,2016-11,2016-12,2014-09,2015-08,2015-09,100.2,100.1,0.10000000000000853,1.6947062767817134,15,1.6947062767817134,0.9042722371590397,1.1666296037303832,0.7715427899329372,0.9690861968316602
29,15,2015-12,2016-11,2016-12,2014-10,2015-09,2015-10,100.2,99.7,0.5,1.3884229138294755,14,1.3884229138294755,1.3394642511201997,0.9557852566918297,1.1428571428572474,1.0493211997745386
29,16,2015-12,2016-11,2016-12,2014-11,2015-10,2015-11,100.2,100.0,0.20000000000000284,1.3252012076557684,13,1.3252012076557684,1.9393966533289246,0.9122636653511429,1.654731222753256,1.2834974440521996
29,17,2015-12,2016-11,2016-12,2014-12,2015-11,2015-12,100.2,100.5,-0.29999999999999716,0.4956248031853019,12,0.4956248031853019,1.5145337128855059,0.34118630211074286,1.2922298377293402,0.8167080699200415
30,0,2016-01,2016-12,2017-01,2013-07,2014-06,2014-07,101.0,100.1,0.9000000000000057,1.4064438498497858,30,1.4064438498497858,0.6782041778691666,0.9681908031492075,0.5786570924496064,0.7734239477994069
30,1,2016-01,2016-12,2017-01,2013-08,2014-07,2014-08,101.0,100.2,0.7999999999999972,1.2260685936573827,29,1.2260685936573827,0.5247640683530337,0.8440211363830449,0.447738984695214,0.6458800605391295
30,2,2016-01,2016-12,2017-01,2013-09,2014-08,2014-09,101.0,100.5,0.5,1.5107209801877923,28,1.5107209801877923,2.855239780330955e-13,1.0399747983530203,2.4361465226058997e-13,0.519987399176632
30,3,2016-01,2016-12,2017-01,2013-10,2014-09,2014-10,101.0,100.0,1.0,1.664776580887176,27,1.664776580887176,0.6782041778695896,1.1460261105235703,0.5786570924499673,0.8623416014867689
30,4,2016-01,2016-12,2017-01,2013-11,2014-10,2014-11,101.0,99.8,1.2000000000000028,1.4078076825210404,26,1.4078076825210404,0.7354134277600795,0.9691296605728325,0.6274691453436315,0.798299402958232
30,5,2016-01,2016-12,2017-01,2013-12,2014-11,2014-12,101.0,100.3,0.7000000000000028,0.8800092714653535,25,0.8800092714653535,1.034414162171431,0.6057951644566462,0.8825824301930016,0.7441887973248239
30,6,2016-01,2016-12,2017-01,2014-01,2014-12,2015-01,101.0,100.3,0.7000000000000028,0.8243375642861561,24,0.8243375642861561,0.8508339717255884,0.5674709648149246,0.7259482148620114,0.646709589838468
30,7,2016-01,2016-12,2017-01,2014-02,2015-01,2015-02,101.0,101.2,-0.20000000000000284,1.543051437751272,23,1.543051437751272,2.0149300304220024,1.0622309671136219,1.7191777799963932,1.3907043735550075
30,8,2016-01,2016-12,2017-01,2014-03,2015-02,2015-03,101.0,99.5,1.5,1.631763467112228,22,1.631763467112228,1.7343991014387103,1.1233000037233332,1.4798232950127068,1.30156164936802
30,9,2016-01,2016-12,2017-01,2014-04,2015-03,2015-04,101.0,99.8,1.2000000000000028,1.4703678461801764,21,1.4703678461801764,1.353299643135617,1.0121958484656188,1.1546617703983155,1.0834288094319673
30,10,2016-01,2016-12,2017-01,2014-05,2015-04,2015-05,101.0,99.8,1.2000000000000028,1.6002440318622133,20,1.6002440318622133,0.9042722371592512,1.1016021397575726,0.7715427899331178,0.9365724648453452
30,11,2016-01,2016-12,2017-01,2014-06,2015-05,2015-06,101.0,100.0,1.0,1.2422024670146041,19,1.2422024670146041,1.320160724651425,0.8551276358037676,1.1263869958647292,0.9907573158342484
30,12,2016-01,2016-12,2017-01,2014-07,2015-06,2015-07,101.0,100.3,0.7000000000000028,1.4635143576409941,18,1.4635143576409941,1.0495281367066076,1.0074779320170997,0.895477969390889,0.9514779507039943
30,13,2016-01,2016-12,2017-01,2014-08,2015-07,2015-08,101.0,100.5,0.5,1.2514252799066845,17,1.2514252799066845,0.6867416307742068,0.8614765864726706,0.5859414145404518,0.7237090005065612
30,14,2016-01,2016-12,2017-01,2014-09,2015-08,2015-09,101.0,100.1,0.9000000000000057,1.530433230526063,16,1.530433230526063,0.4854795020140958,1.0535446394020795,0.41422062300175533,0.7338826312019174
30,15,2016-01,2016-12,2017-01,2014-10,2015-09,2015-10,101.0,99.7,1.2999999999999972,1.7289572291856916,15,1.7289572291856916,0.8508339717255923,1.1902078341163134,0.7259482148620148,0.958078024489164
30,16,2016-01,2016-12,2017-01,2014-11,2015-10,2015-11,101.0,100.0,1.0,1.3807289546877133,14,1.3807289546877133,1.5398013397168846,0.9504887633539296,1.3137886720044187,1.1321387176791742
30,17,2016-01,2016-12,2017-01,2014-12,2015-11,2015-12,101.0,100.5,0.5,1.2952847391383002,13,1.2952847391383002,1.0495281367066076,0.8916692778223346,0.895477969390889,0.8935736236066119
30,18,2016-01,2016-12,2017-01,2015-01,2015-12,2016-01,101.0,100.5,0.5,0.5443923004247335,12,0.5443923004247335,0.810060273610576,0.37475766887726186,0.6911592967610046,0.5329584828191333
31,0,2016-02,2017-01,2017-02,2013-07,2014-06,2014-07,99.8,100.1,-0.29999999999999716,1.4867502679313573,31,1.4867502679313573,1.7041014990616363,1.023473447691851,1.4539727870509378,1.2387231173713944
31,1,2016-02,2017-01,2017-02,2013-08,2014-07,2014-08,99.8,100.2,-0.4000000000000057,1.4190052481021886,30,1.4190052481021886,1.4074956560786622,0.9768380237716091,1.200902870490792,1.0888704471312005
31,2,2016-02,2017-01,2017-02,2013-09,2014-08,2014-09,99.8,100.5,-0.7000000000000028,1.2595990332156728,29,1.2595990332156728,1.4756402459847444,0.8671033683607765,1.259045169739251,1.0630742690500137
31,3,2016-02,2017-01,2017-02,2013-10,2014-09,2014-10,99.8,100.0,-0.20000000000000284,1.4917068087358436,28,1.4917068087358436,1.539801339717133,1.0268855122565685,1.3137886720046308,1.1703370921305996
31,4,2016-02,2017-01,2017-02,2013-11,2014-10,2014-11,99.8,99.8,0.0,1.6703599904796063,27,1.6703599904796063,2.139634118978449,1.1498697092695733,1.8255777516500213,1.4877237304597974
31,5,2016-02,2017-01,2017-02,2013-12,2014-11,2014-12,99.8,100.3,-0.5,1.459382981359667,26,1.459382981359667,2.4750528135882264,1.0046339076926614,2.11176355366904,1.5581987306808505
31,6,2016-02,2017-01,2017-02,2014-01,2014-12,2015-01,99.8,100.3,-0.5,0.8944128855532427,25,0.8944128855532427,1.9834203851289995,0.6157105597235771,1.692293133271488,1.1540018464975326
31,7,2016-02,2017-01,2017-02,2014-02,2015-01,2015-02,99.8,101.2,-1.4000000000000057,0.7085209354052003,24,0.7085209354052003,3.03847797494581,0.4877432210118126,2.5924889403932494,1.540116080702531
31,8,2016-02,2017-01,2017-02,2014-03,2015-02,2015-03,99.8,99.5,0.29999999999999716,1.3156380285631748,23,1.3156380285631748,1.7016679434509,0.9056804078344587,1.4518964297237866,1.1787884187791227
31,9,2016-02,2017-01,2017-02,2014-04,2015-03,2015-04,99.8,99.8,0.0,1.6829661338234763,22,1.6829661338234763,2.8275068827379113,1.158547732249317,2.41248427101551,1.7855160016324136
31,10,2016-02,2017-01,2017-02,2014-05,2015-04,2015-05,99.8,99.8,0.0,1.499929736787433,21,1.499929736787433,2.365003985206568,1.0325461458576588,2.017867737133535,1.5252069414955969
31,11,2016-02,2017-01,2017-02,2014-06,2015-05,2015-06,99.8,100.0,-0.20000000000000284,1.6375556158664326,20,1.6375556158664326,2.7128167114775272,1.1272872977449835,2.31462836979916,1.7209578337720717
31,12,2016-02,2017-01,2017-02,2014-07,2015-06,2015-07,99.8,100.3,-0.5,1.2619553316229999,19,1.2619553316229999,2.3873388873627923,0.8687254355678626,2.036924313255601,1.4528248744117318
31,13,2016-02,2017-01,2017-02,2014-08,2015-07,2015-08,99.8,100.5,-0.7000000000000028,1.425795136254218,18,1.425795136254218,1.8442651230604363,0.9815121579461862,1.5735631372389485,1.2775376475925673
31,14,2016-02,2017-01,2017-02,2014-09,2015-08,2015-09,99.8,100.1,-0.29999999999999716,1.1968589018420224,17,1.1968589018420224,1.259381278954618,0.8239132913514248,1.0745287819591258,0.9492210366552754
31,15,2016-02,2017-01,2017-02,2014-10,2015-09,2015-10,99.8,99.7,0.09999999999999432,1.5577899108299418,16,1.5577899108299418,2.16154822798946,1.072376878085293,1.8442752988160929,1.458326088450693
31,16,2016-02,2017-01,2017-02,2014-11,2015-10,2015-11,99.8,100.0,-0.20000000000000284,1.7561319351936722,15,1.7561319351936722,2.938884770767174,1.2089148023596745,2.5075140672822975,1.8582144348209861
31,17,2016-02,2017-01,2017-02,2014-12,2015-11,2015-12,99.8,100.5,-0.7000000000000028,1.3819089188855607,14,1.3819089188855607,2.3873388873627923,0.9513010463928318,2.036924313255601,1.4941126798242164
31,18,2016-02,2017-01,2017-02,2015-01,2015-12,2016-01,99.8,100.5,-0.7000000000000028,1.2441964747968792,13,1.2441964747968792,1.6874724014929003,0.8565003034693932,1.4397845151953759,1.1481424093323844
31,19,2016-02,2017-01,2017-02,2015-02,2016-01,2016-02,99.8,101.6,-1.7999999999999972,0.5471059492741038,12,0.5471059492741038,1.396596171334744,0.37662573482189043,1.191603216556293,0.7841144756890918
32,0,2016-03,2017-02,2017-03,2013-07,2014-06,2014-07,99.7,100.1,-0.3999999999999915,1.4276645475871519,32,1.4276645475871519,2.683231422659078,0.9827990538717097,2.2893856217217983,1.636092337796754
32,1,2016-03,2017-02,2017-03,2013-08,2014-07,2014-08,99.7,100.2,-0.5,1.4574754531109622,31,1.4574754531109622,2.7174095103590528,1.003320772221707,2.3185470357904836,1.6609339040060953
32,2,2016-03,2017-02,2017-03,2013-09,2014-08,2014-09,99.7,100.5,-0.7999999999999972,1.5714749643240673,30,1.5714749643240673,2.2598413083587814,1.081797618867111,1.9281408808199232,1.504969249843517
32,3,2016-03,2017-02,2017-03,2013-10,2014-09,2014-10,99.7,100.0,-0.29999999999999716,1.5733893657497653,29,1.5733893657497653,1.9834203851285173,1.0831154858079737,1.6922931332710762,1.387704309539525
32,4,2016-03,2017-02,2017-03,2013-11,2014-10,2014-11,99.7,99.8,-0.09999999999999432,1.4807740939677108,28,1.4807740939677108,1.5372154077287121,1.0193594713889647,1.3115823041665655,1.165470887777765
32,5,2016-03,2017-02,2017-03,2013-12,2014-11,2014-12,99.7,100.3,-0.5999999999999943,1.6177686285569204,27,1.6177686285569204,1.3394642511201997,1.11366600803822,1.1428571428572474,1.1282615754477336
32,6,2016-03,2017-02,2017-03,2014-01,2014-12,2015-01,99.7,100.3,-0.5999999999999943,1.5789397350924679,26,1.5789397350924679,1.5398013397166361,1.0869363397668856,1.313788672004207,1.2003625058855463
32,7,2016-03,2017-02,2017-03,2014-02,2015-01,2015-02,99.7,101.2,-1.5,1.283500370076286,25,1.283500370076286,0.777725855147756,0.8835569612531543,0.6635709374080286,0.7735639493305915
32,8,2016-03,2017-02,2017-03,2014-03,2015-02,2015-03,99.7,99.5,0.20000000000000284,1.1911674814235027,24,1.1911674814235027,2.5132572841683367,0.8199953383477163,2.1443603564990097,1.4821778474233631
32,9,2016-03,2017-02,2017-03,2014-04,2015-03,2015-04,99.7,99.8,-0.09999999999999432,0.7232706012953874,23,0.7232706012953874,1.414857239054032,0.49789683707400234,1.2071839173191052,0.8525403771965538
32,10,2016-03,2017-02,2017-03,2014-05,2015-04,2015-05,99.7,99.8,-0.09999999999999432,1.5667536274268625,22,1.5667536274268625,1.5068972825100462,1.078547467812072,1.285714285714251,1.1821308767631615
32,11,2016-03,2017-02,2017-03,2014-06,2015-05,2015-06,99.7,100.0,-0.29999999999999716,1.481373457486531,21,1.481373457486531,1.0045981883399357,1.0197720710435663,0.857142857142753,0.9384574640931596
32,12,2016-03,2017-02,2017-03,2014-07,2015-06,2015-07,99.7,100.3,-0.5999999999999943,1.617729035732845,20,1.617729035732845,1.2107637960165225,1.1136387524829097,1.0330473929656716,1.0733430727242905
32,13,2016-03,2017-02,2017-03,2014-08,2015-07,2015-08,99.7,100.5,-0.7999999999999972,1.199135778363408,19,1.199135778363408,1.6874724014929003,0.8254806848226589,1.4397845151953759,1.1326326000090174
32,14,2016-03,2017-02,2017-03,2014-09,2015-08,2015-09,99.7,100.1,-0.3999999999999915,1.4891700925355444,18,1.4891700925355444,2.273201377829055,1.0251392461005526,1.9395399538525944,1.4823395999765734
32,15,2016-03,2017-02,2017-03,2014-10,2015-09,2015-10,99.7,99.7,0.0,1.2851821612730334,17,1.2851821612730334,1.414857239054032,0.884714700163017,1.2071839173191052,1.0459493087410612
32,16,2016-03,2017-02,2017-03,2014-11,2015-10,2015-11,99.7,100.0,-0.29999999999999716,1.511078169151134,16,1.511078169151134,0.8508339717253074,1.0402206859292151,0.7259482148617716,0.8830844503954933
32,17,2016-03,2017-02,2017-03,2014-12,2015-11,2015-12,99.7,100.5,-0.7999999999999972,1.7559310789178413,15,1.7559310789178413,1.2107637960165225,1.2087765336338843,1.0330473929656716,1.120911963299778
32,18,2016-03,2017-02,2017-03,2015-01,2015-12,2016-01,99.7,100.5,-0.7999999999999972,1.4881741173024197,14,1.4881741173024197,1.8442651230604363,1.0244536203921544,1.5735631372389485,1.2990083788155515
32,19,2016-03,2017-02,2017-03,2015-02,2016-01,2016-02,99.7,101.6,-1.8999999999999915,1.296826088838613,13,1.296826088838613,2.126656212027275,0.8927303373196185,1.8145047471662648,1.3536175422429415
32,20,2016-03,2017-02,2017-03,2015-03,2016-02,2016-03,99.7,99.6,0.10000000000000853,1.2190782981856805,12,1.2190782981856805,3.712579220382138,0.839209042542455,3.1676453305033876,2.0034271865229214
33,0,2016-04,2017-03,2017-04,2013-07,2014-06,2014-07,100.1,100.1,0.0,1.6528601995231451,33,1.6528601995231451,2.529802618747629,1.1378229171684247,2.15847716013083,1.6481500386496273
33,1,2016-04,2017-03,2017-04,2013-08,2014-07,2014-08,100.1,100.2,-0.10000000000000853,1.4313617488058392,32,1.4313617488058392,2.5839459473815434,0.9853441936707195,2.204673308938525,1.5950087513046223
33,2,2016-04,2017-03,2017-04,2013-09,2014-08,2014-09,100.1,100.5,-0.4000000000000057,1.4097918690711646,31,1.4097918690711646,2.1479510622517544,0.9704955673381596,1.8326739306026785,1.401584748970419
33,3,2016-04,2017-03,2017-04,2013-10,2014-09,2014-10,100.1,100.0,0.09999999999999432,1.5261583091910287,30,1.5261583091910287,1.9358223202539724,1.050601799187585,1.651681531742657,1.351141665465121
33,4,2016-04,2017-03,2017-04,2013-11,2014-10,2014-11,100.1,99.8,0.29999999999999716,1.5646478949156837,29,1.5646478949156837,1.414857239054032,1.0770978892516243,1.2071839173191052,1.1421409032853647
33,5,2016-04,2017-03,2017-04,2013-12,2014-11,2014-12,100.1,100.3,-0.20000000000000284,1.4763381738215307,28,1.4763381738215307,1.1818333755028854,1.016305800181618,1.008363391356653,1.0123345957691354
33,6,2016-04,2017-03,2017-04,2014-01,2014-12,2015-01,100.1,100.3,-0.20000000000000284,1.6163742177732603,27,1.6163742177732603,1.4846828912339303,1.1127061007538332,1.2667605318362338,1.1897333162950336
33,7,2016-04,2017-03,2017-04,2014-02,2015-01,2015-02,100.1,101.2,-1.1000000000000085,1.4753277399585398,26,1.4753277399585398,0.9113869142693799,1.0156102212052922,0.7776131718396401,0.8966116965224662
33,8,2016-04,2017-03,2017-04,2014-03,2015-02,2015-03,100.1,99.5,0.5999999999999943,1.4002339836668891,25,1.4002339836668891,2.562239323698221,0.9639159539771556,2.186152792319248,1.5750343731482017
33,9,2016-04,2017-03,2017-04,2014-04,2015-03,2015-04,100.1,99.8,0.29999999999999716,1.2119592904513254,24,1.2119592904513254,1.210763796016246,0.8343083436509302,1.0330473929654358,0.933677868308183
33,10,2016-04,2017-03,2017-04,2014-05,2015-04,2015-05,100.1,99.8,0.29999999999999716,0.7377429065780025,23,0.7377429065780025,1.348049489988712,0.5078595191081924,1.1501822368683863,0.8290208779882893
33,11,2016-04,2017-03,2017-04,2014-06,2015-05,2015-06,100.1,100.0,0.09999999999999432,1.531902404682172,22,1.531902404682172,0.8508339717250265,1.0545560135186653,0.725948214861532,0.8902521141900988
33,12,2016-04,2017-03,2017-04,2014-07,2015-06,2015-07,100.1,100.3,-0.20000000000000284,1.5028159935957328,21,1.5028159935957328,1.1031201416397247,1.0345330344900212,0.9412037180151107,0.987868376252566
33,13,2016-04,2017-03,2017-04,2014-08,2015-07,2015-08,100.1,100.5,-0.4000000000000057,1.643778661328709,20,1.643778661328709,1.620120547221388,1.1315712194847665,1.3823185935222106,1.2569449065034886
33,14,2016-04,2017-03,2017-04,2014-09,2015-08,2015-09,100.1,100.1,0.0,1.2420988786651292,19,1.2420988786651292,2.2065268762496584,0.8550563259627912,1.8826519627675509,1.3688541443651712
33,15,2016-04,2017-03,2017-04,2014-10,2015-09,2015-10,100.1,99.7,0.3999999999999915,1.4314150983832803,18,1.4314150983832803,1.3201607246509082,0.985380919324741,1.1263869958642883,1.0558839575945147
33,16,2016-04,2017-03,2017-04,2014-11,2015-10,2015-11,100.1,100.0,0.09999999999999432,1.250434517737222,17,1.250434517737222,0.6697321255599571,0.8607945494182342,0.5714285714285019,0.7161115604233681
33,17,2016-04,2017-03,2017-04,2014-12,2015-11,2015-12,100.1,100.5,-0.4000000000000057,1.5481659508053536,16,1.5481659508053536,1.1031201416397247,1.0657517791972875,0.9412037180151107,1.003477748606199
33,18,2016-04,2017-03,2017-04,2015-01,2015-12,2016-01,100.1,100.5,-0.4000000000000057,1.7704372848188643,15,1.7704372848188643,1.8085444743184875,1.2187625527298185,1.5430855798662226,1.3809240662980207
33,19,2016-04,2017-03,2017-04,2015-02,2016-01,2016-02,100.1,101.6,-1.5,1.5063334519591602,14,1.5063334519591602,2.0688283243428494,1.0369544399647541,1.7651648603859926,1.4010596501753734
33,20,2016-04,2017-03,2017-04,2015-03,2016-02,2016-03,100.1,99.6,0.5,1.3272284857823649,13,1.3272284857823649,3.7180590020240074,0.9136592362001362,3.1723207875642765,2.0429900118822064
33,21,2016-04,2017-03,2017-04,2015-04,2016-03,2016-04,100.1,99.8,0.29999999999999716,1.2447072752998964,12,1.2447072752998964,2.5160847456970004,0.8568519366677737,2.1467728020730403,1.501812369370407
34,0,2016-05,2017-04,2017-05,2013-07,2014-06,2014-07,99.9,100.1,-0.19999999999998863,1.5963746129541216,34,1.5963746129541216,2.0320339243688577,1.098938445930943,1.733771157424338,1.4163548016776404
34,1,2016-05,2017-04,2017-05,2013-08,2014-07,2014-08,99.9,100.2,-0.29999999999999716,1.6666576710235228,33,1.6666576710235228,2.0091963766798715,1.1473210460946563,1.714285714285506,1.4308033801900812
34,2,2016-05,2017-04,2017-05,2013-09,2014-08,2014-09,99.9,100.5,-0.5999999999999943,1.3997051973076087,32,1.3997051973076087,1.514533712885224,0.9635519393810942,1.2922298377290997,1.127890888555097
34,3,2016-05,2017-04,2017-05,2013-10,2014-09,2014-10,99.9,100.0,-0.09999999999999432,1.3339688382537322,31,1.3339688382537322,1.1740462848222226,0.9182992701932877,1.0017192930173133,0.9600092816053005
34,4,2016-05,2017-04,2017-05,2013-11,2014-10,2014-11,99.9,99.8,0.10000000000000853,1.533273267355869,30,1.533273267355869,0.8508339717250265,1.0554997103702644,0.725948214861532,0.8907239626158983
34,5,2016-05,2017-04,2017-05,2013-12,2014-11,2014-12,99.9,100.3,-0.3999999999999915,1.59023008489406,29,1.59023008489406,0.8100602736108121,1.0947085752837222,0.6911592967612061,0.8929339360224642
34,6,2016-05,2017-04,2017-05,2014-01,2014-12,2015-01,99.9,100.3,-0.3999999999999915,1.4592840058365386,28,1.4592840058365386,0.7354134277595593,1.0045657733044737,0.6274691453431878,0.8160174593238307
34,7,2016-05,2017-04,2017-05,2014-02,2015-01,2015-02,99.9,101.2,-1.2999999999999972,1.566151795999807,27,1.566151795999807,0.5870231424115999,1.0781331692584655,0.5008596465090736,0.7894964078837695
34,8,2016-05,2017-04,2017-05,2014-03,2015-02,2015-03,99.9,99.5,0.4000000000000057,1.4142135623731007,26,1.4142135623731007,1.800102152409387,0.9735394448379533,1.5358824254049919,1.2547109351214725
34,9,2016-05,2017-04,2017-05,2014-04,2015-03,2015-04,99.9,99.8,0.10000000000000853,1.4665420285205197,25,1.4665420285205197,1.1310027530948532,1.0095621695789707,0.9649937084059385,0.9872779389924546
34,10,2016-05,2017-04,2017-05,2014-05,2015-04,2015-05,99.9,99.8,0.10000000000000853,1.257047130184924,24,1.257047130184924,0.9531537267860598,0.8653466476462144,0.8132494346060015,0.839298041126108
34,11,2016-05,2017-04,2017-05,2014-06,2015-05,2015-06,99.9,100.0,-0.09999999999999432,0.7503588185753134,23,0.7503588185753134,0.5655013765473421,0.5165442667932427,0.4824968542028972,0.4995205604980699
34,12,2016-05,2017-04,2017-05,2014-07,2015-06,2015-07,99.9,100.3,-0.3999999999999915,1.5564400061083568,22,1.5564400061083568,0.5247640683530274,1.0714476086112887,0.44773898469520856,0.7595932966532486
34,13,2016-05,2017-04,2017-05,2014-08,2015-07,2015-08,99.9,100.5,-0.5999999999999943,1.506620199576131,21,1.506620199576131,0.8905825563824502,1.0371518359756975,0.7598624860757223,0.8985071610257098
34,14,2016-05,2017-04,2017-05,2014-09,2015-08,2015-09,99.9,100.1,-0.19999999999998863,1.6374394887326358,20,1.6374394887326358,1.4708268555196389,1.1272073562507319,1.2549382906868194,1.1910728234687755
34,15,2016-05,2017-04,2017-05,2014-10,2015-09,2015-10,99.9,99.7,0.20000000000000284,1.191580722939731,19,1.191580722939731,0.6697321255596715,0.8202798122963453,0.5714285714282583,0.6958541918623018
34,16,2016-05,2017-04,2017-05,2014-11,2015-10,2015-11,99.9,100.0,-0.09999999999999432,1.4445646604878288,18,1.4445646604878288,0.6302388268663898,0.9944330297921606,0.5377321152004305,0.7660825724962956
34,17,2016-05,2017-04,2017-05,2014-12,2015-11,2015-12,99.9,100.5,-0.5999999999999943,1.2791952878034756,17,1.2791952878034756,0.5247640683530274,0.8805933583593872,0.44773898469520856,0.664166171527298
34,18,2016-05,2017-04,2017-05,2015-01,2015-12,2016-01,99.9,100.5,-0.5999999999999943,1.5315227594236456,16,1.5315227594236456,1.034414162171662,1.0542946671109834,0.8825824301931988,0.9684385486520911
34,19,2016-05,2017-04,2017-05,2015-02,2016-01,2016-02,99.9,101.6,-1.6999999999999886,1.7578746650954271,15,1.7578746650954271,1.3201607246511715,1.2101144912512234,1.1263869958645127,1.1682507435578682
34,20,2016-05,2017-04,2017-05,2015-03,2016-02,2016-03,99.9,99.6,0.30000000000001137,1.4085998205463437,14,1.4085998205463437,2.929762002609954,0.9696749654927589,2.499730342750351,1.734702654121555
34,21,2016-05,2017-04,2017-05,2015-04,2016-03,2016-04,99.9,99.8,0.10000000000000853,1.385356579748626,13,1.385356579748626,2.1479510622514866,0.953674403523551,1.83267393060245,1.3931741670630005
34,22,2016-05,2017-04,2017-05,2015-05,2016-04,2016-05,99.9,99.5,0.4000000000000057,1.2792411182954109,12,1.2792411182954109,2.0602248923209547,0.8806249079024424,1.757824243619934,1.3192245757611882
35,0,2016-06,2017-05,2017-06,2013-07,2014-06,2014-07,99.8,100.1,-0.29999999999999716,1.0215626468761403,35,1.0215626468761403,1.3394642511199142,0.7032399904566948,1.1428571428570038,0.9230485666568493
35,1,2016-06,2017-05,2017-06,2013-08,2014-07,2014-08,99.8,100.2,-0.4000000000000057,1.627451910591104,34,1.627451910591104,1.3734832615472998,1.120331943980702,1.1718828290799532,1.1461073865303275
35,2,2016-06,2017-05,2017-06,2013-09,2014-08,2014-09,99.8,100.5,-0.7000000000000028,1.632145800190025,33,1.632145800190025,0.9531537267860598,1.1235632004159721,0.8132494346060015,0.9684063175109868
35,3,2016-06,2017-05,2017-06,2013-10,2014-09,2014-10,99.8,100.0,-0.20000000000000284,1.249944764709431,32,1.249944764709431,0.9709590040279946,0.8604574052248329,0.8284412460033427,0.8444493256140878
35,4,2016-06,2017-05,2017-06,2013-11,2014-10,2014-11,99.8,99.8,0.0,1.3244463509903024,31,1.3244463509903024,0.2260680592896469,0.9117440247829979,0.19288569748313789,0.5523148611330679
35,5,2016-06,2017-05,2017-06,2013-12,2014-11,2014-12,99.8,100.3,-0.5,1.5709927405347617,30,1.5709927405347617,0.15189781904491104,1.08146565777395,0.12960219530661896,0.6055339265402845
35,6,2016-06,2017-05,2017-06,2014-01,2014-12,2015-01,99.8,100.3,-0.5,1.582313020075994,29,1.582313020075994,0.6075912761795794,1.0892584968141081,0.5184087812264205,0.8038336390202643
35,7,2016-06,2017-05,2017-06,2014-02,2015-01,2015-02,99.8,101.2,-1.4000000000000057,1.1796356929297946,28,1.1796356929297946,1.320160724651415,0.8120568973181206,1.1263869958647206,0.9692219465914206
35,8,2016-06,2017-05,2017-06,2014-03,2015-02,2015-03,99.8,99.5,0.29999999999999716,1.53204716163437,27,1.53204716163437,1.9746716475836708,1.054655663675211,1.684828538985899,1.369742101330555
35,9,2016-06,2017-05,2017-06,2014-04,2015-03,2015-04,99.8,99.8,0.0,1.5101951628700367,26,1.5101951628700367,0.607591276179601,1.0396128276342875,0.518408781226439,0.7790108044303632
35,10,2016-06,2017-05,2017-06,2014-05,2015-04,2015-05,99.8,99.8,0.0,1.5464047302269899,25,1.5464047302269899,0.2260680592896614,1.0645393613915777,0.19288569748315024,0.628712529437364
35,11,2016-06,2017-05,2017-06,2014-06,2015-05,2015-06,99.8,100.0,-0.20000000000000284,1.2207581745110634,24,1.2207581745110634,0.36770671388017423,0.8403654632618726,0.3137345726719305,0.5770500179669016
35,12,2016-06,2017-05,2017-06,2014-07,2015-06,2015-07,99.8,100.3,-0.5,0.7245143405442056,23,0.7245143405442056,0.2260680592898584,0.49875302262477994,0.19288569748331832,0.3458193600540491
35,13,2016-06,2017-05,2017-06,2014-08,2015-07,2015-08,99.8,100.5,-0.7000000000000028,1.5891322634070335,22,1.5891322634070335,0.6302388268663139,1.0939528389865696,0.5377321152003658,0.8158424770934677
35,14,2016-06,2017-05,2017-06,2014-09,2015-08,2015-09,99.8,100.1,-0.29999999999999716,1.5296254658108317,21,1.5296254658108317,1.1310027530950224,1.0529885771259504,0.9649937084060829,1.0089911427660168
35,15,2016-06,2017-05,2017-06,2014-10,2015-09,2015-10,99.8,99.7,0.09999999999999432,1.5880724692624233,20,1.5880724692624233,0.3037956380897789,1.0932232805728777,0.25920439061320105,0.6762138355930394
35,16,2016-06,2017-05,2017-06,2014-11,2015-10,2015-11,99.8,100.0,-0.20000000000000284,1.1686754220472833,19,1.1686754220472833,0.5870231424113556,0.8045118869221457,0.500859646508865,0.6526857667155054
35,17,2016-06,2017-05,2017-06,2014-12,2015-11,2015-12,99.8,100.5,-0.7000000000000028,1.510542629200513,18,1.510542629200513,0.2260680592898584,1.0398520221855716,0.19288569748331832,0.616368859834445
35,18,2016-06,2017-05,2017-06,2015-01,2015-12,2016-01,99.8,100.5,-0.7000000000000028,1.258467296812934,17,1.258467296812934,0.9266390491998739,0.8663242851596676,0.7906265921937555,0.8284754386767116
35,19,2016-06,2017-05,2017-06,2015-02,2016-01,2016-02,99.8,101.6,-1.7999999999999972,1.534837069375448,16,1.534837069375448,1.0406394608631635,1.0565762259620273,0.8878939770075706,0.972235101484799
35,20,2016-06,2017-05,2017-06,2015-03,2016-02,2016-03,99.8,99.6,0.20000000000000284,1.6525331445136568,15,1.6525331445136568,2.83579600596792,1.1375977736958685,2.419556713362155,1.778577243529012
35,21,2016-06,2017-05,2017-06,2015-04,2016-03,2016-04,99.8,99.8,0.0,1.4997970029955467,14,1.4997970029955467,1.4148572390537686,1.0324547724007056,1.2071839173188805,1.119819344859793
35,22,2016-06,2017-05,2017-06,2015-05,2016-04,2016-05,99.8,99.5,0.29999999999999716,1.432983230651136,13,1.432983230651136,1.3480494899887145,0.986460415843583,1.1501822368683883,1.0683213263559856
35,23,2016-06,2017-05,2017-06,2015-06,2016-05,2016-06,99.8,99.9,-0.10000000000000853,1.3015863692229923,12,1.3015863692229923,1.0344141621712,0.8960072969288201,0.8825824301928046,0.8892948635608123
36,0,2016-07,2017-06,2017-07,2013-07,2014-06,2014-07,100.1,100.1,0.0,0.698569134559102,36,0.698569134559102,1.514533712885508,0.4808924377011287,1.2922298377293422,0.8865611377152355
36,1,2016-07,2017-06,2017-07,2013-08,2014-07,2014-08,100.1,100.2,-0.10000000000000853,1.0244995208350083,35,1.0244995208350083,1.5742922050596349,0.7052617237504115,1.3432169540860974,1.0242393389182545
36,2,2016-07,2017-06,2017-07,2013-09,2014-08,2014-09,100.1,100.5,-0.4000000000000057,1.6054943294674806,34,1.6054943294674806,1.1740462848224669,1.1052164254297372,1.0017192930175216,1.0534678592236295
36,3,2016-07,2017-06,2017-07,2013-10,2014-09,2014-10,100.1,100.0,0.09999999999999432,1.6318193040446742,33,1.6318193040446742,1.1759586744877857,1.1233384416634444,1.0033509813489634,1.063344711506204
36,4,2016-07,2017-06,2017-07,2013-11,2014-10,2014-11,100.1,99.8,0.29999999999999716,1.2360606507670475,32,1.2360606507670475,0.45213611857951985,0.8508996319583587,0.3857713949664686,0.6183355134624137
36,5,2016-07,2017-06,2017-07,2013-12,2014-11,2014-12,100.1,100.3,-0.20000000000000284,1.3023322265784258,31,1.3023322265784258,0.16743303139013205,0.8965207424048475,0.1428571428572473,0.5196889426310474
36,6,2016-07,2017-06,2017-07,2014-01,2014-12,2015-01,100.1,100.3,-0.20000000000000284,1.5745715123636603,30,1.5745715123636603,0.777725855147756,1.0839292712141022,0.6635709374080286,0.8737501043110654
36,7,2016-07,2017-06,2017-07,2014-02,2015-01,2015-02,100.1,101.2,-1.1000000000000085,1.5598067418028139,29,1.5598067418028139,1.259381278954618,1.0737652571518654,1.0745287819591258,1.0741470195554956
36,8,2016-07,2017-06,2017-07,2014-03,2015-02,2015-03,100.1,99.5,0.5999999999999943,1.3672522104691263,28,1.3672522104691263,2.133150607996858,0.9412114219156463,1.8200458930506538,1.3806286574831501
36,9,2016-07,2017-06,2017-07,2014-04,2015-03,2015-04,100.1,99.8,0.29999999999999716,1.507357921004559,27,1.507357921004559,0.4854795020139973,1.0376596807093257,0.41422062300167134,0.7259401518554985
36,10,2016-07,2017-06,2017-07,2014-05,2015-04,2015-05,100.1,99.8,0.29999999999999716,1.5063059530362655,26,1.5063059530362655,0.33486606277997855,1.0369355098067916,0.28571428571425095,0.6613248977605213
36,11,2016-07,2017-06,2017-07,2014-06,2015-05,2015-06,100.1,100.0,0.09999999999999432,1.5049274134395685,25,1.5049274134395685,0.16743303139013205,1.0359865281894725,0.1428571428572473,0.5894218355233599
36,12,2016-07,2017-06,2017-07,2014-07,2015-06,2015-07,100.1,100.3,-0.20000000000000284,1.227583267066193,24,1.227583267066193,0.3037956380898005,0.8450638320188083,0.2592043906132195,0.5521341113160139
36,13,2016-07,2017-06,2017-07,2014-08,2015-07,2015-08,100.1,100.5,-0.4000000000000057,0.7922252441051923,23,0.7922252441051923,0.8300355207860014,0.5453649610307618,0.7082025690212999,0.6267837650260308
36,14,2016-07,2017-06,2017-07,2014-09,2015-08,2015-09,100.1,100.1,0.0,1.6159670862054696,22,1.6159670862054696,1.3532996431354403,1.1124258328713659,1.1546617703981648,1.1335438016347652
36,15,2016-07,2017-06,2017-07,2014-10,2015-09,2015-10,100.1,99.7,0.3999999999999915,1.496109570624792,21,1.496109570624792,0.4854795020139973,1.0299163574408898,0.41422062300167134,0.7220684902212806
36,16,2016-07,2017-06,2017-07,2014-11,2015-10,2015-11,100.1,100.0,0.09999999999999432,1.5422483519558658,20,1.5422483519558658,0.3677067138799053,1.0616781257887902,0.313734572671701,0.6877063492302455
36,17,2016-07,2017-06,2017-07,2014-12,2015-11,2015-12,100.1,100.5,-0.4000000000000057,1.1837149306473704,19,1.1837149306473704,0.3037956380898005,0.8148650296459331,0.2592043906132195,0.5370347101295763
36,18,2016-07,2017-06,2017-07,2015-01,2015-12,2016-01,100.1,100.5,-0.4000000000000057,1.5349571297992082,18,1.5349571297992082,1.1147689016569262,1.0566588751187065,0.9511426682931454,1.003900771705926
36,19,2016-07,2017-06,2017-07,2015-02,2016-01,2016-02,100.1,101.6,-1.5,1.29688541807966,17,1.29688541807966,1.2566286420843207,0.8927711793522001,1.0721801782496347,0.9824756788009175
36,20,2016-07,2017-06,2017-07,2015-03,2016-02,2016-03,100.1,99.6,0.5,1.5797486948638015,16,1.5797486948638015,3.0446345343146697,1.0874932247152655,2.5977418374707497,1.8426175310930075
36,21,2016-07,2017-06,2017-07,2015-04,2016-03,2016-04,100.1,99.8,0.29999999999999716,1.6431745996035598,15,1.6431745996035598,1.5372154077284323,1.1311553856021082,1.3115823041663268,1.2213688448842175
36,22,2016-07,2017-06,2017-07,2015-05,2016-04,2016-05,100.1,99.5,0.5999999999999943,1.486609171717539,14,1.486609171717539,1.5068972825100462,1.0233763175742194,1.285714285714251,1.154545301644235
36,23,2016-07,2017-06,2017-07,2015-06,2016-05,2016-06,100.1,99.9,0.19999999999998863,1.3911540670531695,13,1.3911540670531695,1.1031201416397247,0.9576653725837327,0.9412037180151107,0.9494345452994217
36,24,2016-07,2017-06,2017-07,2015-07,2016-06,2016-07,100.1,100.2,-0.10000000000000853,1.2883545362383335,12,1.2883545362383335,0.8508339717253113,0.8868985514883808,0.725948214861775,0.8064233831750779
37,0,2016-08,2017-07,2017-08,2013-07,2014-06,2014-07,100.4,100.1,0.30000000000001137,1.4556843436697946,37,1.4556843436697946,1.7016679434506148,1.0020877790321407,1.4518964297235433,1.226992104377842
37,1,2016-08,2017-07,2017-08,2013-08,2014-07,2014-08,100.4,100.2,0.20000000000000284,0.6887812632629526,36,0.6887812632629526,1.6743303139001782,0.47415450289317174,1.4285714285714983,0.951362965732335
37,2,2016-08,2017-07,2017-08,2013-09,2014-08,2014-09,100.4,100.5,-0.09999999999999432,1.0262025361613796,35,1.0262025361613796,1.1818333755028883,0.7064340732734948,1.0083633913566554,0.8573987323150751
37,3,2016-08,2017-07,2017-08,2013-10,2014-09,2014-10,100.4,100.0,0.4000000000000057,1.641327463052226,34,1.641327463052226,0.9042722371590397,1.1298838235547837,0.7715427899329372,0.9507133067438605
37,4,2016-08,2017-07,2017-08,2013-11,2014-10,2014-11,100.4,99.8,0.6000000000000085,1.6286509577332948,33,1.6286509577332948,0.5247640683533007,1.1211573636487076,0.4477389846954418,0.7844481741720747
37,5,2016-08,2017-07,2017-08,2013-12,2014-11,2014-12,100.4,100.3,0.10000000000000853,1.2264726692321637,32,1.2264726692321637,0.5655013765476803,0.8442993005310995,0.4824968542031857,0.6633980773671426
37,6,2016-08,2017-07,2017-08,2014-01,2014-12,2015-01,100.4,100.3,0.10000000000000853,1.3095926222719663,31,1.3095926222719663,0.45213611857951985,0.9015187722504475,0.3857713949664686,0.6436450836084581
37,7,2016-08,2017-07,2017-08,2014-02,2015-01,2015-02,100.4,101.2,-0.7999999999999972,1.656723334284104,30,1.656723334284104,0.890582556382987,1.1404822850111478,0.7598624860761802,0.950172385543664
37,8,2016-08,2017-07,2017-08,2014-03,2015-02,2015-03,100.4,99.5,0.9000000000000057,1.5385494451747526,29,1.5385494451747526,1.7041014990616015,1.0591318118868434,1.453972787050908,1.2565522994688756
37,9,2016-08,2017-07,2017-08,2014-04,2015-03,2015-04,100.4,99.8,0.6000000000000085,1.3416688597864403,28,1.3416688597864403,0.9709590040280931,0.923599936858946,0.8284412460034267,0.8760205914311864
37,10,2016-08,2017-07,2017-08,2014-05,2015-04,2015-05,100.4,99.8,0.6000000000000085,1.4938155691301653,27,1.4938155691301653,0.6782041778693781,1.0283371752006993,0.5786570924497869,0.8034971338252431
37,11,2016-08,2017-07,2017-08,2014-06,2015-05,2015-06,100.4,100.0,0.4000000000000057,1.5008853916125304,26,1.5008853916125304,0.45569345713468995,1.033204015144615,0.38880658591982004,0.7110053005322174
37,12,2016-08,2017-07,2017-08,2014-07,2015-06,2015-07,100.4,100.3,0.10000000000000853,1.4985343175386894,25,1.4985343175386894,0.2260680592898584,1.0315855443495963,0.19288569748331832,0.6122356209164573
37,13,2016-08,2017-07,2017-08,2014-08,2015-07,2015-08,100.4,100.5,-0.09999999999999432,1.2288481167622476,24,1.2288481167622476,0.5870231424111113,0.8459345499242668,0.5008596465086567,0.6733970982164617
37,14,2016-08,2017-07,2017-08,2014-09,2015-08,2015-09,100.4,100.1,0.30000000000001137,0.820360710266806,23,0.820360710266806,1.1740462848227111,0.5647333130505737,1.00171929301773,0.783226303034152
37,15,2016-08,2017-07,2017-08,2014-10,2015-09,2015-10,100.4,99.7,0.7000000000000028,1.6304756165620318,22,1.6304756165620318,0.33486606277997855,1.1224134521139932,0.28571428571425095,0.7040638689141221
37,16,2016-08,2017-07,2017-08,2014-11,2015-10,2015-11,100.4,100.0,0.4000000000000057,1.4869326894027601,21,1.4869326894027601,0.6302388268663898,1.0235990259656853,0.5377321152004305,0.7806655705830579
37,17,2016-08,2017-07,2017-08,2014-12,2015-11,2015-12,100.4,100.5,-0.09999999999999432,1.5353438800938535,20,1.5353438800938535,0.2260680592898584,1.056925112607271,0.19288569748331832,0.6249054050452947
37,18,2016-08,2017-07,2017-08,2015-01,2015-12,2016-01,100.4,100.5,-0.09999999999999432,1.1982518362573178,19,1.1982518362573178,0.7883346617358921,0.8248721823092281,0.6726225790448268,0.7487473806770275
37,19,2016-08,2017-07,2017-08,2015-02,2016-01,2016-02,100.4,101.6,-1.1999999999999886,1.53909257576992,18,1.53909257576992,1.034414162171662,1.0595057010024354,0.8825824301931988,0.9710440655978171
37,20,2016-08,2017-07,2017-08,2015-03,2016-02,2016-03,100.4,99.6,0.8000000000000114,1.3515233624027643,17,1.3515233624027643,2.7316940882756984,0.9303837404240536,2.3307349175432712,1.6305593289836624
37,21,2016-08,2017-07,2017-08,2015-04,2016-03,2016-04,100.4,99.8,0.6000000000000085,1.5643142173765252,16,1.5643142173765252,1.8385335693995442,1.0768681868538603,1.5686728633585203,1.3227705251061903
37,22,2016-08,2017-07,2017-08,2015-05,2016-04,2016-05,100.4,99.5,0.9000000000000057,1.6328610868245597,15,1.6328610868245597,1.735234429960527,1.1240556011195237,1.4805360136739119,1.302295807396718
37,23,2016-08,2017-07,2017-08,2015-06,2016-05,2016-06,100.4,99.9,0.5,1.4707366727144293,14,1.4707366727144293,1.4846828912341556,1.0124497473030727,1.2667605318364261,1.1396051395697495
37,24,2016-08,2017-07,2017-08,2015-07,2016-06,2016-07,100.4,100.2,0.20000000000000284,1.385517021610838,13,1.385517021610838,1.0495281367066014,0.9537848511147935,0.8954779693908836,0.9246314102528386
37,25,2016-08,2017-07,2017-08,2015-08,2016-07,2016-08,100.4,100.1,0.30000000000001137,1.291561647014267,12,1.291561647014267,0.8508339717255923,0.8891063148187628,0.7259482148620148,0.8075272648403888
38,0,2016-09,2017-08,2017-09,2013-07,2014-06,2014-07,100.5,100.1,0.4000000000000057,1.6068656978654206,38,1.6068656978654206,1.396596171334744,1.1061604704200558,1.191603216556293,1.1488818434881745
38,1,2016-09,2017-08,2017-09,2013-08,2014-07,2014-08,100.5,100.2,0.29999999999999716,1.465656807117057,37,1.465656807117057,1.257502964965624,1.0089527864019068,1.0729261676623612,1.040939477032134
38,2,2016-09,2017-08,2017-09,2013-09,2014-08,2014-09,100.5,100.5,0.0,0.6776295792365667,36,0.6776295792365667,0.7354134277598194,0.46647772438891366,0.6274691453434097,0.5469734348661617
38,3,2016-09,2017-08,2017-09,2013-10,2014-09,2014-10,100.5,100.0,0.5,0.933142182314102,35,0.933142182314102,0.2260680592896469,0.6423716659883634,0.19288569748313789,0.41762868173575063
38,4,2016-09,2017-08,2017-09,2013-11,2014-10,2014-11,100.5,99.8,0.7000000000000028,1.6500166091247115,34,1.6500166091247115,0.607591276179601,1.1358653999365915,0.518408781226439,0.8271370905815152
38,5,2016-09,2017-08,2017-09,2013-12,2014-11,2014-12,100.5,100.3,0.20000000000000284,1.6555001045053306,33,1.6555001045053306,0.9266390491997921,1.13964021810455,0.7906265921936857,0.9651334051491178
38,6,2016-09,2017-08,2017-09,2014-01,2014-12,2015-01,100.5,100.3,0.20000000000000284,1.2074155652654002,32,1.2074155652654002,0.2260680592898729,0.8311804598484449,0.1928856974833307,0.5120330786658878
38,7,2016-09,2017-08,2017-09,2014-02,2015-01,2015-02,100.5,101.2,-0.7000000000000028,1.231123679184182,31,1.231123679184182,1.348049489988998,0.8475010387742441,1.1501822368686303,0.9988416378214372
38,8,2016-09,2017-08,2017-09,2014-03,2015-02,2015-03,100.5,99.5,1.0,1.4793323739092334,30,1.4793323739092334,1.2266631385831486,1.0183669965727944,1.0466130235555189,1.0324900100641567
38,9,2016-09,2017-08,2017-09,2014-04,2015-03,2015-04,100.5,99.8,0.7000000000000028,1.600536673286501,29,1.600536673286501,1.3772953793136886,1.1018035930439203,1.1751354026481444,1.1384694978460324
38,10,2016-09,2017-08,2017-09,2014-05,2015-04,2015-05,100.5,99.8,0.7000000000000028,1.3834620638161095,28,1.3834620638161095,0.9113869142694015,0.9523702256834773,0.7776131718396585,0.8649916987615679
38,11,2016-09,2017-08,2017-09,2014-06,2015-05,2015-06,100.5,100.0,0.5,1.521823410146404,27,1.521823410146404,1.0406394608631824,1.0476176705371352,0.8878939770075867,0.9677558237723609
38,12,2016-09,2017-08,2017-09,2014-07,2015-06,2015-07,100.5,100.3,0.20000000000000284,1.5135796628948428,26,1.5135796628948428,0.6937596405754091,1.041942705074916,0.5919293180050187,0.8169360115399673
38,13,2016-09,2017-08,2017-09,2014-08,2015-07,2015-08,100.5,100.5,0.0,1.4804885901706957,25,1.4804885901706957,0.15189781904491104,1.0191629316191304,0.12960219530661896,0.5743825634628746
38,14,2016-09,2017-08,2017-09,2014-09,2015-08,2015-09,100.5,100.1,0.4000000000000057,1.1980858461588864,24,1.1980858461588864,0.5247640683533007,0.8247579153324609,0.4477389846954418,0.6362484500139514
38,15,2016-09,2017-08,2017-09,2014-10,2015-09,2015-10,100.5,99.7,0.7999999999999972,0.8182632243275918,23,0.8182632243275918,0.485479502014116,0.5632894114001105,0.4142206230017726,0.4887550172009415
38,16,2016-09,2017-08,2017-09,2014-11,2015-10,2015-11,100.5,100.0,0.5,1.6555768652671692,22,1.6555768652671692,1.2566286420841684,1.1396930599323007,1.0721801782495048,1.1059366190909028
38,17,2016-09,2017-08,2017-09,2014-12,2015-11,2015-12,100.5,100.5,0.0,1.500982864685673,21,1.500982864685673,0.6937596405754091,1.0332711152517267,0.5919293180050187,0.8126002166283727
38,18,2016-09,2017-08,2017-09,2015-01,2015-12,2016-01,100.5,100.5,0.0,1.4950428999271919,20,1.4950428999271919,0.15189781904488944,1.0291820652332662,0.12960219530660053,0.5793921302699333
38,19,2016-09,2017-08,2017-09,2015-02,2016-01,2016-02,100.5,101.6,-1.0999999999999943,1.166561681391034,19,1.166561681391034,0.3677067138801653,0.8030567955839159,0.3137345726719229,0.5583956841279194
38,20,2016-09,2017-08,2017-09,2015-03,2016-02,2016-03,100.5,99.6,0.9000000000000057,1.3980172993293483,18,1.3980172993293483,2.081278921726189,0.9623899965851693,1.7757879540150234,1.3690889753000963
38,21,2016-09,2017-08,2017-09,2015-04,2016-03,2016-04,100.5,99.8,0.7000000000000028,1.4081379474849487,17,1.4081379474849487,1.6882907971020589,0.9693570137662731,1.4404827863637386,1.204919900065006
38,22,2016-09,2017-08,2017-09,2015-05,2016-04,2016-05,100.5,99.5,1.0,1.5937838331674754,16,1.5937838331674754,1.4846828912341692,1.0971549625997858,1.2667605318364377,1.1819577472181118
38,23,2016-09,2017-08,2017-09,2015-06,2016-05,2016-06,100.5,99.9,0.5999999999999943,1.6682672187076377,15,1.6682672187076377,1.5223172671573446,1.148429052834603,1.2988709187353833,1.2236499857849932
38,24,2016-09,2017-08,2017-09,2015-07,2016-06,2016-07,100.5,100.2,0.29999999999999716,1.490700218471649,14,1.490700218471649,0.9105646960919518,1.0261925791995987,0.776911639181135,0.9015521091903669
38,25,2016-09,2017-08,2017-09,2015-08,2016-07,2016-08,100.5,100.1,0.4000000000000057,1.381914492716491,13,1.381914492716491,0.45213611857973124,0.9513048833976618,0.385771394966649,0.6685381391821554
38,26,2016-09,2017-08,2017-09,2015-09,2016-08,2016-09,100.5,100.7,-0.20000000000000284,1.2923853676783303,12,1.2923853676783303,0.5655013765476977,0.8896733611117202,0.4824968542032006,0.6860851076574604
39,0,2016-10,2017-09,2017-10,2013-07,2014-06,2014-07,100.1,100.1,0.0,1.3982437501417848,39,1.3982437501417848,1.7610694272338112,0.9625458844963647,1.502578939526377,1.232562412011371
39,1,2016-10,2017-09,2017-10,2013-08,2014-07,2014-08,100.1,100.2,-0.10000000000000853,1.6109363740570535,38,1.6109363740570535,1.6247789323245543,1.108962709024717,1.3862932189628532,1.247627963993785
39,2,2016-10,2017-09,2017-10,2013-09,2014-08,2014-09,100.1,100.5,-0.4000000000000057,1.5359594089398483,37,1.5359594089398483,1.1031201416397247,1.0573488404139864,0.9412037180151107,0.9992762792145485
39,3,2016-10,2017-09,2017-10,2013-10,2014-09,2014-10,100.1,100.0,0.09999999999999432,0.7270459890465664,36,0.7270459890465664,0.5022990941698251,0.5004958001960665,0.42857142857125463,0.4645336143836606
39,4,2016-10,2017-09,2017-10,2013-11,2014-10,2014-11,100.1,99.8,0.29999999999999716,0.9177348842560764,35,0.9177348842560764,0.8300355207861164,0.6317653383466647,0.708202569021398,0.6699839536840313
39,5,2016-10,2017-09,2017-10,2013-12,2014-11,2014-12,100.1,100.3,-0.20000000000000284,1.6557071836917718,34,1.6557071836917718,1.0763866610562078,1.1397827706592485,0.9183941885985872,1.029088479628918
39,6,2016-10,2017-09,2017-10,2014-01,2014-12,2015-01,100.1,100.3,-0.20000000000000284,1.6812022772201367,33,1.6812022772201367,0.3468798202876356,1.157333499813653,0.2959646590024505,0.7266490794080518
39,7,2016-10,2017-09,2017-10,2014-02,2015-01,2015-02,100.1,101.2,-1.1000000000000085,1.3929255305540926,32,1.3929255305540926,1.0495281367066076,0.9588848415798761,0.895477969390889,0.9271814054853825
39,8,2016-10,2017-09,2017-10,2014-03,2015-02,2015-03,100.1,99.5,0.5999999999999943,1.197558160567825,31,1.197558160567825,1.0763866610561634,0.8243946585012162,0.9183941885985493,0.8713944235498827
39,9,2016-10,2017-09,2017-10,2014-04,2015-03,2015-04,100.1,99.8,0.29999999999999716,1.4340799995836158,30,1.4340799995836158,1.5281781843293187,0.9872154275660346,1.3038715680980546,1.1455434978320447
39,10,2016-10,2017-09,2017-10,2014-05,2015-04,2015-05,100.1,99.8,0.29999999999999716,1.5697547677033536,29,1.5697547677033536,1.1147689016567546,1.0806134418038311,0.951142668292999,1.015878055048415
39,11,2016-10,2017-09,2017-10,2014-06,2015-05,2015-06,100.1,100.0,0.09999999999999432,1.4241114414305138,28,1.4241114414305138,1.0763866610562078,0.9803531085864876,0.9183941885985872,0.9493736485925375
39,12,2016-10,2017-09,2017-10,2014-07,2015-06,2015-07,100.1,100.3,-0.20000000000000284,1.498796339969491,27,1.498796339969491,0.7594890952244905,1.031765919632796,0.6480109765330395,0.8398884480829177
39,13,2016-10,2017-09,2017-10,2014-08,2015-07,2015-08,100.1,100.5,-0.4000000000000057,1.4888585625748372,26,1.4888585625748372,0.45213611857930824,1.0249247900148053,0.3857713949662881,0.7053480924905466
39,14,2016-10,2017-09,2017-10,2014-09,2015-08,2015-09,100.1,100.1,0.0,1.4448773183698702,25,1.4448773183698702,0.8371651569500891,0.9946482623348298,0.7142857142857492,0.8544669883102896
39,15,2016-10,2017-09,2017-10,2014-10,2015-09,2015-10,100.1,99.7,0.3999999999999915,1.276047142529095,24,1.276047142529095,0.6302388268664106,0.8784261866646491,0.5377321152004483,0.7080791509325487
39,16,2016-10,2017-09,2017-10,2014-11,2015-10,2015-11,100.1,100.0,0.09999999999999432,0.8558572634173323,23,0.8558572634173323,1.2604776537328761,0.5891690104355117,1.0754642304009434,0.8323166204182275
39,17,2016-10,2017-09,2017-10,2014-12,2015-11,2015-12,100.1,100.5,-0.4000000000000057,1.627959854619079,22,1.627959854619079,0.7594890952244905,1.1206816107921092,0.6480109765330395,0.8843462936625743
39,18,2016-10,2017-09,2017-10,2015-01,2015-12,2016-01,100.1,100.5,-0.4000000000000057,1.4895945998972144,21,1.4895945998972144,0.3348660627805496,1.0254314754159868,0.28571428571473817,0.6555728805653624
39,19,2016-10,2017-09,2017-10,2015-02,2016-01,2016-02,100.1,101.6,-1.5,1.4827093024284161,20,1.4827093024284161,0.6697321255602426,1.020691661816639,0.5714285714287456,0.7960601166226924
39,20,2016-10,2017-09,2017-10,2015-03,2016-02,2016-03,100.1,99.6,0.5,1.216661343171352,19,1.216661343171352,2.141492731514724,0.8375452195489184,1.8271635562813204,1.3323543879151194
39,21,2016-10,2017-09,2017-10,2015-04,2016-03,2016-04,100.1,99.8,0.29999999999999716,1.3381915566264286,18,1.3381915566264286,2.034612533607726,0.9212061740794049,1.7359712773490121,1.3285887257142086
39,22,2016-10,2017-09,2017-10,2015-05,2016-04,2016-05,100.1,99.5,0.5999999999999943,1.3816745734994584,17,1.3816745734994584,1.8442651230599696,0.9511397238859938,1.5735631372385501,1.2623514305622718
39,23,2016-10,2017-09,2017-10,2015-06,2016-05,2016-06,100.1,99.9,0.19999999999998863,1.604663155696635,16,1.604663155696635,1.8211293921837464,1.1046442484453256,1.553823278362136,1.3292337634037308
39,24,2016-10,2017-09,2017-10,2015-07,2016-06,2016-07,100.1,100.2,-0.10000000000000853,1.6816770198036983,15,1.6816770198036983,1.2375264067941052,1.157660310872137,1.055881776834513,1.1067710438533251
39,25,2016-10,2017-09,2017-10,2015-08,2016-07,2016-08,100.1,100.1,0.0,1.5138731352174573,14,1.5138731352174573,0.810060273611048,1.0421447303486333,0.6911592967614074,0.8666520135550204
39,26,2016-10,2017-09,2017-10,2015-09,2016-08,2016-09,100.1,100.7,-0.6000000000000085,1.4472811564391739,13,1.4472811564391739,0.607591276179601,0.9963030556713774,0.518408781226439,0.7573559184489083
39,27,2016-10,2017-09,2017-10,2015-10,2016-09,2016-10,100.1,99.9,0.19999999999998863,1.2124451086772563,12,1.2124451086772563,1.0495281367066076,0.8346427791411197,0.895477969390889,0.8650603742660044
40,0,2016-11,2017-10,2017-11,2013-07,2014-06,2014-07,100.0,100.1,-0.09999999999999432,1.2960657595569818,40,1.2960657595569818,1.2107637960167934,0.8922069294225177,1.0330473929659028,0.9626271611942102
40,1,2016-11,2017-10,2017-11,2013-08,2014-07,2014-08,100.0,100.2,-0.20000000000000284,1.4061036959600721,39,1.4061036959600721,1.1720312197303533,0.9679566424554041,1.0000000000002438,0.9839783212278239
40,2,2016-11,2017-10,2017-11,2013-09,2014-08,2014-09,100.0,100.5,-0.5,1.5923405012531822,38,1.5923405012531822,0.6867416307739331,1.096161378187966,0.5859414145402183,0.8410513963640922
40,3,2016-11,2017-10,2017-11,2013-10,2014-09,2014-10,100.0,100.0,0.0,1.4904071034683775,37,1.4904071034683775,0.6302388268664865,1.0259907999032103,0.537732115200513,0.7818614575518616
40,4,2016-11,2017-10,2017-11,2013-11,2014-10,2014-11,100.0,99.8,0.20000000000000284,0.7189363430073631,36,0.7189363430073631,0.15189781904488944,0.4949131495180529,0.12960219530660053,0.3122576724123267
40,5,2016-11,2017-10,2017-11,2013-12,2014-11,2014-12,100.0,100.3,-0.29999999999999716,0.9456270646947782,35,0.9456270646947782,0.4854795020138988,0.6509662133644718,0.41422062300158724,0.5325934181830295
40,6,2016-11,2017-10,2017-11,2014-01,2014-12,2015-01,100.0,100.3,-0.29999999999999716,1.6473651232713657,34,1.6473651232713657,0.3468798202876356,1.1340401267711084,0.2959646590024505,0.7150023928867795
40,7,2016-11,2017-10,2017-11,2014-02,2015-01,2015-02,100.0,101.2,-1.2000000000000028,1.6658308541760811,33,1.6658308541760811,1.3734832615473047,1.1467518684003835,1.1718828290799574,1.1593173487401705
40,8,2016-11,2017-10,2017-11,2014-03,2015-02,2015-03,100.0,99.5,0.5,1.3756529432323343,32,1.3756529432323343,1.679244014163107,0.9469944556300182,1.4327638939087788,1.1898791747693984
40,9,2016-11,2017-10,2017-11,2014-04,2015-03,2015-04,100.0,99.8,0.20000000000000284,1.2528703368246468,31,1.2528703368246468,0.9266390491997708,0.862471358370708,0.7906265921936675,0.8265489752821877
40,10,2016-11,2017-10,2017-11,2014-05,2015-04,2015-05,100.0,99.8,0.20000000000000284,1.471529770932316,30,1.471529770932316,0.45569345713468995,1.0129957132160625,0.38880658591982004,0.7009011495679413
40,11,2016-11,2017-10,2017-11,2014-06,2015-05,2015-06,100.0,100.0,0.0,1.567130208228048,29,1.567130208228048,0.6782041778691666,1.0788067046585263,0.5786570924496064,0.8287318985540664
40,12,2016-11,2017-10,2017-11,2014-07,2015-06,2015-07,100.0,100.3,-0.29999999999999716,1.4434848726887664,28,1.4434848726887664,0.36770671387964515,0.9936897078198568,0.3137345726714791,0.6537121402456679
40,13,2016-11,2017-10,2017-11,2014-08,2015-07,2015-08,100.0,100.5,-0.5,1.5048775060959905,27,1.5048775060959905,0.3037956380898005,1.0359521721566547,0.2592043906132195,0.6475782813849371
40,14,2016-11,2017-10,2017-11,2014-09,2015-08,2015-09,100.0,100.1,-0.09999999999999432,1.4885520973124284,26,1.4885520973124284,0.7883346617357101,1.0247138204488462,0.6726225790446715,0.8486681997467589
40,15,2016-11,2017-10,2017-11,2014-10,2015-09,2015-10,100.0,99.7,0.29999999999999716,1.4128609282541424,25,1.4128609282541424,0.1674330313898465,0.9726082964567783,0.14285714285700366,0.557732719656891
40,16,2016-11,2017-10,2017-11,2014-11,2015-10,2015-11,100.0,100.0,0.0,1.28482411231128,24,1.28482411231128,0.9042722371588136,0.8844682205670603,0.7715427899327443,0.8280055052499022
40,17,2016-11,2017-10,2017-11,2014-12,2015-11,2015-12,100.0,100.5,-0.5,0.8733920252078856,23,0.8733920252078856,0.36770671387964515,0.6012398763309679,0.3137345726714791,0.4574872245012235
40,18,2016-11,2017-10,2017-11,2015-01,2015-12,2016-01,100.0,100.5,-0.5,1.6178504141108494,22,1.6178504141108494,0.607591276179601,1.1137223089144712,0.518408781226439,0.816065545070455
40,19,2016-11,2017-10,2017-11,2015-02,2016-01,2016-02,100.0,101.6,-1.5999999999999943,1.4809163960673686,21,1.4809163960673686,0.6937596405756846,1.0194574316339984,0.5919293180052538,0.8056933748196261
40,20,2016-11,2017-10,2017-11,2015-03,2016-02,2016-03,100.0,99.6,0.4000000000000057,1.4128742201575561,20,1.4128742201575561,2.4901065623584646,0.9726174465544823,2.1246077070642926,1.5486125768093875
40,21,2016-11,2017-10,2017-11,2015-04,2016-03,2016-04,100.0,99.8,0.20000000000000284,1.261866780403015,19,1.261866780403015,1.396596171334744,0.8686644772318394,1.191603216556293,1.0301338468940662
40,22,2016-11,2017-10,2017-11,2015-05,2016-04,2016-05,100.0,99.5,0.5,1.3641898742499639,18,1.3641898742499639,1.2575029649658822,0.9391033208607337,1.0729261676625814,1.0060147442616576
40,23,2016-11,2017-10,2017-11,2015-06,2016-05,2016-06,100.0,99.9,0.09999999999999432,1.404020568863734,17,1.404020568863734,1.1310027530951914,0.9665226253798693,0.964993708406227,0.9657581668930482
40,24,2016-11,2017-10,2017-11,2015-07,2016-06,2016-07,100.0,100.2,-0.20000000000000284,1.6152657596813211,16,1.6152657596813211,0.5870231424115887,1.1119430422567547,0.500859646509064,0.8064013443829093
40,25,2016-11,2017-10,2017-11,2015-08,2016-07,2016-08,100.0,100.1,-0.09999999999999432,1.6787603274030671,15,1.6787603274030671,0.36770671388043424,1.1556524704893107,0.3137345726721524,0.7346935215807315
40,26,2016-11,2017-10,2017-11,2015-09,2016-08,2016-09,100.0,100.7,-0.7000000000000028,1.4921000117612935,14,1.4921000117612935,0.33486606277997855,1.0271561917814225,0.28571428571425095,0.6564352387478367
40,27,2016-11,2017-10,2017-11,2015-10,2016-09,2016-10,100.0,99.9,0.09999999999999432,1.455430315975761,13,1.455430315975761,1.131002753095378,1.001912907296497,0.9649937084063862,0.9834533078514416
40,28,2016-11,2017-10,2017-11,2015-11,2016-10,2016-11,100.0,100.1,-0.09999999999999432,1.2408407091909717,12,1.2408407091909717,1.0495281367068747,0.8541902066976584,0.8954779693911168,0.8748340880443877
41,0,2016-12,2017-11,2017-12,2013-07,2014-06,2014-07,100.3,100.1,0.20000000000000284,1.6096814867276137,41,1.6096814867276137,1.3480494899889957,1.1080988491760058,1.150182236868628,1.129140543022317
41,1,2016-12,2017-11,2017-12,2013-08,2014-07,2014-08,100.3,100.2,0.09999999999999432,1.2924249704997386,40,1.2924249704997386,1.3480494899889957,0.8897006235491579,1.150182236868628,1.019941430208893
41,2,2016-12,2017-11,2017-12,2013-09,2014-08,2014-09,100.3,100.5,-0.20000000000000284,1.4018185094990518,39,1.4018185094990518,0.890582556382987,0.9650067357657184,0.7598624860761802,0.8624346109209493
41,3,2016-12,2017-11,2017-12,2013-10,2014-09,2014-10,100.3,100.0,0.29999999999999716,1.6134894267932371,38,1.6134894267932371,0.8300355207861164,1.1107202211922962,0.708202569021398,0.9094613951068471
41,4,2016-12,2017-11,2017-12,2013-11,2014-10,2014-11,100.3,99.8,0.5,1.4818422652748022,37,1.4818422652748022,0.16743303139013205,1.0200947966106748,0.1428571428572473,0.5814759697339611
41,5,2016-12,2017-11,2017-12,2013-12,2014-11,2014-12,100.3,100.3,0.0,0.709307748916681,36,0.709307748916681,0.3037956380898005,0.4882848605558943,0.2592043906132195,0.3737446255845569
41,6,2016-12,2017-11,2017-12,2014-01,2014-12,2015-01,100.3,100.3,0.0,0.9599085258118089,35,0.9599085258118089,0.45569345713468995,0.660797518972953,0.38880658591982004,0.5248020524463866
41,7,2016-12,2017-11,2017-12,2014-02,2015-01,2015-02,100.3,101.2,-0.9000000000000057,1.708657174258725,34,1.708657174258725,1.2575029649656162,1.1762333505378813,1.0729261676623545,1.1245797591001179
41,8,2016-12,2017-11,2017-12,2014-03,2015-02,2015-03,100.3,99.5,0.7999999999999972,1.643976483658299,33,1.643976483658299,1.8227738285387813,1.131707399653059,1.5552263436792984,1.3434668716661786
41,9,2016-12,2017-11,2017-12,2014-04,2015-03,2015-04,100.3,99.8,0.5,1.3492651826557767,32,1.3492651826557767,0.7594890952244905,0.9288292177439447,0.6480109765330395,0.788420097138492
41,10,2016-12,2017-11,2017-12,2014-05,2015-04,2015-05,100.3,99.8,0.5,1.2366018825507579,31,1.2366018825507579,0.3468798202877734,0.8512722139390871,0.29596465900256813,0.5736184364708277
41,11,2016-12,2017-11,2017-12,2014-06,2015-05,2015-06,100.3,100.0,0.29999999999999716,1.4525718253165973,30,1.4525718253165973,0.45213611857951985,0.9999451327796646,0.3857713949664686,0.6928582638730666
41,12,2016-12,2017-11,2017-12,2014-07,2015-06,2015-07,100.3,100.3,0.0,1.5643662536816907,29,1.5643662536816907,0.1674330313898465,1.0769040084560497,0.14285714285700366,0.6098805756565266
41,13,2016-12,2017-11,2017-12,2014-08,2015-07,2015-08,100.3,100.5,-0.20000000000000284,1.4526384317544005,28,1.4526384317544005,0.4854795020139973,0.9999909844078817,0.41422062300167134,0.7071058037047765
41,14,2016-12,2017-11,2017-12,2014-09,2015-08,2015-09,100.3,100.1,0.20000000000000284,1.5188567128413715,27,1.5188567128413715,1.0126029852673533,1.0455754069609766,0.86397270671729,0.9547740568391333
41,15,2016-12,2017-11,2017-12,2014-10,2015-09,2015-10,100.3,99.7,0.5999999999999943,1.4824444330943252,26,1.4824444330943252,0.15189781904488944,1.0205093267356256,0.12960219530660053,0.575055761021113
41,16,2016-12,2017-11,2017-12,2014-11,2015-10,2015-11,100.3,100.0,0.29999999999999716,1.3920208300311858,25,1.3920208300311858,0.6782041778691666,0.9582620490482182,0.5786570924496064,0.7684595707489124
41,17,2016-12,2017-11,2017-12,2014-12,2015-11,2015-12,100.3,100.5,-0.20000000000000284,1.2811947021004557,24,1.2811947021004557,0.1674330313898465,0.8819697478499652,0.14285714285700366,0.5124134453534844
41,18,2016-12,2017-11,2017-12,2015-01,2015-12,2016-01,100.3,100.5,-0.20000000000000284,0.9205356329399985,23,0.9205356329399985,0.7777258551479405,0.6336933634988918,0.663570937408186,0.6486321504535388
41,19,2016-12,2017-11,2017-12,2015-02,2016-01,2016-02,100.3,101.6,-1.2999999999999972,1.6267614549754277,22,1.6267614549754277,0.9105646960921093,1.1198566368597302,0.7769116391812695,0.9483841380204998
41,20,2016-12,2017-11,2017-12,2015-03,2016-02,2016-03,100.3,99.6,0.7000000000000028,1.5179222945734856,21,1.5179222945734856,2.6982089841698027,1.044932156842347,2.302164770654515,1.673548463748431
41,21,2016-12,2017-11,2017-12,2015-04,2016-03,2016-04,100.3,99.8,0.5,1.3945403847593068,20,1.3945403847593068,1.4708268555196389,0.9599965013095426,1.2549382906868194,1.1074673959981811
41,22,2016-12,2017-11,2017-12,2015-05,2016-04,2016-05,100.3,99.5,0.7999999999999972,1.248175900182757,19,1.248175900182757,1.3734832615475832,0.8592397253530587,1.171882829080195,1.015561277216627
41,23,2016-12,2017-11,2017-12,2015-06,2016-05,2016-06,100.3,99.9,0.3999999999999915,1.3408728247028974,18,1.3408728247028974,1.1303402964488978,0.9230519492183781,0.9644284874162553,0.9437402183173167
41,24,2016-12,2017-11,2017-12,2015-07,2016-06,2016-07,100.3,100.2,0.09999999999999432,1.3945250474146607,17,1.3945250474146607,0.6867416307739284,0.9599859431375739,0.5859414145402142,0.772963678838894
41,25,2016-12,2017-11,2017-12,2015-08,2016-07,2016-08,100.3,100.1,0.20000000000000284,1.6145755512518,16,1.6145755512518,0.5870231424115999,1.1114679052978282,0.5008596465090736,0.8061637759034509
41,26,2016-12,2017-11,2017-12,2015-09,2016-08,2016-09,100.3,100.7,-0.4000000000000057,1.67655957011291,15,1.67655957011291,0.2260680592898584,1.1541374772185011,0.19288569748331832,0.6735115873509098
41,27,2016-12,2017-11,2017-12,2015-10,2016-09,2016-10,100.3,99.9,0.3999999999999915,1.5106765428595128,14,1.5106765428595128,1.353299643135617,1.0399442078587313,1.1546617703983155,1.0973029891285235
41,28,2016-12,2017-11,2017-12,2015-11,2016-10,2016-11,100.3,100.1,0.20000000000000284,1.4497700264739308,13,1.4497700264739308,1.1818333755031687,0.9980163847019979,1.0083633913568946,1.0031898880294463
41,29,2016-12,2017-11,2017-12,2015-12,2016-11,2016-12,100.3,100.2,0.09999999999999432,1.2391595569267257,12,1.2391595569267257,1.3480494899889957,0.8530329076265933,1.150182236868628,1.0016075722476108
42,0,2017-01,2017-12,2018-01,2013-07,2014-06,2014-07,100.6,100.1,0.5,1.6463914423095423,42,1.6463914423095423,1.3201607246511615,1.133369848357548,1.1263869958645043,1.1298784221110263
42,1,2017-01,2017-12,2018-01,2013-08,2014-07,2014-08,100.6,100.2,0.3999999999999915,1.6117724316969615,41,1.6117724316969615,1.2107637960165225,1.109538248046732,1.0330473929656716,1.0712928205062018
42,2,2017-01,2017-12,2018-01,2013-09,2014-08,2014-09,100.6,100.5,0.09999999999999432,1.2982236437759196,40,1.2982236437759196,0.6867416307736499,0.893692409027878,0.5859414145399766,0.7398169117839273
42,3,2017-01,2017-12,2018-01,2013-10,2014-09,2014-10,100.6,100.0,0.5999999999999943,1.3942277132396372,39,1.3942277132396372,0.3468798202876356,0.9597812593787801,0.2959646590024505,0.6278729591906154
42,4,2017-01,2017-12,2018-01,2013-11,2014-10,2014-11,100.6,99.8,0.7999999999999972,1.6190437934624144,38,1.6190437934624144,0.45569345713468995,1.1145438268961358,0.38880658591982004,0.7516752064079779
42,5,2017-01,2017-12,2018-01,2013-12,2014-11,2014-12,100.6,100.3,0.29999999999999716,1.496696991330519,37,1.496696991330519,0.777725855147756,1.0303207357066309,0.6635709374080286,0.8469458365573297
42,6,2017-01,2017-12,2018-01,2014-01,2014-12,2015-01,100.6,100.3,0.29999999999999716,0.7030478799979231,36,0.7030478799979231,0.16743303139013205,0.4839755896833256,0.1428571428572473,0.31341636627028646
42,7,2017-01,2017-12,2018-01,2014-02,2015-01,2015-02,100.6,101.2,-0.6000000000000085,0.7970823388958252,35,0.7970823388958252,1.3394642511201997,0.5487085673231972,1.1428571428572474,0.8457828550902222
42,8,2017-01,2017-12,2018-01,2014-03,2015-02,2015-03,100.6,99.5,1.0999999999999943,1.5727937832527188,34,1.5727937832527188,1.3772953793136886,1.0827054889949344,1.1751354026481444,1.1289204458215394
42,9,2017-01,2017-12,2018-01,2014-04,2015-03,2015-04,100.6,99.8,0.7999999999999972,1.664108404597717,33,1.664108404597717,1.2266631385831486,1.1455661404092956,1.0466130235555189,1.0960895819824072
42,10,2017-01,2017-12,2018-01,2014-05,2015-04,2015-05,100.6,99.8,0.7999999999999972,1.3602871897838025,32,1.3602871897838025,0.7594890952244905,0.9364167271455744,0.6480109765330395,0.7922138518393069
42,11,2017-01,2017-12,2018-01,2014-06,2015-05,2015-06,100.6,100.0,0.5999999999999943,1.2661083572299274,31,1.2661083572299274,0.9105646960919518,0.8715843632088771,0.776911639181135,0.8242480011950061
42,12,2017-01,2017-12,2018-01,2014-07,2015-06,2015-07,100.6,100.3,0.29999999999999716,1.454867951383216,30,1.454867951383216,0.5655013765475112,1.0015257775674453,0.48249685420304145,0.7420113158852434
42,13,2017-01,2017-12,2018-01,2014-08,2015-07,2015-08,100.6,100.5,0.09999999999999432,1.5517841135368,29,1.5517841135368,2.855239780330955e-13,1.0682425091907086,2.4361465226058997e-13,0.5341212545954761
42,14,2017-01,2017-12,2018-01,2014-09,2015-08,2015-09,100.6,100.1,0.5,1.4309797936777804,28,1.4309797936777804,0.5870231424113556,0.9850812571572982,0.500859646508865,0.7429704518330816
42,15,2017-01,2017-12,2018-01,2014-10,2015-09,2015-10,100.6,99.7,0.8999999999999915,1.5319874337626203,27,1.5319874337626203,0.3468798202877734,1.0546145472267112,0.29596465900256813,0.6752896031146397
42,16,2017-01,2017-12,2018-01,2014-11,2015-10,2015-11,100.6,100.0,0.5999999999999943,1.5017910775803522,26,1.5017910775803522,1.1310027530950224,1.0338274860529488,0.9649937084060829,0.9994105972295159
42,17,2017-01,2017-12,2018-01,2014-12,2015-11,2015-12,100.6,100.5,0.09999999999999432,1.39142734354605,25,1.39142734354605,0.5655013765475112,0.9578534951221136,0.48249685420304145,0.7201751746625775
42,18,2017-01,2017-12,2018-01,2015-01,2015-12,2016-01,100.6,100.5,0.09999999999999432,1.2645723213964484,24,1.2645723213964484,0.3037956380898005,0.8705269617580897,0.2592043906132195,0.5648656761856546
42,19,2017-01,2017-12,2018-01,2015-02,2016-01,2016-02,100.6,101.6,-1.0,0.9109002828568362,23,0.9109002828568362,0.45213611857973124,0.6270604237362152,0.385771394966649,0.5064159093514321
42,20,2017-01,2017-12,2018-01,2015-03,2016-02,2016-03,100.6,99.6,1.0,1.5461670550650186,22,1.5461670550650186,2.2155237836201827,1.0643757466792076,1.8903283004103284,1.4773520235447681
42,21,2017-01,2017-12,2018-01,2015-04,2016-03,2016-04,100.6,99.8,0.7999999999999972,1.5350603633178432,21,1.5350603633178432,1.5824764150282062,1.0567299406954302,1.3501998823825436,1.2034649115389868
42,22,2017-01,2017-12,2018-01,2015-05,2016-04,2016-05,100.6,99.5,1.0999999999999943,1.4077366755690073,20,1.4077366755690073,1.396596171334744,0.9690807796467112,1.191603216556293,1.080341998101502
42,23,2017-01,2017-12,2018-01,2015-06,2016-05,2016-06,100.6,99.9,0.6999999999999886,1.2875677510661807,19,1.2875677510661807,1.387519281150799,0.8863569314529889,1.1838586360100212,1.035107783731505
42,24,2017-01,2017-12,2018-01,2015-07,2016-06,2016-07,100.6,100.2,0.3999999999999915,1.3526268111835849,18,1.3526268111835849,0.7883346617355117,0.9311433505296762,0.6726225790445022,0.8018829647870892
42,25,2017-01,2017-12,2018-01,2015-08,2016-07,2016-08,100.6,100.1,0.5,1.3954080673432152,17,1.3954080673432152,0.3677067138801653,0.9605938108273613,0.3137345726719229,0.6371641917496421
42,26,2017-01,2017-12,2018-01,2015-09,2016-08,2016-09,100.6,100.7,-0.10000000000000853,1.624448254297028,16,1.624448254297028,0.45213611857973124,1.118264237971638,0.385771394966649,0.7520178164691436
42,27,2017-01,2017-12,2018-01,2015-10,2016-09,2016-10,100.6,99.9,0.6999999999999886,1.641211114382374,15,1.641211114382374,0.9042722371592512,1.1298037295559216,0.7715427899331178,0.9506732597445197
42,28,2017-01,2017-12,2018-01,2015-11,2016-10,2016-11,100.6,100.1,0.5,1.516424113039184,14,1.516424113039184,1.1740462848227,1.043900814152688,1.0017192930177206,1.0228100535852043
42,29,2017-01,2017-12,2018-01,2015-12,2016-11,2016-12,100.6,100.2,0.3999999999999915,1.4506404414013032,13,1.4506404414013032,1.2107637960165225,0.9986155751550656,1.0330473929656716,1.0158314840603686
42,30,2017-01,2017-12,2018-01,2016-01,2016-12,2017-01,100.6,101.0,-0.4000000000000057,1.2442446806191312,12,1.2442446806191312,0.6867416307739284,0.8565334881811523,0.5859414145402142,0.7212374513606832
43,0,2017-02,2018-01,2018-02,2013-07,2014-06,2014-07,101.2,100.1,1.1000000000000085,1.2771981213677965,43,1.2771981213677965,2.126656212027017,0.8792185162883089,1.8145047471660445,1.3468616317271767
43,1,2017-02,2018-01,2018-02,2013-08,2014-07,2014-08,101.2,100.2,1.0,1.6842840589002024,42,1.6842840589002024,1.9922138203061484,1.1594549870527435,1.6997958644522955,1.4296254257525196
43,2,2017-02,2018-01,2018-02,2013-09,2014-08,2014-09,101.2,100.5,0.7000000000000028,1.7770194514676294,41,1.7770194514676294,1.4708268555196302,1.2232936921811448,1.2549382906868118,1.2391159914339784
43,3,2017-02,2018-01,2018-02,2013-10,2014-09,2014-10,101.2,100.0,1.2000000000000028,1.4819086704674118,40,1.4819086704674118,0.8508339717250265,1.0201405097024365,0.725948214861532,0.8730443622819843
43,4,2017-02,2018-01,2018-02,2013-11,2014-10,2014-11,101.2,99.8,1.4000000000000057,1.4054541851608828,39,1.4054541851608828,1.1310027530950224,0.9675095215963749,0.9649937084060829,0.9662516150012289
43,5,2017-02,2018-01,2018-02,2013-12,2014-11,2014-12,101.2,100.3,0.9000000000000057,1.6419314904127587,38,1.6419314904127587,1.3149041849360301,1.1302996337809654,1.1219020131894335,1.1261008234851995
43,6,2017-02,2018-01,2018-02,2014-01,2014-12,2015-01,101.2,100.3,0.9000000000000057,1.5505672171762617,37,1.5505672171762617,0.6782041778691666,1.0674048021860636,0.5786570924496064,0.823030947317835
43,7,2017-02,2018-01,2018-02,2014-02,2015-01,2015-02,101.2,101.2,0.0,0.952895855156461,36,0.952895855156461,0.810060273611048,0.6559700221377632,0.6911592967614074,0.6735646594495853
43,8,2017-02,2018-01,2018-02,2014-03,2015-02,2015-03,101.2,99.5,1.7000000000000028,0.7296411700649248,35,0.7296411700649248,1.0406394608630447,0.50228231331904,0.8878939770074692,0.6950881451632547
43,9,2017-02,2018-01,2018-02,2014-04,2015-03,2015-04,101.2,99.8,1.4000000000000057,1.4944850613674754,34,1.4944850613674754,1.7447438262123145,1.0287980512086627,1.4886496168712549,1.2587238340399587
43,10,2017-02,2018-01,2018-02,2014-05,2015-04,2015-05,101.2,99.8,1.4000000000000057,1.6314149763337815,33,1.6314149763337815,1.387519281150799,1.1230601039458126,1.1838586360100212,1.153459369977917
43,11,2017-02,2018-01,2018-02,2014-06,2015-05,2015-06,101.2,100.0,1.2000000000000028,1.415049723904014,32,1.415049723904014,1.2266631385831097,0.9741150553781565,1.0466130235554856,1.010364039466821
43,12,2017-02,2018-01,2018-02,2014-07,2015-06,2015-07,101.2,100.3,0.9000000000000057,1.1412391400714705,31,1.1412391400714705,0.9709590040280931,0.7856248507390607,0.8284412460034267,0.8070330483712438
43,13,2017-02,2018-01,2018-02,2014-08,2015-07,2015-08,101.2,100.5,0.7000000000000028,1.4112779335355992,30,1.4112779335355992,0.810060273610576,0.9715185686812321,0.6911592967610046,0.8313389327211184
43,14,2017-02,2018-01,2018-02,2014-09,2015-08,2015-09,101.2,100.1,1.1000000000000085,1.5256491501527862,29,1.5256491501527862,1.1818333755028854,1.050251295967553,1.008363391356653,1.029307343662103
43,15,2017-02,2018-01,2018-02,2014-10,2015-09,2015-10,101.2,99.7,1.5,1.5909638483956743,28,1.5909638483956743,0.9105646960917944,1.0952136953950053,0.7769116391810007,0.936062667288003
43,16,2017-02,2018-01,2018-02,2014-11,2015-10,2015-11,101.2,100.0,1.2000000000000028,1.5967710984559549,27,1.5967710984559549,1.3670803714040698,1.0992113851005358,1.16641975775946,1.132815571429998
43,17,2017-02,2018-01,2018-02,2014-12,2015-11,2015-12,101.2,100.5,0.7000000000000028,1.4203787264346408,26,1.4203787264346408,0.9709590040280931,0.9777835212331302,0.8284412460034267,0.9031123836182784
43,18,2017-02,2018-01,2018-02,2015-01,2015-12,2016-01,101.2,100.5,0.7000000000000028,1.3721531771078097,25,1.3721531771078097,0.6867416307742068,0.944585229427849,0.5859414145404518,0.7652633219841504
43,19,2017-02,2018-01,2018-02,2015-02,2016-01,2016-02,101.2,101.6,-0.3999999999999915,1.2081931732931523,24,1.2081931732931523,1.0160169621847108,0.8317157623711905,0.8668855787124096,0.8493006705418
43,20,2017-02,2018-01,2018-02,2015-03,2016-02,2016-03,101.2,99.6,1.6000000000000085,1.0036291953701026,23,1.0036291953701026,2.2606805928975846,0.6908946680190288,1.9288569748323305,1.3098758214256796
43,21,2017-02,2018-01,2018-02,2015-04,2016-03,2016-04,101.2,99.8,1.4000000000000057,1.45822008625428,22,1.45822008625428,2.387338887362352,1.0038333749545907,2.0369243132552253,1.520378844104908
43,22,2017-02,2018-01,2018-02,2015-05,2016-04,2016-05,101.2,99.5,1.7000000000000028,1.5047601397194934,21,1.5047601397194934,2.2065268762496584,1.0358713775722597,1.8826519627675509,1.4592616701699053
43,23,2017-02,2018-01,2018-02,2015-06,2016-05,2016-06,101.2,99.9,1.2999999999999972,1.4015610855032492,20,1.4015610855032492,2.141492731514724,0.9648295260283566,1.8271635562813204,1.3959965411548385
43,24,2017-02,2018-01,2018-02,2015-07,2016-06,2016-07,101.2,100.2,1.0,1.2448578732539606,19,1.2448578732539606,1.5824764150284032,0.8569556077486444,1.3501998823827117,1.103577745065678
43,25,2017-02,2018-01,2018-02,2015-08,2016-07,2016-08,101.2,100.1,1.1000000000000085,1.377373037535255,18,1.377373037535255,1.1740462848227,0.9481785622581037,1.0017192930177206,0.9749489276379122
43,26,2017-02,2018-01,2018-02,2015-09,2016-08,2016-09,101.2,100.7,0.5,1.5175549877264716,17,1.5175549877264716,0.8300355207860014,1.0446793041520313,0.7082025690212999,0.8764409365866656
43,27,2017-02,2018-01,2018-02,2015-10,2016-09,2016-10,101.2,99.9,1.2999999999999972,1.563777472454015,16,1.563777472454015,1.348049489988998,1.0764986936119745,1.1501822368686303,1.1133404652403023
43,28,2017-02,2018-01,2018-02,2015-11,2016-10,2016-11,101.2,100.1,1.1000000000000085,1.6050954182426196,15,1.6050954182426196,1.9834203851287466,1.1049418164012825,1.692293133271272,1.3986174748362772
43,29,2017-02,2018-01,2018-02,2015-12,2016-11,2016-12,101.2,100.2,1.0,1.4968557989325761,14,1.4968557989325761,1.9922138203061484,1.030430058279159,1.6997958644522955,1.3651129613657274
43,30,2017-02,2018-01,2018-02,2016-01,2016-12,2017-01,101.2,101.0,0.20000000000000284,1.5587179124031156,13,1.5587179124031156,1.4708268555198902,1.0730157109747471,1.2549382906870339,1.1639770008308905
43,31,2017-02,2018-01,2018-02,2016-02,2017-01,2017-02,101.2,99.8,1.4000000000000057,1.1630672007530725,12,1.1630672007530725,2.2598413083590563,0.8006512078913687,1.9281408808201579,1.3643960443557632
44,0,2017-03,2018-02,2018-03,2013-07,2014-06,2014-07,98.9,100.1,-1.1999999999999886,1.4526515282680694,44,1.4526515282680694,2.037555519679138,1.0,1.7384822907263606,1.3692411453631803
44,1,2017-03,2018-02,2018-03,2013-08,2014-07,2014-08,98.9,100.2,-1.2999999999999972,1.3710527623639877,43,1.3710527623639877,1.7447438262124175,0.9438277079422012,1.4886496168713428,1.216238662406772
44,2,2017-03,2018-02,2018-03,2013-09,2014-08,2014-09,98.9,100.5,-1.5999999999999943,1.5729767004418649,42,1.5729767004418649,1.8211293921839036,1.0828314085190505,1.55382327836227,1.3183273434406604
44,3,2017-03,2018-02,2018-03,2013-10,2014-09,2014-10,98.9,100.0,-1.0999999999999943,1.4960540785924863,41,1.4960540785924863,1.8442651230602025,1.029878156928774,1.5735631372387489,1.3017206470837615
44,4,2017-03,2018-02,2018-03,2013-11,2014-10,2014-11,98.9,99.8,-0.8999999999999915,1.5239004483885634,40,1.5239004483885634,2.4750528135882264,1.049047496067719,2.11176355366904,1.5804055248683793
44,5,2017-03,2018-02,2018-03,2013-12,2014-11,2014-12,98.9,100.3,-1.3999999999999915,1.5669744346220085,39,1.5669744346220085,2.8132525511320297,1.078699470677762,2.400322196007675,1.7395108333427185
44,6,2017-03,2018-02,2018-03,2014-01,2014-12,2015-01,98.9,100.3,-1.3999999999999915,1.4961776324759597,38,1.4961776324759597,2.293687197926802,1.029963210970345,1.957018856933747,1.493491033952046
44,7,2017-03,2018-02,2018-03,2014-02,2015-01,2015-02,98.9,101.2,-2.299999999999997,1.2726692418155625,37,1.2726692418155625,3.3093604249197033,0.8761008521657692,2.8236111540457838,1.8498560031057765
44,8,2017-03,2018-02,2018-03,2014-03,2015-02,2015-03,98.9,99.5,-0.5999999999999943,0.40296600155790174,36,0.40296600155790174,1.8417633452903104,0.277400321905378,1.5714285714287457,0.9244144466670619
44,9,2017-03,2018-02,2018-03,2014-04,2015-03,2015-04,98.9,99.8,-0.8999999999999915,1.36332121612603,35,1.36332121612603,3.171777739296591,0.9385053397847287,2.706222911047616,1.8223641254161724
44,10,2017-03,2018-02,2018-03,2014-05,2015-04,2015-05,98.9,99.8,-0.8999999999999915,1.6406874530385538,34,1.6406874530385538,2.7065992862708805,1.1294432430017618,2.3093235407963295,1.7193833918990458
44,11,2017-03,2018-02,2018-03,2014-06,2015-05,2015-06,98.9,100.0,-1.0999999999999943,1.6754302582730656,33,1.6754302582730656,3.043026992399737,1.1533600630776226,2.5963702512127464,1.8748651571451846
44,12,2017-03,2018-02,2018-03,2014-07,2015-06,2015-07,98.9,100.3,-1.3999999999999915,1.486511415166774,32,1.486511415166774,2.7128167114773154,1.0233090223221493,2.3146283697989793,1.6689686960605643
44,13,2017-03,2018-02,2018-03,2014-08,2015-07,2015-08,98.9,100.5,-1.5999999999999943,1.1617639352537321,31,1.1617639352537321,2.16154822798946,0.7997540446874073,1.8442752988160929,1.32201467175175
44,14,2017-03,2018-02,2018-03,2014-09,2015-08,2015-09,98.9,100.1,-1.1999999999999886,1.2761144466986818,30,1.2761144466986818,1.5824764150284176,0.8784725186088747,1.350199882382724,1.1143362004957993
44,15,2017-03,2018-02,2018-03,2014-10,2015-09,2015-10,98.9,99.7,-0.7999999999999972,1.4699617144200345,29,1.4699617144200345,2.4867486521876687,1.0119162688470809,2.1217426723158415,1.5668294705814612
44,16,2017-03,2018-02,2018-03,2014-11,2015-10,2015-11,98.9,100.0,-1.0999999999999943,1.6809904809450744,28,1.6809904809450744,3.268951191433123,1.1571877000323973,2.7891332043066233,1.9731604521695103
44,17,2017-03,2018-02,2018-03,2014-12,2015-11,2015-12,98.9,100.5,-1.5999999999999943,1.6215770425140246,27,1.6215770425140246,2.7128167114773154,1.1162877062796728,2.3146283697989793,1.715458038039326
44,18,2017-03,2018-02,2018-03,2015-01,2015-12,2016-01,98.9,100.5,-1.5999999999999943,1.2600483463834522,26,1.2600483463834522,1.9834203851282766,0.8674126739024264,1.6922931332708708,1.2798529035866486
44,19,2017-03,2018-02,2018-03,2015-02,2016-01,2016-02,98.9,101.6,-2.6999999999999886,1.2351342044858697,25,1.2351342044858697,1.7101868038689443,0.850261869726227,1.459164888340449,1.1547133790333381
44,20,2017-03,2018-02,2018-03,2015-03,2016-02,2016-03,98.9,99.6,-0.6999999999999886,0.45488221835191955,24,0.45488221835191955,0.9042722371592365,0.3131392556990285,0.7715427899331052,0.5423410228160669
44,21,2017-03,2018-02,2018-03,2015-04,2016-03,2016-04,98.9,99.8,-0.8999999999999915,1.411341000732521,23,1.411341000732521,2.4817290186958756,0.9715619839089688,2.1174598226721697,1.5445109032905693
44,22,2017-03,2018-02,2018-03,2015-05,2016-04,2016-05,98.9,99.5,-0.5999999999999943,1.594932862737421,22,1.594932862737421,2.185086285802253,1.0979459503539621,1.8643584309174834,1.4811521906357228
44,23,2017-03,2018-02,2018-03,2015-06,2016-05,2016-06,98.9,99.9,-1.0,1.6846780638805852,21,1.6846780638805852,2.770793988635549,1.1597262186404405,2.364095718605256,1.7619109686228482
44,24,2017-03,2018-02,2018-03,2015-07,2016-06,2016-07,98.9,100.2,-1.2999999999999972,1.4961803573859427,20,1.4961803573859427,2.296298172231289,1.029965086788413,1.959246591366528,1.4946058390774706
44,25,2017-03,2018-02,2018-03,2015-08,2016-07,2016-08,98.9,100.1,-1.1999999999999886,1.2697923508472857,19,1.2697923508472857,2.0252059705343286,0.8741204109434295,1.7279454134342576,1.3010329121888435
44,26,2017-03,2018-02,2018-03,2015-09,2016-08,2016-09,98.9,100.7,-1.7999999999999972,1.3626013799585874,18,1.3626013799585874,2.613177513902959,0.93800980719936,2.2296142542216617,1.5838120307105108
44,27,2017-03,2018-02,2018-03,2015-10,2016-09,2016-10,98.9,99.9,-1.0,1.3382448782745175,17,1.3382448782745175,1.2593812789543903,0.9212428805069625,1.0745287819589315,0.997885831232947
44,28,2017-03,2018-02,2018-03,2015-11,2016-10,2016-11,98.9,100.1,-1.1999999999999886,1.6379030800322474,16,1.6379030800322474,2.085154487268957,1.1275264908061227,1.7790946624691384,1.4533105766376306
44,29,2017-03,2018-02,2018-03,2015-12,2016-11,2016-12,98.9,100.2,-1.2999999999999972,1.5939465120488154,15,1.5939465120488154,1.7447438262124175,1.0972669501468157,1.4886496168713428,1.2929582835090794
44,30,2017-03,2018-02,2018-03,2016-01,2016-12,2017-01,98.9,101.0,-2.0999999999999943,1.4395946212590667,14,1.4395946212590667,1.8211293921837464,0.9910116729615327,1.553823278362136,1.2724174756618343
44,31,2017-03,2018-02,2018-03,2016-02,2017-01,2017-02,98.9,99.8,-0.8999999999999915,1.263399308672531,13,1.263399308672531,0.3468798202876356,0.8697194640884209,0.2959646590024505,0.5828420615454357
44,32,2017-03,2018-02,2018-03,2016-03,2017-02,2017-03,98.9,99.7,-0.7999999999999972,1.0817844230904612,12,1.0817844230904612,3.8265528503548647,0.7446964409834915,3.264889864654087,2.0047931528187894
45,0,2017-04,2018-03,2018-04,2013-07,2014-06,2014-07,99.8,100.1,-0.29999999999999716,1.5319161827719694,45,1.5319161827719694,1.7343991014384346,1.054565498305298,1.4798232950124715,1.2671943966588848
45,1,2017-04,2018-03,2018-04,2013-08,2014-07,2014-08,99.8,100.2,-0.4000000000000057,1.4221867850565426,44,1.4221867850565426,2.005828988228218,0.979028182176734,1.7114125924821217,1.345220387329428
45,2,2017-04,2018-03,2018-04,2013-09,2014-08,2014-09,99.8,100.5,-0.7000000000000028,1.3421276707879592,43,1.3421276707879592,2.0028637986074793,0.9239157806746104,1.708882634601459,1.3163992076380346
45,3,2017-04,2018-03,2018-04,2013-10,2014-09,2014-10,99.8,100.0,-0.20000000000000284,1.5772341595272747,42,1.5772341595272747,2.436125686871117,1.0857622277847596,2.078550166464154,1.5821561971244567
45,4,2017-04,2018-03,2018-04,2013-11,2014-10,2014-11,99.8,99.8,0.0,1.4285530042484023,41,1.4285530042484023,1.7041014990616363,0.983410664188404,1.4539727870509378,1.2186917256196708
45,5,2017-04,2018-03,2018-04,2013-12,2014-11,2014-12,99.8,100.3,-0.5,1.4064997835443112,40,1.4064997835443112,1.456438506042189,0.9682293076999803,1.242661869005182,1.105445588352581
45,6,2017-04,2018-03,2018-04,2014-01,2014-12,2015-01,99.8,100.3,-0.5,1.565722180644892,39,1.565722180644892,2.1850862858022975,1.0778374236191604,1.8643584309175214,1.4710979272683409
45,7,2017-04,2018-03,2018-04,2014-02,2015-01,2015-02,99.8,101.2,-1.4000000000000057,1.4264536797914629,38,1.4264536797914629,2.7065992862710404,0.9819654969090619,2.309323540796466,1.6456445188527637
45,8,2017-04,2018-03,2018-04,2014-03,2015-02,2015-03,99.8,99.5,0.29999999999999716,1.6505531635084056,37,1.6505531635084056,3.5295741344799625,1.136234762012253,3.011501805636939,2.073868283824596
45,9,2017-04,2018-03,2018-04,2014-04,2015-03,2015-04,99.8,99.8,0.0,0.48191281744183095,36,0.48191281744183095,1.0406394608633014,0.3317470212669612,0.8878939770076882,0.6098204991373247
45,10,2017-04,2018-03,2018-04,2014-05,2015-04,2015-05,99.8,99.8,0.0,1.3117388823488838,35,1.3117388823488838,1.4074956560786414,0.9029962498389483,1.2009028704907743,1.0519495601648612
45,11,2017-04,2018-03,2018-04,2014-06,2015-05,2015-06,99.8,100.0,-0.20000000000000284,1.482366032820971,34,1.482366032820971,1.603045302507086,1.020455356274143,1.3677496601807981,1.1941025082274705
45,12,2017-04,2018-03,2018-04,2014-07,2015-06,2015-07,99.8,100.3,-0.5,1.6050249409159905,33,1.6050249409159905,1.8001021524095795,1.1048933000673526,1.535882425405156,1.3203878627362542
45,13,2017-04,2018-03,2018-04,2014-08,2015-07,2015-08,99.8,100.5,-0.7000000000000028,1.527057077874092,32,1.527057077874092,2.1527733221124388,1.0512205082623862,1.8367883771971942,1.4440044427297902
45,14,2017-04,2018-03,2018-04,2014-09,2015-08,2015-09,99.8,100.1,-0.29999999999999716,1.3548753607110224,31,1.3548753607110224,2.436125686871078,0.9326912438018627,2.07855016646412,1.5056207051329915
45,15,2017-04,2018-03,2018-04,2014-10,2015-09,2015-10,99.8,99.7,0.09999999999999432,1.2384167096568375,30,1.2384167096568375,1.8907164805994177,0.852521534282448,1.6131963456015035,1.2328589399419758
45,16,2017-04,2018-03,2018-04,2014-11,2015-10,2015-11,99.8,100.0,-0.20000000000000284,1.3280533049937917,29,1.3280533049937917,1.57666932347104,0.9142270387290815,1.3452451580890186,1.12973609840905
45,17,2017-04,2018-03,2018-04,2014-12,2015-11,2015-12,99.8,100.5,-0.7000000000000028,1.623940146475781,28,1.623940146475781,1.8001021524095795,1.1179144584055416,1.535882425405156,1.3268984419053487
45,18,2017-04,2018-03,2018-04,2015-01,2015-12,2016-01,99.8,100.5,-0.7000000000000028,1.6573684540700138,27,1.6573684540700138,2.4533262771662194,1.1409263831126926,2.093226047110971,1.6170762151118319
45,19,2017-04,2018-03,2018-04,2015-02,2016-01,2016-02,99.8,101.6,-1.7999999999999972,1.4018088043118355,26,1.4018088043118355,2.4303651047183608,0.9650000547503286,2.073635124905719,1.5193175898280238
45,20,2017-04,2018-03,2018-04,2015-03,2016-02,2016-03,99.8,99.6,0.20000000000000284,1.5810381640549032,25,1.5810381640549032,4.155564919106842,1.0883808905910857,3.545609407967748,2.3169951492794167
45,21,2017-04,2018-03,2018-04,2015-04,2016-03,2016-04,99.8,99.8,0.0,0.602606252463541,24,0.602606252463541,1.35329964313507,0.41483194058385164,1.1546617703978488,0.7847468554908502
45,22,2017-04,2018-03,2018-04,2015-05,2016-04,2016-05,99.8,99.5,0.29999999999999716,1.3410613859420533,23,1.3410613859420533,1.6030453025067877,0.9231817540858818,1.3677496601805434,1.1454657071332126
45,23,2017-04,2018-03,2018-04,2015-06,2016-05,2016-06,99.8,99.9,-0.10000000000000853,1.4085374094922054,22,1.4085374094922054,0.9709590040279946,0.969632001951315,0.8284412460033427,0.8990366239773289
45,24,2017-04,2018-03,2018-04,2015-07,2016-06,2016-07,99.8,100.2,-0.4000000000000057,1.572548736533937,21,1.572548736533937,1.5281781843293187,1.0825367997298123,1.3038715680980546,1.1932041839139336
45,25,2017-04,2018-03,2018-04,2015-08,2016-07,2016-08,99.8,100.1,-0.29999999999999716,1.4726919246722434,20,1.4726919246722434,1.9746716475836708,1.0137957356008618,1.684828538985899,1.3493121372933805
45,26,2017-04,2018-03,2018-04,2015-09,2016-08,2016-09,99.8,100.7,-0.9000000000000057,1.251853960589299,19,1.251853960589299,1.9419180080563831,0.8617716886869818,1.6568824920070213,1.2593270903470015
45,27,2017-04,2018-03,2018-04,2015-10,2016-09,2016-10,99.8,99.9,-0.10000000000000853,1.5209464092353708,18,1.5209464092353708,2.754590758627321,1.047013946316999,2.3502708052962404,1.6986423758066196
45,28,2017-04,2018-03,2018-04,2015-11,2016-10,2016-11,99.8,100.1,-0.29999999999999716,1.3285608287444977,17,1.3285608287444977,1.6600710415722328,0.9145764162231533,1.416405138042796,1.1654907771329746
45,29,2017-04,2018-03,2018-04,2015-12,2016-11,2016-12,99.8,100.2,-0.4000000000000057,1.5810894151748986,16,1.5810894151748986,2.005828988228218,1.0884161716746754,1.7114125924821217,1.3999143820783986
45,30,2017-04,2018-03,2018-04,2016-01,2016-12,2017-01,99.8,101.0,-1.2000000000000028,1.5269092631909955,15,1.5269092631909955,2.0028637986075273,1.0511187531750716,1.7088826346015,1.3800006938882858
45,31,2017-04,2018-03,2018-04,2016-02,2017-01,2017-02,99.8,99.8,0.0,1.5929485587573302,14,1.5929485587573302,3.398356514098395,1.0965799627502755,2.8995443610120524,1.998062161881164
45,32,2017-04,2018-03,2018-04,2016-03,2017-02,2017-03,99.8,99.7,0.09999999999999432,0.8241943947224772,13,0.8241943947224772,2.293687197926789,0.567372407410831,1.957018856933736,1.2621956321722834
45,33,2017-04,2018-03,2018-04,2016-04,2017-03,2017-04,99.8,100.1,-0.29999999999999716,1.0805283370411278,12,1.0805283370411278,2.0688283243428494,0.7438317559403891,1.7651648603859926,1.2544983081631909
46,0,2017-05,2018-04,2018-05,2013-07,2014-06,2014-07,99.8,100.1,-0.29999999999999716,1.6397793417192503,46,1.6397793417192503,1.348049489988998,1.128818102490337,1.1501822368686303,1.1395001696794838
46,1,2017-05,2018-04,2018-05,2013-08,2014-07,2014-08,99.8,100.2,-0.4000000000000057,1.5226663104594333,45,1.5226663104594333,1.4148572390543024,1.0481979200303044,1.207183917319336,1.12769091867482
46,2,2017-05,2018-04,2018-05,2013-09,2014-08,2014-09,99.8,100.5,-0.7000000000000028,1.4195647264759743,44,1.4195647264759743,1.034414162171431,0.9772231666382212,0.8825824301930016,0.9299027984156114
46,3,2017-05,2018-04,2018-05,2013-10,2014-09,2014-10,99.8,100.0,-0.20000000000000284,1.3640931208034102,43,1.3640931208034102,1.1147689016567546,0.9390367161419343,0.951142668292999,0.9450896922174666
46,4,2017-05,2018-04,2018-05,2013-11,2014-10,2014-11,99.8,99.8,0.0,1.5611551186167643,42,1.5611551186167643,0.3468798202877734,1.0746934748198411,0.29596465900256813,0.6853290669112047
46,5,2017-05,2018-04,2018-05,2013-12,2014-11,2014-12,99.8,100.3,-0.5,1.3980586040739076,41,1.3980586040739076,2.855239780330955e-13,0.9624184306202807,2.4361465226058997e-13,0.4812092153102621
46,6,2017-05,2018-04,2018-05,2014-01,2014-12,2015-01,99.8,100.3,-0.5,1.42081221545624,40,1.42081221545624,0.7594890952244905,0.9780819334904153,0.6480109765330395,0.8130464550117273
46,7,2017-05,2018-04,2018-05,2014-02,2015-01,2015-02,99.8,101.2,-1.4000000000000057,1.6154620252027327,39,1.6154620252027327,1.396596171334744,1.11207815072399,1.191603216556293,1.1518406836401416
46,8,2017-05,2018-04,2018-05,2014-03,2015-02,2015-03,99.8,99.5,0.29999999999999716,1.514479664757476,38,1.514479664757476,2.126569466628582,1.0425622630660236,1.814430734292518,1.4284964986792708
46,9,2017-05,2018-04,2018-05,2014-04,2015-03,2015-04,99.8,99.8,0.0,1.6030837390678834,37,1.6030837390678834,0.45569345713468995,1.1035569838137076,0.38880658591982004,0.7461817848667638
46,10,2017-05,2018-04,2018-05,2014-05,2015-04,2015-05,99.8,99.8,0.0,0.39572777748353566,36,0.39572777748353566,0.16743303139013205,0.27241755492134023,0.1428571428572473,0.20763734888929375
46,11,2017-05,2018-04,2018-05,2014-06,2015-05,2015-06,99.8,100.0,-0.20000000000000284,1.2841790170333642,35,1.2841790170333642,0.33486606277997855,0.8840241393367291,0.28571428571425095,0.58486921252549
46,12,2017-05,2018-04,2018-05,2014-07,2015-06,2015-07,99.8,100.3,-0.5,1.4737299165655926,34,1.4737299165655926,0.3468798202876356,1.014510285424512,0.2959646590024505,0.6552374722134813
46,13,2017-05,2018-04,2018-05,2014-08,2015-07,2015-08,99.8,100.5,-0.7000000000000028,1.614454771370019,33,1.614454771370019,0.777725855147756,1.1113847608688783,0.6635709374080286,0.8874778491384534
46,14,2017-05,2018-04,2018-05,2014-09,2015-08,2015-09,99.8,100.1,-0.29999999999999716,1.5499776350039371,32,1.5499776350039371,1.2566286420843207,1.066998935974621,1.0721801782496347,1.0695895571121279
46,15,2017-05,2018-04,2018-05,2014-10,2015-09,2015-10,99.8,99.7,0.09999999999999432,1.3450966375277222,31,1.3450966375277222,0.45569345713468995,0.9259596065213382,0.38880658591982004,0.6573830962205791
46,16,2017-05,2018-04,2018-05,2014-11,2015-10,2015-11,99.8,100.0,-0.20000000000000284,1.2075119570808177,30,1.2075119570808177,0.5247640683530274,0.8312468156216924,0.44773898469520856,0.6394929001584505
46,17,2017-05,2018-04,2018-05,2014-12,2015-11,2015-12,99.8,100.5,-0.7000000000000028,1.3207764259663037,29,1.3207764259663037,0.3468798202876356,0.9092176618166682,0.2959646590024505,0.6025911604095593
46,18,2017-05,2018-04,2018-05,2015-01,2015-12,2016-01,99.8,100.5,-0.7000000000000028,1.642084136448132,28,1.642084136448132,1.0763866610562967,1.1304047147535201,0.918394188598663,1.0243994516760915
46,19,2017-05,2018-04,2018-05,2015-02,2016-01,2016-02,99.8,101.6,-1.7999999999999972,1.6727782100949995,27,1.6727782100949995,1.1759586744880295,1.1515344028098584,1.0033509813491712,1.0774426920795148
46,20,2017-05,2018-04,2018-05,2015-03,2016-02,2016-03,99.8,99.6,0.20000000000000284,1.4944822411006944,26,1.4944822411006944,2.9747759827481506,1.0287961097473237,2.5381371525523666,1.783466631149845
46,21,2017-05,2018-04,2018-05,2015-04,2016-03,2016-04,99.8,99.8,0.0,1.5479327720547305,25,1.5479327720547305,1.3734832615473047,1.065591259798047,1.1718828290799574,1.1187370444390021
46,22,2017-05,2018-04,2018-05,2015-05,2016-04,2016-05,99.8,99.5,0.29999999999999716,0.5653258284911147,24,0.5653258284911147,1.3394642511201997,0.3891682330483809,1.1428571428572474,0.7660126879528142
46,23,2017-05,2018-04,2018-05,2015-06,2016-05,2016-06,99.8,99.9,-0.10000000000000853,1.29812459966745,23,1.29812459966745,0.9531537267863106,0.8936242274257923,0.8132494346062156,0.8534368310160039
46,24,2017-05,2018-04,2018-05,2015-07,2016-06,2016-07,99.8,100.2,-0.4000000000000057,1.3912273245921611,22,1.3912273245921611,0.6867416307739331,0.9577158028056862,0.5859414145402183,0.7718286086729522
46,25,2017-05,2018-04,2018-05,2015-08,2016-07,2016-08,99.8,100.1,-0.29999999999999716,1.5714993076911778,21,1.5714993076911778,0.7883346617357101,1.081814376752011,0.6726225790446715,0.8772184778983412
46,26,2017-05,2018-04,2018-05,2015-09,2016-08,2016-09,99.8,100.7,-0.9000000000000057,1.4666188330450423,20,1.4666188330450423,0.4854795020140958,1.0096150415327931,0.41422062300175533,0.7119178322672742
46,27,2017-05,2018-04,2018-05,2015-10,2016-09,2016-10,99.8,99.9,-0.10000000000000853,1.3035093116322019,19,1.3035093116322019,1.6030453025071045,0.8973310434514993,1.3677496601808137,1.1325403518161565
46,28,2017-05,2018-04,2018-05,2015-11,2016-10,2016-11,99.8,100.1,-0.29999999999999716,1.507026652127761,18,1.507026652127761,1.1818333755031714,1.0374316364259228,1.008363391356897,1.0228975138914098
46,29,2017-05,2018-04,2018-05,2015-12,2016-11,2016-12,99.8,100.2,-0.4000000000000057,1.32454747072864,17,1.32454747072864,1.4148572390543024,0.9118136352410945,1.207183917319336,1.0594987762802153
46,30,2017-05,2018-04,2018-05,2016-01,2016-12,2017-01,99.8,101.0,-1.2000000000000028,1.5786536072343604,16,1.5786536072343604,1.034414162171662,1.0867393703956774,0.8825824301931988,0.9846609002944381
46,31,2017-05,2018-04,2018-05,2016-02,2017-01,2017-02,99.8,99.8,0.0,1.563567990833759,15,1.563567990833759,2.4750528135884196,1.0763544872306232,2.1117635536692045,1.5940590204499139
46,32,2017-05,2018-04,2018-05,2016-03,2017-02,2017-03,99.8,99.7,0.09999999999999432,1.613511079256814,14,1.613511079256814,1.3394642511199142,1.1107351266690437,1.1428571428570038,1.1267961347630238
46,33,2017-05,2018-04,2018-05,2016-04,2017-03,2017-04,99.8,100.1,-0.29999999999999716,0.7695647607385422,13,0.7695647607385422,1.1818333755026023,0.5297655671460721,1.0083633913564114,0.7690644792512418
46,34,2017-05,2018-04,2018-05,2016-05,2017-04,2017-05,99.8,99.9,-0.10000000000000853,1.085402619684994,12,1.085402619684994,0.810060273610576,0.7471871942881376,0.6911592967610046,0.7191732455245712
47,0,2017-06,2018-05,2018-06,2013-07,2014-06,2014-07,99.9,100.1,-0.19999999999998863,1.3005433802292683,47,1.3005433802292683,1.514533712885508,0.8952893071195452,1.2922298377293422,1.0937595724244438
47,1,2017-06,2018-05,2018-06,2013-08,2014-07,2014-08,99.9,100.2,-0.29999999999999716,1.6358338217866624,46,1.6358338217866624,1.5742922050596349,1.1261020209967307,1.3432169540860974,1.234659487541414
47,2,2017-06,2018-05,2018-06,2013-09,2014-08,2014-09,99.9,100.5,-0.5999999999999943,1.5075220538570013,45,1.5075220538570013,1.1740462848224669,1.0377726691647455,1.0017192930175216,1.0197459810911336
47,3,2017-06,2018-05,2018-06,2013-10,2014-09,2014-10,99.9,100.0,-0.09999999999999432,1.4098981185028876,44,1.4098981185028876,1.1759586744877857,0.9705687090584245,1.0033509813489634,0.986959845203694
47,4,2017-06,2018-05,2018-06,2013-11,2014-10,2014-11,99.9,99.8,0.10000000000000853,1.3536339241265885,43,1.3536339241265885,0.45213611857951985,0.9318366433968268,0.3857713949664686,0.6588040191816478
47,5,2017-06,2018-05,2018-06,2013-12,2014-11,2014-12,99.9,100.3,-0.3999999999999915,1.5432827220236458,42,1.5432827220236458,0.16743303139013205,1.062390182360963,0.1428571428572473,0.6026236626091052
47,6,2017-06,2018-05,2018-06,2014-01,2014-12,2015-01,99.9,100.3,-0.3999999999999915,1.402921904452256,41,1.402921904452256,0.777725855147756,0.9657663088166067,0.6635709374080286,0.8146686231123177
47,7,2017-06,2018-05,2018-06,2014-02,2015-01,2015-02,99.9,101.2,-1.2999999999999972,1.3702115066492475,40,1.3702115066492475,1.259381278954618,0.9432485905844801,1.0745287819591258,1.008888686271803
47,8,2017-06,2018-05,2018-06,2014-03,2015-02,2015-03,99.9,99.5,0.4000000000000057,1.621555605057945,39,1.621555605057945,2.133150607996858,1.1162729488133,1.8200458930506538,1.4681594209319768
47,9,2017-06,2018-05,2018-06,2014-04,2015-03,2015-04,99.9,99.8,0.10000000000000853,1.498122767095854,38,1.498122767095854,0.4854795020139973,1.0313022345297072,0.41422062300167134,0.7227614287656893
47,10,2017-06,2018-05,2018-06,2014-05,2015-04,2015-05,99.9,99.8,0.10000000000000853,1.6024304901775437,37,1.6024304901775437,0.33486606277997855,1.1031072896663998,0.28571428571425095,0.6944107876903254
47,11,2017-06,2018-05,2018-06,2014-06,2015-05,2015-06,99.9,100.0,-0.09999999999999432,0.3786268654483111,36,0.3786268654483111,0.16743303139013205,0.26064534961094954,0.1428571428572473,0.2017512462340984
47,12,2017-06,2018-05,2018-06,2014-07,2015-06,2015-07,99.9,100.3,-0.3999999999999915,1.2873111448278471,35,1.2873111448278471,0.3037956380898005,0.8861802846568784,0.2592043906132195,0.5726923376350489
47,13,2017-06,2018-05,2018-06,2014-08,2015-07,2015-08,99.9,100.5,-0.5999999999999943,1.4884403871353653,34,1.4884403871353653,0.8300355207860014,1.024636919571458,0.7082025690212999,0.8664197442963789
47,14,2017-06,2018-05,2018-06,2014-09,2015-08,2015-09,99.9,100.1,-0.19999999999998863,1.6308619886700126,33,1.6308619886700126,1.3532996431354403,1.1226794292602407,1.1546617703981648,1.1386705998292026
47,15,2017-06,2018-05,2018-06,2014-10,2015-09,2015-10,99.9,99.7,0.20000000000000284,1.529390067036855,32,1.529390067036855,0.4854795020139973,1.0528265294707517,0.41422062300167134,0.7335235762362116
47,16,2017-06,2018-05,2018-06,2014-11,2015-10,2015-11,99.9,100.0,-0.09999999999999432,1.3186856867136996,31,1.3186856867136996,0.3677067138799053,0.907778404560596,0.313734572671701,0.6107564886161485
47,17,2017-06,2018-05,2018-06,2014-12,2015-11,2015-12,99.9,100.5,-0.5999999999999943,1.2152131745253625,30,1.2152131745253625,0.3037956380898005,0.8365483055486859,0.2592043906132195,0.5478763480809526
47,18,2017-06,2018-05,2018-06,2015-01,2015-12,2016-01,99.9,100.5,-0.5999999999999943,1.3456580515096734,29,1.3456580515096734,1.1147689016569262,0.9263460818535334,0.9511426682931454,0.9387443750733394
47,19,2017-06,2018-05,2018-06,2015-02,2016-01,2016-02,99.9,101.6,-1.6999999999999886,1.652963471108833,28,1.652963471108833,1.2566286420843207,1.1378940089503684,1.0721801782496347,1.1050370936000016
47,20,2017-06,2018-05,2018-06,2015-03,2016-02,2016-03,99.9,99.6,0.30000000000001137,1.6745835189908682,27,1.6745835189908682,3.0446345343146697,1.1527771708521164,2.5977418374707497,1.875259504161433
47,21,2017-06,2018-05,2018-06,2015-04,2016-03,2016-04,99.9,99.8,0.10000000000000853,1.4880535184226122,26,1.4880535184226122,1.5372154077284323,1.0243706005643012,1.3115823041663268,1.167976452365314
47,22,2017-06,2018-05,2018-06,2015-05,2016-04,2016-05,99.9,99.5,0.4000000000000057,1.5391809056260206,25,1.5391809056260206,1.5068972825100462,1.0595665069523703,1.285714285714251,1.1726403963333105
47,23,2017-06,2018-05,2018-06,2015-06,2016-05,2016-06,99.9,99.9,0.0,0.5761149691569559,24,0.5761149691569559,1.1031201416397247,0.39659543802898944,0.9412037180151107,0.6688995780220501
47,24,2017-06,2018-05,2018-06,2015-07,2016-06,2016-07,99.9,100.2,-0.29999999999999716,1.288939277363678,23,1.288939277363678,0.8508339717253113,0.8873010851407852,0.725948214861775,0.8066246500012801
47,25,2017-06,2018-05,2018-06,2015-08,2016-07,2016-08,99.9,100.1,-0.19999999999998863,1.3874569918089572,22,1.3874569918089572,0.9042722371592512,0.955120319505091,0.7715427899331178,0.8633315547191044
47,26,2017-06,2018-05,2018-06,2015-09,2016-08,2016-09,99.9,100.7,-0.7999999999999972,1.555316114787642,21,1.555316114787642,0.45569345713468995,1.0706739259359572,0.38880658591982004,0.7297402559278886
47,27,2017-06,2018-05,2018-06,2015-10,2016-09,2016-10,99.9,99.9,0.0,1.500023837114313,20,1.500023837114313,1.69650412964272,1.0326109241785768,1.4474905626092833,1.24005074339393
47,28,2017-06,2018-05,2018-06,2015-11,2016-10,2016-11,99.9,100.1,-0.19999999999998863,1.3058355460292728,19,1.3058355460292728,1.348049489988998,0.8989324147038632,1.1501822368686303,1.0245573257862468
47,29,2017-06,2018-05,2018-06,2015-12,2016-11,2016-12,99.9,100.2,-0.29999999999999716,1.5091635879715726,18,1.5091635879715726,1.5742922050596349,1.0389026952464504,1.3432169540860974,1.191059824666274
47,30,2017-06,2018-05,2018-06,2016-01,2016-12,2017-01,99.9,101.0,-1.0999999999999943,1.3093055420514745,17,1.3093055420514745,1.1740462848227111,0.9013211472764567,1.00171929301773,0.9515202201470934
47,31,2017-06,2018-05,2018-06,2016-02,2017-01,2017-02,99.9,99.8,0.10000000000000853,1.5992674743803075,16,1.5992674743803075,2.591253876033933,1.1009298811581065,2.210908576847235,1.655919229002671
47,32,2017-06,2018-05,2018-06,2016-03,2017-02,2017-03,99.9,99.7,0.20000000000000284,1.511784637056918,15,1.511784637056918,1.1720312197300675,1.0407070158521432,1.0,1.0203535079260715
47,33,2017-06,2018-05,2018-06,2016-04,2017-03,2017-04,99.9,100.1,-0.19999999999998863,1.6125644068832667,14,1.6125644068832667,1.0160169621844288,1.1100834408688878,0.866885578712169,0.9884845097905284
47,34,2017-06,2018-05,2018-06,2016-05,2017-04,2017-05,99.9,99.9,0.0,0.7925838537082035,13,0.7925838537082035,0.6782041778691666,0.5456118265701102,0.5786570924496064,0.5621344595098583
47,35,2017-06,2018-05,2018-06,2016-06,2017-05,2017-06,99.9,99.8,0.10000000000000853,1.0778138097812977,12,1.0778138097812977,0.2260680592898729,0.7419630853012121,0.1928856974833307,0.46742439139227143
48,0,2017-07,2018-06,2018-07,2013-07,2014-06,2014-07,100.3,100.1,0.20000000000000284,0.6146604324646603,48,0.6146604324646603,1.3394642511199142,0.4231299940168666,1.1428571428570038,0.7829935684369351
48,1,2017-07,2018-06,2018-07,2013-08,2014-07,2014-08,100.3,100.2,0.09999999999999432,1.3024215334724454,47,1.3024215334724454,1.3734832615472998,0.8965822209441128,1.1718828290799532,1.034232525012033
48,2,2017-07,2018-06,2018-07,2013-09,2014-08,2014-09,100.3,100.5,-0.20000000000000284,1.61917402364527,46,1.61917402364527,0.9531537267860598,1.1146334768777877,0.8132494346060015,0.9639414557418946
48,3,2017-07,2018-06,2018-07,2013-10,2014-09,2014-10,100.3,100.0,0.29999999999999716,1.4793231566152312,45,1.4793231566152312,0.9709590040279946,1.018360651421309,0.8284412460033427,0.9234009487123258
48,4,2017-07,2018-06,2018-07,2013-11,2014-10,2014-11,100.3,99.8,0.5,1.4045797916217095,44,1.4045797916217095,0.2260680592896469,0.9669075922814926,0.19288569748313789,0.5798966448823153
48,5,2017-07,2018-06,2018-07,2013-12,2014-11,2014-12,100.3,100.3,0.0,1.3543656502183843,43,1.3543656502183843,0.15189781904491104,0.9323403609626413,0.12960219530661896,0.5309712781346301
48,6,2017-07,2018-06,2018-07,2014-01,2014-12,2015-01,100.3,100.3,0.0,1.5399592699142841,42,1.5399592699142841,0.6075912761795794,1.0601023300820864,0.5184087812264205,0.7892555556542535
48,7,2017-07,2018-06,2018-07,2014-02,2015-01,2015-02,100.3,101.2,-0.9000000000000057,1.301975891698437,41,1.301975891698437,1.320160724651415,0.8962754427765094,1.1263869958647206,1.011331219320615
48,8,2017-07,2018-06,2018-07,2014-03,2015-02,2015-03,100.3,99.5,0.7999999999999972,1.4150931234104056,40,1.4150931234104056,1.9746716475836708,0.974144931439653,1.684828538985899,1.329486735212776
48,9,2017-07,2018-06,2018-07,2014-04,2015-03,2015-04,100.3,99.8,0.5,1.6376391943947546,39,1.6376391943947546,0.607591276179601,1.1273448328982503,0.518408781226439,0.8228768070623447
48,10,2017-07,2018-06,2018-07,2014-05,2015-04,2015-05,100.3,99.8,0.5,1.5171484435405747,38,1.5171484435405747,0.2260680592896614,1.0443994406211117,0.19288569748315024,0.618642569052131
48,11,2017-07,2018-06,2018-07,2014-06,2015-05,2015-06,100.3,100.0,0.29999999999999716,1.5839915616228324,37,1.5839915616228324,0.36770671388017423,1.0904139986768566,0.3137345726719305,0.7020742856743936
48,12,2017-07,2018-06,2018-07,2014-07,2015-06,2015-07,100.3,100.3,0.0,0.3829969343080094,36,0.3829969343080094,0.2260680592898584,0.2636536890334871,0.19288569748331832,0.22826969325840274
48,13,2017-07,2018-06,2018-07,2014-08,2015-07,2015-08,100.3,100.5,-0.20000000000000284,1.301174411608209,35,1.301174411608209,0.6302388268663139,0.8957237068132508,0.5377321152003658,0.7167279110068083
48,14,2017-07,2018-06,2018-07,2014-09,2015-08,2015-09,100.3,100.1,0.20000000000000284,1.5026126579748191,34,1.5026126579748191,1.1310027530950224,1.0343930589921426,0.9649937084060829,0.9996933836991128
48,15,2017-07,2018-06,2018-07,2014-10,2015-09,2015-10,100.3,99.7,0.5999999999999943,1.609187011398636,33,1.609187011398636,0.3037956380897789,1.107758454167736,0.25920439061320105,0.6834814223904686
48,16,2017-07,2018-06,2018-07,2014-11,2015-10,2015-11,100.3,100.0,0.29999999999999716,1.512898579942117,32,1.512898579942117,0.5870231424113556,1.0414738500608454,0.500859646508865,0.7711667482848552
48,17,2017-07,2018-06,2018-07,2014-12,2015-11,2015-12,100.3,100.5,-0.20000000000000284,1.337257969068056,31,1.337257969068056,0.2260680592898584,0.9205634958181664,0.19288569748331832,0.5567245966507424
48,18,2017-07,2018-06,2018-07,2015-01,2015-12,2016-01,100.3,100.5,-0.20000000000000284,1.2270283969606042,30,1.2270283969606042,0.9266390491998739,0.8446818614671714,0.7906265921937555,0.8176542268304634
48,19,2017-07,2018-06,2018-07,2015-02,2016-01,2016-02,100.3,101.6,-1.2999999999999972,1.354539637832993,29,1.354539637832993,1.0406394608631635,0.9324601334002995,0.8878939770075706,0.910177055203935
48,20,2017-07,2018-06,2018-07,2015-03,2016-02,2016-03,100.3,99.6,0.7000000000000028,1.6174256728474077,28,1.6174256728474077,2.83579600596792,1.1134299185819128,2.419556713362155,1.766493315972034
48,21,2017-07,2018-06,2018-07,2015-04,2016-03,2016-04,100.3,99.8,0.5,1.6977083146145686,27,1.6977083146145686,1.4148572390537686,1.1686961955966613,1.2071839173188805,1.187940056457771
48,22,2017-07,2018-06,2018-07,2015-05,2016-04,2016-05,100.3,99.5,0.7999999999999972,1.4966823647960663,26,1.4966823647960663,1.3480494899887145,1.0303106668538,1.1501822368683883,1.0902464518610941
48,23,2017-07,2018-06,2018-07,2015-06,2016-05,2016-06,100.3,99.9,0.3999999999999915,1.5289775484442076,25,1.5289775484442076,1.0344141621712,1.0525425531800723,0.8825824301928046,0.9675624916864385
48,24,2017-07,2018-06,2018-07,2015-07,2016-06,2016-07,100.3,100.2,0.09999999999999432,0.5703041720641003,24,0.5703041720641003,0.6697321255599571,0.392595306559205,0.5714285714285019,0.4820119389938534
48,25,2017-07,2018-06,2018-07,2015-08,2016-07,2016-08,100.3,100.1,0.20000000000000284,1.2793983844452221,23,1.2793983844452221,0.6782041778693781,0.8807331693448812,0.5786570924497869,0.7296951308973341
48,26,2017-07,2018-06,2018-07,2015-09,2016-08,2016-09,100.3,100.7,-0.4000000000000057,1.3597901303354154,22,1.3597901303354154,0.3468798202878923,0.936074553238953,0.29596465900266955,0.6160196061208113
48,27,2017-07,2018-06,2018-07,2015-10,2016-09,2016-10,100.3,99.9,0.3999999999999915,1.5763008871009798,21,1.5763008871009798,1.4756402459845825,1.085119766459291,1.259045169739113,1.1720824680992021
48,28,2017-07,2018-06,2018-07,2015-11,2016-10,2016-11,100.3,100.1,0.20000000000000284,1.5201794386094363,20,1.5201794386094363,1.1720312197300675,1.0464859665427657,1.0,1.0232429832713827
48,29,2017-07,2018-06,2018-07,2015-12,2016-11,2016-12,100.3,100.2,0.09999999999999432,1.3137240525285172,19,1.3137240525285172,1.3734832615472998,0.9043628337312327,1.1718828290799532,1.038122831405593
48,30,2017-07,2018-06,2018-07,2016-01,2016-12,2017-01,100.3,101.0,-0.7000000000000028,1.4919144481611872,18,1.4919144481611872,0.9531537267863106,1.0270284504776788,0.8132494346062156,0.9201389425419472
48,31,2017-07,2018-06,2018-07,2016-02,2017-01,2017-02,100.3,99.8,0.5,1.3332770038593051,17,1.3332770038593051,2.3654193368507053,0.9178230139260659,2.0182221232941977,1.4680225686101318
48,32,2017-07,2018-06,2018-07,2016-03,2017-02,2017-03,100.3,99.7,0.5999999999999943,1.5390305980318884,16,1.5390305980318884,1.348049489988998,1.0594630357542147,1.1501822368686303,1.1048226363114226
48,33,2017-07,2018-06,2018-07,2016-04,2017-03,2017-04,100.3,100.1,0.20000000000000284,1.5323429836496305,15,1.5323429836496305,1.2107637960165225,1.0548593064687535,1.0330473929656716,1.0439533497172127
48,34,2017-07,2018-06,2018-07,2016-05,2017-04,2017-05,100.3,99.9,0.3999999999999915,1.6417840363221783,14,1.6417840363221783,0.7354134277598106,1.1301981269242205,0.627469145343402,0.8788336361338113
48,35,2017-07,2018-06,2018-07,2016-06,2017-05,2017-06,100.3,99.8,0.5,0.7802738122952594,13,0.7802738122952594,0.0,0.5371376390768298,0.0,0.2685688195384149
48,36,2017-07,2018-06,2018-07,2016-07,2017-06,2017-07,100.3,100.1,0.20000000000000284,1.0815241775907827,12,1.0815241775907827,0.2260680592898729,0.7445172889331793,0.1928856974833307,0.468701493208255
49,0,2017-08,2018-07,2018-08,2013-07,2014-06,2014-07,100.7,100.1,0.6000000000000085,1.146067548448177,49,1.146067548448177,1.1740462848227,0.7889487094090497,1.0017192930177206,0.8953340012133851
49,1,2017-08,2018-07,2018-08,2013-08,2014-07,2014-08,100.7,100.2,0.5,0.6309505472544695,48,0.6309505472544695,1.0495281367066076,0.4343440494684388,0.895477969390889,0.6649110094296639
49,2,2017-08,2018-07,2018-08,2013-09,2014-08,2014-09,100.7,100.5,0.20000000000000284,1.2957093191733813,47,1.2957093191733813,0.5247640683533007,0.8919615571658791,0.4477389846954418,0.6698502709306604
49,3,2017-08,2018-07,2018-08,2013-10,2014-09,2014-10,100.7,100.0,0.7000000000000028,1.613716713879191,46,1.613716713879191,0.3037956380898005,1.110876684791123,0.2592043906132195,0.6850405377021712
49,4,2017-08,2018-07,2018-08,2013-11,2014-10,2014-11,100.7,99.8,0.9000000000000057,1.485608495792089,45,1.485608495792089,0.4854795020139973,1.0226874559264139,0.41422062300167134,0.7184540394640426
49,5,2017-08,2018-07,2018-08,2013-12,2014-11,2014-12,100.7,100.3,0.4000000000000057,1.42266312210669,44,1.42266312210669,0.8300355207860014,0.979356090860185,0.7082025690212999,0.8437793299407425
49,6,2017-08,2018-07,2018-08,2014-01,2014-12,2015-01,100.7,100.3,0.4000000000000057,1.344707078876703,43,1.344707078876703,0.33486606277997855,0.9256914357705157,0.28571428571425095,0.6057028607423833
49,7,2017-08,2018-07,2018-08,2014-02,2015-01,2015-02,100.7,101.2,-0.5,1.553648574467261,42,1.553648574467261,1.5068972825100462,1.0695259972772726,1.285714285714251,1.1776201414957619
49,8,2017-08,2018-07,2018-08,2014-03,2015-02,2015-03,100.7,99.5,1.2000000000000028,1.281744927686376,41,1.281744927686376,1.4074956560785945,0.8823485211312463,1.2009028704907343,1.0416256958109904
49,9,2017-08,2018-07,2018-08,2014-04,2015-03,2015-04,100.7,99.8,0.9000000000000057,1.4480064544670332,40,1.4480064544670332,1.2604776537328761,0.9968023481814842,1.0754642304009434,1.0361332892912138
49,10,2017-08,2018-07,2018-08,2014-05,2015-04,2015-05,100.7,99.8,0.9000000000000057,1.6573244515671421,39,1.6573244515671421,0.777725855147756,1.1408960919506241,0.6635709374080286,0.9022335146793263
49,11,2017-08,2018-07,2018-08,2014-06,2015-05,2015-06,100.7,100.0,0.7000000000000028,1.5272362472053764,38,1.5272362472053764,1.0126029852671643,1.0513438477748556,0.8639727067171288,0.9576582772459922
49,12,2017-08,2018-07,2018-08,2014-07,2015-06,2015-07,100.7,100.3,0.4000000000000057,1.5913835714035756,37,1.5913835714035756,0.6782041778691666,1.0955026311788003,0.5786570924496064,0.8370798618142034
49,13,2017-08,2018-07,2018-08,2014-08,2015-07,2015-08,100.7,100.5,0.20000000000000284,0.38223290933911497,36,0.38223290933911497,0.16743303139013205,0.2631277370387886,0.1428571428572473,0.20299243994801797
49,14,2017-08,2018-07,2018-08,2014-09,2015-08,2015-09,100.7,100.1,0.6000000000000085,1.2889456478733385,35,1.2889456478733385,0.45213611857973124,0.8873054705763398,0.385771394966649,0.6365384327714944
49,15,2017-08,2018-07,2018-08,2014-10,2015-09,2015-10,100.7,99.7,1.0,1.50305684196491,34,1.50305684196491,0.45213611857951985,1.0346988336266278,0.3857713949664686,0.7102351142965482
49,16,2017-08,2018-07,2018-08,2014-11,2015-10,2015-11,100.7,100.0,0.7000000000000028,1.6178353006138266,33,1.6178353006138266,1.237526406793912,1.1137119048383877,1.0558817768343483,1.084796840836368
49,17,2017-08,2018-07,2018-08,2014-12,2015-11,2015-12,100.7,100.5,0.20000000000000284,1.5220149574977972,32,1.5220149574977972,0.6782041778691666,1.0477495310333833,0.5786570924496064,0.8132033117414948
49,18,2017-08,2018-07,2018-08,2015-01,2015-12,2016-01,100.7,100.5,0.20000000000000284,1.3220134340783256,31,1.3220134340783256,0.34687982028736,0.9100692136774897,0.29596465900221536,0.6030169363398525
49,19,2017-08,2018-07,2018-08,2015-02,2016-01,2016-02,100.7,101.6,-0.8999999999999915,1.214377712190278,30,1.214377712190278,0.3468798202879112,0.8359731763323345,0.29596465900268565,0.56596891766751
49,20,2017-08,2018-07,2018-08,2015-03,2016-02,2016-03,100.7,99.6,1.1000000000000085,1.3052857198018406,29,1.3052857198018406,2.14480153295872,0.8985539163395048,1.8299866905018902,1.3642703034206975
49,21,2017-08,2018-07,2018-08,2015-04,2016-03,2016-04,100.7,99.8,0.9000000000000057,1.643099977748906,28,1.643099977748906,1.462802770066807,1.131104016190242,1.2480919837644833,1.1895979999773627
49,22,2017-08,2018-07,2018-08,2015-05,2016-04,2016-05,100.7,99.5,1.2000000000000028,1.7108640247691338,27,1.7108640247691338,1.259381278954618,1.1777525383592302,1.0745287819591258,1.126140660159178
49,23,2017-08,2018-07,2018-08,2015-06,2016-05,2016-06,100.7,99.9,0.7999999999999972,1.5164221306548011,26,1.5164221306548011,1.3149041849360301,1.043899449486528,1.1219020131894335,1.0829007313379808
49,24,2017-08,2018-07,2018-08,2015-07,2016-06,2016-07,100.7,100.2,0.5,1.5371787420614689,25,1.5371787420614689,0.693759640575528,1.0581882248760495,0.5919293180051202,0.8250587714405848
49,25,2017-08,2018-07,2018-08,2015-08,2016-07,2016-08,100.7,100.1,0.6000000000000085,0.5659326574910782,24,0.5659326574910782,0.22606805929006984,0.389585971912902,0.19288569748349874,0.29123583469820036
49,26,2017-08,2018-07,2018-08,2015-09,2016-08,2016-09,100.7,100.7,0.0,1.2754420195046379,23,1.2754420195046379,0.5870231424113556,0.8780096221874283,0.500859646508865,0.6894346343481467
49,27,2017-08,2018-07,2018-08,2015-10,2016-09,2016-10,100.7,99.9,0.7999999999999972,1.3447812419249399,22,1.3447812419249399,0.7883346617357101,0.9257424893417223,0.6726225790446715,0.7991825341931968
49,28,2017-08,2018-07,2018-08,2015-11,2016-10,2016-11,100.7,100.1,0.6000000000000085,1.590603210949663,21,1.590603210949663,1.0344141621716494,1.0949654338959511,0.882582430193188,0.9887739320445696
49,29,2017-08,2018-07,2018-08,2015-12,2016-11,2016-12,100.7,100.2,0.5,1.5246046024993483,20,1.5246046024993483,1.0495281367066076,1.0495322331826307,0.895477969390889,0.9725051012867598
49,30,2017-08,2018-07,2018-08,2016-01,2016-12,2017-01,100.7,101.0,-0.29999999999999716,1.309340722953901,19,1.309340722953901,0.5247640683535739,0.9013453656810374,0.4477389846956749,0.6745421751883561
49,31,2017-08,2018-07,2018-08,2016-02,2017-01,2017-02,100.7,99.8,0.9000000000000057,1.4608357855687044,18,1.4608357855687044,1.7101868038693917,1.0056340127975445,1.4591648883408308,1.2323994505691878
49,32,2017-08,2018-07,2018-08,2016-03,2017-02,2017-03,100.7,99.7,1.0,1.2972909989013097,17,1.2972909989013097,1.8385335693995442,0.8930503797066947,1.5686728633585203,1.2308616215326076
49,33,2017-08,2018-07,2018-08,2016-04,2017-03,2017-04,100.7,100.1,0.6000000000000085,1.5606211903208727,16,1.5606211903208727,1.7610694272335667,1.0743259205334197,1.5025789395261686,1.2884524300297941
49,34,2017-08,2018-07,2018-08,2016-05,2017-04,2017-05,100.7,99.9,0.7999999999999972,1.5369757918686544,15,1.5369757918686544,1.049528136706061,1.0580485147054648,0.8954779693904225,0.9767632420479436
49,35,2017-08,2018-07,2018-08,2016-06,2017-05,2017-06,100.7,99.8,0.9000000000000057,1.6781626148957143,14,1.6781626148957143,0.6937596405752523,1.1552410073849655,0.5919293180048849,0.8735851626949251
49,36,2017-08,2018-07,2018-08,2016-07,2017-06,2017-07,100.7,100.1,0.6000000000000085,0.8309872560990784,13,0.8309872560990784,0.9105646960917944,0.5720485883423307,0.7769116391810007,0.6744801137616657
49,37,2017-08,2018-07,2018-08,2016-08,2017-07,2017-08,100.7,100.4,0.29999999999999716,1.0821336990798684,12,1.0821336990798684,0.7354134277598194,0.7449368812973662,0.6274691453434097,0.686203013320388
