split,num_supervised_targets,num_pairs,mae,rmse
train,50,300,0.2912006218262306,0.39169197820407975
val,45,450,0.3856945591723436,0.48028493628881
test,47,470,0.3206152718276911,0.3903432330936015
